code,term
100211000001103,Indometacin 50mg capsules (Accord-UK Ltd) (AMP)
10059911000001106,Tramadol 100mg/2ml solution for injection ampoules (A A H Pharmaceuticals Ltd) (AMP)
10063011000001103,Aspirin 75mg effervescent tablets (IVAX Pharmaceuticals UK Ltd) (AMP)
10063211000001108,Aspirin 75mg effervescent tablets (A A H Pharmaceuticals Ltd) (AMP)
10064711000001104,Aspirin 75mg effervescent tablets (VMP)
10065911000001103,Morphine sulfate 10mg/1ml solution for injection pre-filled syringes (A A H Pharmaceuticals Ltd) (AMP)
10066311000001109,Morphine sulfate 10mg/1ml solution for injection pre-filled syringes (Martindale Pharmaceuticals Ltd) (AMP)
10068111000001106,Solpadeine Plus soluble tablets (Omega Pharma Ltd) (AMP)
10069311000001102,Morphine sulfate 100mg/50ml solution for infusion vials (Martindale Pharmaceuticals Ltd) (AMP)
10069611000001107,Morphine sulfate 50mg/50ml solution for infusion vials (Martindale Pharmaceuticals Ltd) (AMP)
10069811000001106,Morphine sulfate 50mg/50ml solution for infusion vials (Alliance Healthcare (Distribution) Ltd) (AMP)
10072711000001101,Tramadol 100mg/2ml solution for injection ampoules (Martindale Pharmaceuticals Ltd) (AMP)
10075411000001104,Generic Solpadeine Plus soluble tablets sugar free (VMP)
10075511000001100,Morphine sulfate 10mg/1ml solution for injection pre-filled syringes (VMP)
10155811000001108,"Carbostesin-adrenaline 0.25% / 25micrograms/5ml (1 in 200,000) solution for injection ampoules (Imported (Switzerland)) (AMP)"
10156011000001106,"Bupivacaine 50mg/20ml (0.25%) / Adrenaline (base) 100micrograms/20ml (1 in 200,000) solution for injection ampoules (VMP)"
10156211000001101,"Carbostesin-adrenaline 0.25% / 100micrograms/20ml (1 in 200,000) solution for injection ampoules (Imported (Switzerland)) (AMP)"
10157411000001100,"Bupivacaine 25mg/5ml (0.5%) / Adrenaline (base) 25micrograms/5ml (1 in 200,000) solution for injection ampoules (VMP)"
10157611000001102,"Carbostesin-adrenaline 0.5% / 25micrograms/5ml (1 in 200,000) solution for injection ampoules (Imported (Switzerland)) (AMP)"
10157811000001103,"Bupivacaine 100mg/20ml (0.5%) / Adrenaline (base) 100micrograms/20ml (1 in 200,000) solution for injection ampoules (VMP)"
10158011000001105,"Carbostesin-adrenaline 0.5% / 100micrograms/20ml (1 in 200,000) solution for injection ampoules (Imported (Switzerland)) (AMP)"
10168211000001107,Gabapentin 600mg tablets (Alliance Healthcare (Distribution) Ltd) (AMP)
10188011000001100,"Bupivacaine 12.5mg/5ml (0.25%) / Adrenaline (base) 25micrograms/5ml (1 in 200,000) solution for injection ampoules (VMP)"
10189611000001103,Morphine sulfate 100mg/50ml solution for infusion vials (VMP)
10189711000001107,Morphine sulfate 50mg/50ml solution for infusion vials (VMP)
10198211000001109,Meloxicam 7.5mg tablets (IVAX Pharmaceuticals UK Ltd) (AMP)
10198411000001108,Meloxicam 15mg tablets (IVAX Pharmaceuticals UK Ltd) (AMP)
10228111000001105,Mabron 100mg modified-release tablets (Morningside Healthcare Ltd) (AMP)
10228311000001107,Mabron 150mg modified-release tablets (Morningside Healthcare Ltd) (AMP)
10228511000001101,Mabron 200mg modified-release tablets (Morningside Healthcare Ltd) (AMP)
10245111000001102,Ibuprofen lysine 684mg tablets (VMP)
10275111000001101,Paracetamol 500mg capsules (Teva UK Ltd) (AMP)
102811000001101,Medinol Over 6 paracetamol 250mg/5ml oral suspension (SSL International Plc) (AMP)
10287611000001106,Aspirin 300mg gastro-resistant tablets (Advanz Pharma) (AMP)
10290811000001105,Tramadol 50mg capsules (Focus Pharmaceuticals Ltd) (AMP)
10298111000001101,Gabapentin 100mg capsules (Focus Pharmaceuticals Ltd) (AMP)
10298511000001105,Gabapentin 300mg capsules (Focus Pharmaceuticals Ltd) (AMP)
10298811000001108,Gabapentin 400mg capsules (Focus Pharmaceuticals Ltd) (AMP)
10299411000001103,Paracetamol 500mg capsules (Focus Pharmaceuticals Ltd) (AMP)
10301011000001101,Nabumetone 500mg tablets (Focus Pharmaceuticals Ltd) (AMP)
10302411000001100,Meloxicam 15mg tablets (Focus Pharmaceuticals Ltd) (AMP)
10302611000001102,Meloxicam 7.5mg tablets (Focus Pharmaceuticals Ltd) (AMP)
10304311000001100,Meloxicam 7.5mg tablets (Actavis UK Ltd) (AMP)
10304811000001109,Meloxicam 15mg tablets (Actavis UK Ltd) (AMP)
103411000001107,Slo-Indo 75mg capsules (Viatris UK Healthcare Ltd) (AMP)
10351011000001109,Fentanyl 100micrograms/2ml solution for injection ampoules (Alliance Healthcare (Distribution) Ltd) (AMP)
10351211000001104,Fentanyl 500micrograms/10ml solution for injection ampoules (Alliance Healthcare (Distribution) Ltd) (AMP)
10378911000001102,Ibuprofen 200mg tablets (Arrow Generics Ltd) (AMP)
10379111000001107,Ibuprofen 400mg tablets (Arrow Generics Ltd) (AMP)
10379411000001102,Ibuprofen 600mg tablets (Arrow Generics Ltd) (AMP)
10381711000001100,Indometacin 25mg capsules (Arrow Generics Ltd) (AMP)
10389911000001104,Mefenamic acid 250mg capsules (Arrow Generics Ltd) (AMP)
10396611000001103,Naproxen 250mg tablets (Arrow Generics Ltd) (AMP)
10396811000001104,Naproxen 500mg tablets (Arrow Generics Ltd) (AMP)
10398111000001105,Co-codamol 8mg/500mg tablets (Arrow Generics Ltd) (AMP)
10398311000001107,Co-codamol 30mg/500mg tablets (Arrow Generics Ltd) (AMP)
10398511000001101,Co-dydramol 10mg/500mg tablets (Arrow Generics Ltd) (AMP)
10399111000001103,Codeine 15mg tablets (Arrow Generics Ltd) (AMP)
10399311000001101,Codeine 30mg tablets (Arrow Generics Ltd) (AMP)
10399511000001107,Codeine 60mg tablets (Arrow Generics Ltd) (AMP)
10401011000001106,Diclofenac sodium 25mg gastro-resistant tablets (Arrow Generics Ltd) (AMP)
10401211000001101,Diclofenac sodium 50mg gastro-resistant tablets (Arrow Generics Ltd) (AMP)
10401411000001102,Dihydrocodeine 30mg tablets (Arrow Generics Ltd) (AMP)
10403211000001102,Piroxicam 10mg capsules (Arrow Generics Ltd) (AMP)
10403611000001100,Piroxicam 20mg capsules (Arrow Generics Ltd) (AMP)
10414511000001103,Tramadol 50mg capsules (Arrow Generics Ltd) (AMP)
10437111000001108,Paracetamol 500mg capsules (Arrow Generics Ltd) (AMP)
10440011000001105,Meloxicam 7.5mg tablets (Niche Generics Ltd) (AMP)
10440311000001108,Meloxicam 15mg tablets (Niche Generics Ltd) (AMP)
10444611000001105,Tramadol 50mg capsules (Niche Generics Ltd) (AMP)
10450211000001102,Aspirin 75mg gastro-resistant tablets (Arrow Generics Ltd) (AMP)
10450411000001103,Aspirin 300mg gastro-resistant tablets (Arrow Generics Ltd) (AMP)
10462911000001100,Zydol 50mg capsules (Dowelhurst Ltd) (AMP)
10485111000001108,Voltarol Rapid 50mg tablets (Waymade Healthcare Plc) (AMP)
10486111000001102,Voltarol 50mg dispersible tablets (Waymade Healthcare Plc) (AMP)
10494611000001100,Brexidol 20mg tablets (Waymade Healthcare Plc) (AMP)
10498411000001107,Ultramol Soluble tablets (Waymade Healthcare Plc) (AMP)
10498911000001104,Diclofenac 1.16% gel (Dowelhurst Ltd) (AMP)
10500411000001103,Celebrex 100mg capsules (Waymade Healthcare Plc) (AMP)
10501011000001103,Tramadol 200mg modified-release tablets (Waymade Healthcare Plc) (AMP)
10501711000001101,Tramadol 150mg modified-release tablets (Waymade Healthcare Plc) (AMP)
10502111000001107,Tramadol 100mg modified-release tablets (Waymade Healthcare Plc) (AMP)
10505811000001107,Indocid R 75mg capsules (Dowelhurst Ltd) (AMP)
10508011000001109,Subutex 8mg sublingual tablets (Waymade Healthcare Plc) (AMP)
10508311000001107,Subutex 2mg sublingual tablets (Waymade Healthcare Plc) (AMP)
10529711000001106,Diclofenac sodium 100mg modified-release capsules (Waymade Healthcare Plc) (AMP)
10530111000001102,Diclofenac sodium 75mg modified-release capsules (Waymade Healthcare Plc) (AMP)
105411000001106,Amitriptyline 10mg tablets (IVAX Pharmaceuticals UK Ltd) (AMP)
10543411000001100,Lyrica 75mg capsules (Waymade Healthcare Plc) (AMP)
10543611000001102,Lyrica 25mg capsules (Waymade Healthcare Plc) (AMP)
10543811000001103,Lyrica 150mg capsules (Waymade Healthcare Plc) (AMP)
10546611000001108,Kapake 30mg/500mg capsules (Waymade Healthcare Plc) (AMP)
106011000001106,Ketovail 200mg modified-release capsules (Teva UK Ltd) (AMP)
10612711000001100,Dicloflex 25mg gastro-resistant tablets (Teva UK Ltd) (AMP)
10614811000001102,Meloxicam 7.5mg tablets (Genus Pharmaceuticals Ltd) (AMP)
10615011000001107,Meloxicam 15mg tablets (Genus Pharmaceuticals Ltd) (AMP)
10676211000001104,Bupivacaine 25mg/10ml (0.25%) solution for injection ampoules (Mercury Pharma Group Ltd) (AMP)
10676711000001106,Bupivacaine 50mg/10ml (0.5%) solution for injection ampoules (Advanz Pharma) (AMP)
10678011000001108,Morphine sulfate 10mg/1ml solution for injection ampoules (hameln pharma Ltd) (AMP)
10678411000001104,"Bupivacaine 25mg/10ml (0.25%) / Adrenaline (base) 50micrograms/10ml (1 in 200,000) solution for injection ampoules (Advanz Pharma) (AMP)"
10678811000001102,"Bupivacaine 50mg/10ml (0.5%) / Adrenaline (base) 50micrograms/10ml (1 in 200,000) solution for injection ampoules (Advanz Pharma) (AMP)"
10679211000001108,Pethidine 50mg/1ml solution for injection ampoules (Advanz Pharma) (AMP)
10679411000001107,Pethidine 100mg/2ml solution for injection ampoules (Advanz Pharma) (AMP)
106811000001100,Codeine 25mg/5ml oral solution (Alliance Healthcare (Distribution) Ltd) (AMP)
10683611000001101,Fentanyl 100micrograms/2ml solution for injection ampoules (Advanz Pharma) (AMP)
10683811000001102,Fentanyl 500micrograms/10ml solution for injection ampoules (Advanz Pharma) (AMP)
10686011000001100,Dicloflex 25mg gastro-resistant tablets (Almus Pharmaceuticals Ltd) (AMP)
10686211000001105,Dicloflex 50mg gastro-resistant tablets (Almus Pharmaceuticals Ltd) (AMP)
10686411000001109,Dicloflex 75mg SR tablets (Almus Pharmaceuticals Ltd) (AMP)
10686711000001103,Dicloflex Retard 100mg tablets (Almus Pharmaceuticals Ltd) (AMP)
10701211000001107,Meloxicam 15mg tablets (Somex Pharma) (AMP)
10702311000001108,Meloxicam 7.5mg tablets (Somex Pharma) (AMP)
10724711000001109,Fentanyl 25micrograms/hour transdermal patches (Teva UK Ltd) (AMP)
10724911000001106,Fentanyl 50micrograms/hour transdermal patches (Teva UK Ltd) (AMP)
10725111000001107,Fentanyl 75micrograms/hour transdermal patches (Teva UK Ltd) (AMP)
10725311000001109,Fentanyl 100micrograms/hour transdermal patches (Teva UK Ltd) (AMP)
107411000001100,Flamrase 50 EC tablets (Teva UK Ltd) (AMP)
10752411000001106,Anadin LiquiFast 400mg capsules (Pfizer Consumer Healthcare Ltd) (AMP)
10768811000001101,Nurofen Extra Strength 400mg capsules (Reckitt Benckiser Healthcare (UK) Ltd) (AMP)
10770011000001104,Voltarol 1.16% Emulgel (Waymade Healthcare Plc) (AMP)
107711000001106,Medinol Paediatric paracetamol 120mg/5ml oral suspension (SSL International Plc) (AMP)
10774611000001104,Ibuprofen 400mg capsules (VMP)
10775211000001100,Paracetamol 500mg / Phenylephrine 6.1mg capsules (Reckitt Benckiser Healthcare (UK) Ltd) (AMP)
10796211000001101,Paracetamol 500mg / Phenylephrine 6.1mg capsules (VMP)
10810311000001109,Numark Flu Relief with Decongestant capsules (Numark Ltd) (AMP)
10814111000001103,Paracetamol 500mg / Phenylephrine 12.18mg capsules (VMP)
10821811000001100,Aspirin 300mg gastro-resistant tablets (Teva UK Ltd) (AMP)
10822611000001105,Co-codamol 30mg/500mg capsules (Zentiva Pharma UK Ltd) (AMP)
108311000001108,Mobic 7.5mg suppositories (Boehringer Ingelheim Ltd) (AMP)
10847311000001101,Solaraze 3% gel (Waymade Healthcare Plc) (AMP)
10857811000001108,Oruvail 100 modified-release capsules (Waymade Healthcare Plc) (AMP)
10858011000001101,Oruvail 2.5% gel (Waymade Healthcare Plc) (AMP)
10898611000001100,Feminax Period Pain capsules (Bayer Plc) (AMP)
10900011000001100,Co-codamol 8mg/500mg effervescent tablets (Bayer Plc) (AMP)
10911000001102,Methadone 1mg/ml oral solution sugar free (A A H Pharmaceuticals Ltd) (AMP)
109211000001105,Dromadol XL 200mg tablets (IVAX Pharmaceuticals UK Ltd) (AMP)
10925311000001102,Etopan XL 600mg tablets (Sun Pharma UK Ltd) (AMP)
109311000001102,Ketoprofen 50mg capsules (Viatris UK Healthcare Ltd) (AMP)
10961711000001107,Aceclofenac 100mg tablets (Sandoz Ltd) (AMP)
10961811000001104,Aceclofenac 100mg tablets (A A H Pharmaceuticals Ltd) (AMP)
10962111000001101,Meloxicam 7.5mg tablets (Sandoz Ltd) (AMP)
10962511000001105,Meloxicam 15mg tablets (Sandoz Ltd) (AMP)
10985211000001100,Aceclofenac 100mg tablets (Alliance Healthcare (Distribution) Ltd) (AMP)
11005911000001106,Co-codamol 30mg/500mg capsules (Actavis UK Ltd) (AMP)
11012611000001106,Piroxicam 0.5% gel (Dr Reddy's Laboratories (UK) Ltd) (AMP)
11017511000001105,Indometacin 50mg capsules (Dr Reddy's Laboratories (UK) Ltd) (AMP)
11017711000001100,Indometacin 25mg capsules (Dr Reddy's Laboratories (UK) Ltd) (AMP)
110311000001109,Paracetamol 120mg/5ml oral solution paediatric sugar free (Approved Prescription Services Ltd) (AMP)
11047511000001102,Suboxone 2mg/500microgram sublingual tablets (Indivior UK Ltd) (AMP)
11048311000001109,Suboxone 8mg/2mg sublingual tablets (Indivior UK Ltd) (AMP)
11054611000001106,Tradorec XL 100mg tablets (Endo Ventures Ltd) (AMP)
11054811000001105,Tradorec XL 200mg tablets (Endo Ventures Ltd) (AMP)
11055011000001100,Tradorec XL 300mg tablets (Endo Ventures Ltd) (AMP)
11055811000001106,Buprenorphine 2mg / Naloxone 500microgram sublingual tablets sugar free (VMP)
11055911000001101,Buprenorphine 8mg / Naloxone 2mg sublingual tablets sugar free (VMP)
110611000001104,Ibuprofen 200mg tablets (Teva UK Ltd) (AMP)
11084511000001104,Matrifen 12micrograms/hour transdermal patches (Teva UK Ltd) (AMP)
11084911000001106,Matrifen 25micrograms/hour transdermal patches (Teva UK Ltd) (AMP)
11085311000001109,Matrifen 50micrograms/hour transdermal patches (Teva UK Ltd) (AMP)
11085711000001108,Matrifen 75micrograms/hour transdermal patches (Teva UK Ltd) (AMP)
11085911000001105,Matrifen 100micrograms/hour transdermal patches (Teva UK Ltd) (AMP)
111111000001101,Amitriptyline 25mg/5ml oral solution sugar free (Alliance Healthcare (Distribution) Ltd) (AMP)
11136411000001109,Lyrica 100mg capsules (Waymade Healthcare Plc) (AMP)
11141111000001109,Etodolac 600mg modified-release tablets (Alliance Healthcare (Distribution) Ltd) (AMP)
11150011000001102,Piroxicam 0.5% gel (Teva UK Ltd) (AMP)
11176611000001109,Amitriptyline 25mg tablets (Wockhardt UK Ltd) (AMP)
11176811000001108,Amitriptyline 50mg tablets (Wockhardt UK Ltd) (AMP)
11177511000001107,Ibuprofen 400mg tablets (Zentiva Pharma UK Ltd) (AMP)
11177711000001102,Ibuprofen 600mg tablets (Zentiva Pharma UK Ltd) (AMP)
11211000001100,Co-codamol 8mg/500mg tablets (OBG Pharmaceuticals Ltd) (AMP)
112411000001101,Co-dydramol 10mg/500mg tablets (Actavis UK Ltd) (AMP)
11257011000001103,Aspirin 500mg powder and solvent for solution for injection vials (VMP)
11257311000001100,Aspegic Injectable 500mg powder and solvent for solution for injection vials (Imported (France)) (AMP)
11257611000001105,Aspirin 1g powder and solvent for solution for injection vials (VMP)
11257911000001104,Aspegic Injectable 1g powder and solvent for solution for injection vials (Imported (France)) (AMP)
11405211000001107,Indometacin 25mg capsules (Almus Pharmaceuticals Ltd) (AMP)
11405711000001100,Ketoprofen 2.5% gel (Almus Pharmaceuticals Ltd) (AMP)
11410111000001107,Piroxicam 0.5% gel (PLIVA Pharma Ltd) (AMP)
11411811000001108,Paracetamol 15mg suppositories (VMP)
11412011000001105,Paracetamol 15mg suppositories (Special Order) (AMP)
11412211000001100,Paracetamol 30mg suppositories (VMP)
11412411000001101,Paracetamol 30mg suppositories (Special Order) (AMP)
11415411000001109,Tramadol 50mg capsules (PLIVA Pharma Ltd) (AMP)
11420211000001107,Morphine and Cocaine elixir (Special Order) (AMP)
114211000001109,Codeine 15mg tablets (Kent Pharma (UK) Ltd) (AMP)
11426011000001104,Codeine 30mg tablets (Almus Pharmaceuticals Ltd) (AMP)
11426211000001109,Meloxicam 7.5mg tablets (Almus Pharmaceuticals Ltd) (AMP)
11426411000001108,Meloxicam 15mg tablets (Almus Pharmaceuticals Ltd) (AMP)
11426611000001106,Naproxen 250mg gastro-resistant tablets (Almus Pharmaceuticals Ltd) (AMP)
11426811000001105,Naproxen 500mg gastro-resistant tablets (Almus Pharmaceuticals Ltd) (AMP)
11474811000001102,Fentanyl 12micrograms/hour transdermal patches (A A H Pharmaceuticals Ltd) (AMP)
11484811000001108,Mefenamic acid 50mg/5ml oral suspension (Special Order) (AMP)
11492411000001100,Transtec 35micrograms/hour transdermal patches (Waymade Healthcare Plc) (AMP)
11492611000001102,Transtec 52.5micrograms/hour transdermal patches (Waymade Healthcare Plc) (AMP)
11492811000001103,Transtec 70micrograms/hour transdermal patches (Waymade Healthcare Plc) (AMP)
11508411000001105,Mefenamic acid 50mg/5ml oral suspension (Essential Generics Ltd) (AMP)
11530211000001102,Tramadol 50mg modified-release capsules (Alliance Healthcare (Distribution) Ltd) (AMP)
11530611000001100,Tramadol 150mg modified-release capsules (Alliance Healthcare (Distribution) Ltd) (AMP)
11530811000001101,Tramadol 200mg modified-release capsules (Alliance Healthcare (Distribution) Ltd) (AMP)
11531411000001107,Codeine 15mg tablets (Sandoz Ltd) (AMP)
11531611000001105,Codeine 30mg tablets (Sandoz Ltd) (AMP)
11531811000001109,Codeine 60mg tablets (Sandoz Ltd) (AMP)
11532011000001106,Gabapentin 100mg capsules (Sandoz Ltd) (AMP)
11532211000001101,Gabapentin 400mg capsules (Sandoz Ltd) (AMP)
11538811000001103,Arcoxia 60mg tablets (Waymade Healthcare Plc) (AMP)
11539111000001103,Arcoxia 90mg tablets (Waymade Healthcare Plc) (AMP)
11539711000001102,Lyrica 200mg capsules (Waymade Healthcare Plc) (AMP)
115711000001103,Paracetamol 500mg tablets (Vantage) (AMP)
11579211000001107,Co-codamol 8mg/500mg caplets (Vantage) (AMP)
11579811000001108,Ibuprofen 200mg tablets (Sandoz Ltd) (AMP)
11590911000001102,Diamorphine 10mg powder for solution for injection ampoules (Novartis Pharmaceuticals UK Ltd) (AMP)
11591111000001106,Diamorphine 30mg powder for solution for injection ampoules (Novartis Pharmaceuticals UK Ltd) (AMP)
11592111000001101,Tramquel SR 50mg capsules (Viatris UK Healthcare Ltd) (AMP)
11592511000001105,Tramquel SR 150mg capsules (Viatris UK Healthcare Ltd) (AMP)
11592711000001100,Tramquel SR 200mg capsules (Viatris UK Healthcare Ltd) (AMP)
11615511000001106,Diclofenac 50mg/5ml oral suspension (Drug Tariff Special Order) (AMP)
11624711000001109,Dihydrocodeine 15mg/5ml oral solution (Special Order) (AMP)
11625011000001106,Dihydrocodeine 30mg/5ml oral solution (Special Order) (AMP)
11625411000001102,Dihydrocodeine 90mg/5ml oral solution (Special Order) (AMP)
11632711000001101,Diclofenac 12.5mg/5ml oral suspension (Special Order) (AMP)
11633411000001103,Diclofenac 12.5mg/5ml oral solution (Special Order) (AMP)
11634411000001100,Diclofenac 50mg/5ml oral solution (Special Order) (AMP)
11635311000001106,Diclofenac 75mg/5ml oral suspension (Special Order) (AMP)
11635911000001107,Diclofenac 75mg/5ml oral solution (Special Order) (AMP)
11648711000001104,Diclofenac 50mg/5ml oral suspension (VMP)
11648811000001107,Dihydrocodeine 15mg/5ml oral solution (VMP)
11648911000001102,Dihydrocodeine 30mg/5ml oral solution (VMP)
11649011000001106,Dihydrocodeine 90mg/5ml oral solution (VMP)
11650911000001102,Diclofenac 12.5mg/5ml oral solution (VMP)
11651011000001105,Diclofenac 12.5mg/5ml oral suspension (VMP)
11651311000001108,Diclofenac 50mg/5ml oral solution (VMP)
11651411000001101,Diclofenac 75mg/5ml oral suspension (VMP)
11652111000001101,Diclofenac 75mg/5ml oral solution (VMP)
11659711000001106,Diamorphine 1.25mg/5ml oral solution (Special Order) (AMP)
11660311000001108,Diamorphine 100mg/5ml oral solution (Special Order) (AMP)
11661011000001101,Diamorphine 15mg/5ml oral solution (Special Order) (AMP)
11662211000001104,Diamorphine 180mg/5ml oral solution (Special Order) (AMP)
11662811000001103,Diamorphine 2.5mg/5ml oral solution (Special Order) (AMP)
11663511000001108,Diamorphine 200mg/5ml oral solution (Special Order) (AMP)
11664111000001102,Diamorphine 20mg/5ml oral solution (Special Order) (AMP)
11664611000001105,Diamorphine 240mg/5ml oral solution (Special Order) (AMP)
11664911000001104,Diamorphine 25mg/5ml oral solution (Special Order) (AMP)
11665211000001109,Diamorphine 2mg/5ml oral solution (Special Order) (AMP)
11665911000001100,Diamorphine 30mg/5ml oral solution (Special Order) (AMP)
11666611000001101,Diamorphine 3mg/5ml oral solution (Special Order) (AMP)
11667311000001109,Diamorphine 40mg/5ml oral solution (Special Order) (AMP)
11667911000001105,Diamorphine 45mg/5ml oral solution (Special Order) (AMP)
11668511000001104,Diamorphine 50mg/5ml oral solution (Special Order) (AMP)
11668811000001101,Diamorphine 6mg/5ml oral solution (Special Order) (AMP)
11682311000001109,Amitriptyline 1.25mg/5ml oral solution (Special Order) (AMP)
11682611000001104,Amitriptyline 100mg/5ml oral solution (Special Order) (AMP)
11682911000001105,Amitriptyline 150mg/5ml oral solution (Special Order) (AMP)
11683211000001107,Amitriptyline 15mg/5ml oral solution (Special Order) (AMP)
11683511000001105,Amitriptyline 2.5mg/5ml oral solution (Special Order) (AMP)
11683811000001108,Amitriptyline 75mg/5ml oral solution (Special Order) (AMP)
11684511000001108,Amitriptyline 80mg/5ml oral solution (Special Order) (AMP)
11692711000001109,Aspirin 100mg/5ml oral suspension (Special Order) (AMP)
11711211000001100,Amitriptyline 1.25mg/5ml oral solution (VMP)
11711311000001108,Amitriptyline 100mg/5ml oral solution (VMP)
11711411000001101,Amitriptyline 150mg/5ml oral solution (VMP)
11711511000001102,Amitriptyline 15mg/5ml oral solution (VMP)
11711611000001103,Amitriptyline 2.5mg/5ml oral solution (VMP)
11711711000001107,Amitriptyline 75mg/5ml oral solution (VMP)
11711811000001104,Amitriptyline 80mg/5ml oral solution (VMP)
11712811000001108,Aspirin 100mg/5ml oral suspension (VMP)
11719011000001109,Diamorphine 1.25mg/5ml oral solution (VMP)
11719111000001105,Diamorphine 100mg/5ml oral solution (VMP)
11719211000001104,Diamorphine 15mg/5ml oral solution (VMP)
11719311000001107,Diamorphine 180mg/5ml oral solution (VMP)
11719411000001100,Diamorphine 2.5mg/5ml oral solution (VMP)
11719511000001101,Diamorphine 200mg/5ml oral solution (VMP)
11719611000001102,Diamorphine 20mg/5ml oral solution (VMP)
11719711000001106,Diamorphine 240mg/5ml oral solution (VMP)
11719811000001103,Diamorphine 25mg/5ml oral solution (VMP)
11719911000001108,Diamorphine 2mg/5ml oral solution (VMP)
11720011000001105,Diamorphine 30mg/5ml oral solution (VMP)
11720111000001106,Diamorphine 3mg/5ml oral solution (VMP)
11720211000001100,Diamorphine 40mg/5ml oral solution (VMP)
11720311000001108,Diamorphine 45mg/5ml oral solution (VMP)
11720411000001101,Diamorphine 50mg/5ml oral solution (VMP)
11720511000001102,Diamorphine 6mg/5ml oral solution (VMP)
11748611000001102,Co-codaprin 8mg/400mg tablets (The Boots Company Plc) (AMP)
11753011000001104,Calprofen 100mg/5ml oral suspension 5ml sachets (McNeil Products Ltd) (AMP)
11756211000001102,Boots Pain Relief 6 Years Plus 250mg/5ml oral suspension (The Boots Company Plc) (AMP)
11762111000001100,Co-codaprin 8mg/400mg tablets (VMP)
11764811000001101,Arcoxia 120mg tablets (Waymade Healthcare Plc) (AMP)
11775811000001106,Galpharm Maximum Strength Ibuprofen 400mg liquid capsules (Galpharm International Ltd) (AMP)
11779711000001101,Boots Paracetamol 500mg capsules (The Boots Company Plc) (AMP)
11784911000001109,Kaolin and Morphine mixture (The Boots Company Plc) (AMP)
11788111000001100,Paracetamol 1g / Phenylephrine 12.2mg oral powder sachets sugar free (VMP)
11803311000001105,Codeine 30mg/5ml oral solution (Special Order) (AMP)
11803611000001100,Codeine 50mg/5ml oral solution (Special Order) (AMP)
11803911000001106,Codeine 60mg/5ml oral solution (Special Order) (AMP)
11815411000001101,Codeine 30mg/5ml oral solution (VMP)
11815511000001102,Codeine 50mg/5ml oral solution (VMP)
11815611000001103,Codeine 60mg/5ml oral solution (VMP)
11929411000001103,OxyContin 10mg modified-release tablets (Waymade Healthcare Plc) (AMP)
11929611000001100,OxyContin 20mg modified-release tablets (Waymade Healthcare Plc) (AMP)
11929811000001101,OxyContin 40mg modified-release tablets (Waymade Healthcare Plc) (AMP)
11930011000001101,OxyContin 80mg modified-release tablets (Waymade Healthcare Plc) (AMP)
11932011000001102,Calpol Night oral solution (McNeil Products Ltd) (AMP)
11934111000001109,Nurofen Express 342mg caplets (Reckitt Benckiser Healthcare (UK) Ltd) (AMP)
11934511000001100,Nurofen Express 200mg liquid capsules (Reckitt Benckiser Healthcare (UK) Ltd) (AMP)
11934911000001107,Nurofen Express 400mg liquid capsules (Reckitt Benckiser Healthcare (UK) Ltd) (AMP)
11935111000001108,Nurofen Express 684mg caplets (Reckitt Benckiser Healthcare (UK) Ltd) (AMP)
11968411000001102,Aspirin 100mg/5ml oral solution (Special Order) (AMP)
11971811000001101,Aspirin 15mg/5ml oral suspension (Special Order) (AMP)
11972611000001106,Aspirin 15mg/5ml oral solution (Special Order) (AMP)
11973211000001103,Aspirin 25mg/5ml oral suspension (Special Order) (AMP)
11977111000001101,Aspirin 25mg/5ml oral solution (Special Order) (AMP)
11977711000001100,Aspirin 30mg/5ml oral suspension (Special Order) (AMP)
11978011000001101,Aspirin 30mg/5ml oral solution (Special Order) (AMP)
11978311000001103,Aspirin 37.5mg/5ml oral suspension (Special Order) (AMP)
11978911000001102,Aspirin 37.5mg/5ml oral solution (Special Order) (AMP)
11979511000001103,Aspirin 40mg/5ml oral suspension (Special Order) (AMP)
11980211000001101,Aspirin 40mg/5ml oral solution (Special Order) (AMP)
11980811000001100,Aspirin 62.5mg/5ml oral suspension (Special Order) (AMP)
11981411000001106,Aspirin 62.5mg/5ml oral solution (Special Order) (AMP)
11982011000001105,Aspirin 75mg/5ml oral suspension (Special Order) (AMP)
11982511000001102,Aspirin 75mg/5ml oral solution (Special Order) (AMP)
11985311000001102,Zydol SR 50mg tablets (Grunenthal Ltd) (AMP)
12012111000001104,Aspirin 100mg/5ml oral solution (VMP)
12012211000001105,Aspirin 15mg/5ml oral solution (VMP)
12012311000001102,Aspirin 15mg/5ml oral suspension (VMP)
12012511000001108,Aspirin 25mg/5ml oral solution (VMP)
12012611000001107,Aspirin 25mg/5ml oral suspension (VMP)
12012911000001101,Aspirin 30mg/5ml oral solution (VMP)
12013011000001109,Aspirin 30mg/5ml oral suspension (VMP)
12013211000001104,Aspirin 37.5mg/5ml oral solution (VMP)
12013311000001107,Aspirin 37.5mg/5ml oral suspension (VMP)
12013511000001101,Aspirin 40mg/5ml oral solution (VMP)
12013711000001106,Aspirin 40mg/5ml oral suspension (VMP)
12013811000001103,Aspirin 62.5mg/5ml oral solution (VMP)
12013911000001108,Aspirin 62.5mg/5ml oral suspension (VMP)
12014011000001106,Aspirin 75mg/5ml oral solution (VMP)
12014111000001107,Aspirin 75mg/5ml oral suspension (VMP)
12037411000001103,Tramadol 50mg modified-release tablets (VMP)
12055011000001101,Eptadone 1mg/ml oral solution (Dee Pharmaceuticals Ltd) (AMP)
12056011000001105,Eptadone 5mg/ml oral solution (Dee Pharmaceuticals Ltd) (AMP)
12056911000001109,Paracetamol 500mg capsules (Accord-UK Ltd) (AMP)
12067111000001101,Gabapentin 150mg/5ml oral suspension (Special Order) (AMP)
12068411000001105,Gabapentin 150mg/5ml oral solution (Special Order) (AMP)
12069511000001103,Gabapentin 200mg/5ml oral suspension (Special Order) (AMP)
12070511000001101,Gabapentin 200mg/5ml oral solution (Special Order) (AMP)
12072211000001103,Gabapentin 500mg/5ml oral suspension (Special Order) (AMP)
12072811000001102,Gabapentin 500mg/5ml oral solution (Special Order) (AMP)
12075711000001101,Methadone 10mg/5ml oral suspension (Special Order) (AMP)
12076411000001103,Methadone 10mg/5ml oral solution (Special Order) (AMP)
12089111000001105,Gabapentin 150mg/5ml oral solution (VMP)
12089211000001104,Gabapentin 150mg/5ml oral suspension (VMP)
12089311000001107,Gabapentin 200mg/5ml oral solution (VMP)
12089411000001100,Gabapentin 200mg/5ml oral suspension (VMP)
12089511000001101,Gabapentin 500mg/5ml oral solution (VMP)
12089611000001102,Gabapentin 500mg/5ml oral suspension (VMP)
12090711000001103,Methadone 10mg/5ml oral suspension (VMP)
12090811000001106,Methadone 5mg/ml oral solution (VMP)
12097611000001106,Methadone 1.67mg/5ml oral suspension (Special Order) (AMP)
12097911000001100,Methadone 1.67mg/5ml oral solution (Special Order) (AMP)
12098211000001108,Methadone 100mg/5ml oral suspension (Special Order) (AMP)
12098511000001106,Methadone 100mg/5ml oral solution (Special Order) (AMP)
12098811000001109,Methadone 12.5mg/5ml oral suspension (Special Order) (AMP)
12099111000001109,Methadone 12.5mg/5ml oral solution (Special Order) (AMP)
12099411000001104,Methadone 15mg/5ml oral suspension (Special Order) (AMP)
12099711000001105,Methadone 15mg/5ml oral solution (Special Order) (AMP)
12100211000001103,Methadone 1mg/5ml oral solution (Special Order) (AMP)
12100511000001100,Methadone 1mg/5ml oral suspension (Special Order) (AMP)
12100811000001102,Methadone 2.33mg/5ml oral suspension (Special Order) (AMP)
12101111000001103,Methadone 2.33mg/5ml oral solution (Special Order) (AMP)
12101711000001102,Methadone 20mg/5ml oral suspension (Special Order) (AMP)
12102011000001107,Methadone 20mg/5ml oral solution (Special Order) (AMP)
12102311000001105,Methadone 3.5mg/5ml oral suspension (Special Order) (AMP)
12102611000001100,Methadone 3.5mg/5ml oral solution (Special Order) (AMP)
12102911000001106,Pethidine 10mg/5ml oral solution (Special Order) (AMP)
12103211000001108,Pethidine 30mg/5ml oral solution (Special Order) (AMP)
12103511000001106,Pethidine 35mg/5ml oral solution (Special Order) (AMP)
12103811000001109,Pethidine 40mg/5ml oral solution (Special Order) (AMP)
12104111000001100,Pethidine 45mg/5ml oral solution (Special Order) (AMP)
12104411000001105,Pethidine 50mg/5ml oral solution (Special Order) (AMP)
12104711000001104,Pethidine 10mg/5ml oral solution (VMP)
12105011000001102,Methadone 1.67mg/5ml oral solution (VMP)
12105111000001101,Methadone 1.67mg/5ml oral suspension (VMP)
12105211000001107,Methadone 100mg/5ml oral solution (VMP)
12105311000001104,Methadone 100mg/5ml oral suspension (VMP)
12105411000001106,Methadone 12.5mg/5ml oral solution (VMP)
12105511000001105,Methadone 12.5mg/5ml oral suspension (VMP)
12105611000001109,Methadone 15mg/5ml oral solution (VMP)
12105711000001100,Methadone 15mg/5ml oral suspension (VMP)
12105811000001108,Methadone 1mg/5ml oral solution (VMP)
12105911000001103,Methadone 1mg/5ml oral suspension (VMP)
12106011000001106,Methadone 2.33mg/5ml oral solution (VMP)
12106111000001107,Methadone 2.33mg/5ml oral suspension (VMP)
12106211000001101,Pethidine 30mg/5ml oral solution (VMP)
12106311000001109,Pethidine 35mg/5ml oral solution (VMP)
12106411000001102,Pethidine 40mg/5ml oral solution (VMP)
12106511000001103,Pethidine 45mg/5ml oral solution (VMP)
12106611000001104,Pethidine 50mg/5ml oral solution (VMP)
12106711000001108,Methadone 20mg/5ml oral solution (VMP)
12106811000001100,Methadone 20mg/5ml oral suspension (VMP)
12106911000001105,Methadone 3.5mg/5ml oral solution (VMP)
12107011000001109,Methadone 3.5mg/5ml oral suspension (VMP)
121111000001107,Pennsaid 16mg/ml cutaneous solution (Movianto UK Ltd) (AMP)
12123111000001108,Methadone 3.67mg/5ml oral suspension (Special Order) (AMP)
12123411000001103,Methadone 3.67mg/5ml oral solution (Special Order) (AMP)
12123711000001109,Methadone 3mg/5ml oral suspension (Special Order) (AMP)
12124011000001109,Methadone 3mg/5ml oral solution (Special Order) (AMP)
12124311000001107,Methadone 4.33mg/5ml oral suspension (Special Order) (AMP)
12124611000001102,Methadone 4.33mg/5ml oral solution (Special Order) (AMP)
12124911000001108,Methadone 4.43mg/5ml oral suspension (Special Order) (AMP)
12125211000001103,Methadone 4.43mg/5ml oral solution (Special Order) (AMP)
12125511000001100,Methadone 4.5mg/5ml oral suspension (Special Order) (AMP)
12125811000001102,Methadone 4.5mg/5ml oral solution (Special Order) (AMP)
12126111000001103,Methadone 4.71mg/5ml oral suspension (Special Order) (AMP)
12126411000001108,Methadone 4.71mg/5ml oral solution (Special Order) (AMP)
12126711000001102,Methadone 40mg/5ml oral suspension (Special Order) (AMP)
12127011000001101,Methadone 40mg/5ml oral solution (Special Order) (AMP)
12127311000001103,Methadone 4mg/5ml oral suspension (Special Order) (AMP)
12127611000001108,Methadone 4mg/5ml oral solution (Special Order) (AMP)
12127911000001102,Methadone 50mg/5ml oral suspension (Special Order) (AMP)
12128211000001105,Methadone 50mg/5ml oral solution (Special Order) (AMP)
12130311000001101,Morphine hydrochloride 1.5mg/5ml oral solution (Special Order) (AMP)
12130611000001106,Oxycodone 5mg/5ml oral solution (Special Order) (AMP)
12130711000001102,Morphine hydrochloride 100mg/5ml oral solution (Special Order) (AMP)
12131111000001109,Morphine hydrochloride 10mg/5ml oral solution (Special Order) (AMP)
12131411000001104,Morphine hydrochloride 15mg/5ml oral solution (Special Order) (AMP)
12131711000001105,Morphine hydrochloride 25mg/5ml oral solution (Special Order) (AMP)
12132111000001104,Morphine hydrochloride 50mg/5ml oral solution (Special Order) (AMP)
12132411000001109,Morphine hydrochloride 5mg/5ml oral solution (Special Order) (AMP)
12138211000001107,Methadone 3.67mg/5ml oral solution (VMP)
12138311000001104,Methadone 3.67mg/5ml oral suspension (VMP)
12138411000001106,Methadone 3mg/5ml oral solution (VMP)
12138511000001105,Methadone 3mg/5ml oral suspension (VMP)
12138611000001109,Methadone 4.33mg/5ml oral solution (VMP)
12138711000001100,Methadone 4.33mg/5ml oral suspension (VMP)
12138811000001108,Methadone 4.43mg/5ml oral solution (VMP)
12138911000001103,Methadone 4.43mg/5ml oral suspension (VMP)
12139011000001107,Methadone 4.5mg/5ml oral solution (VMP)
12139111000001108,Methadone 4.5mg/5ml oral suspension (VMP)
12139211000001102,Methadone 4.71mg/5ml oral solution (VMP)
12139311000001105,Methadone 4.71mg/5ml oral suspension (VMP)
12139411000001103,Methadone 40mg/5ml oral solution (VMP)
12139511000001104,Methadone 40mg/5ml oral suspension (VMP)
12139611000001100,Methadone 4mg/5ml oral solution (VMP)
12139711000001109,Methadone 4mg/5ml oral suspension (VMP)
12139811000001101,Methadone 50mg/5ml oral solution (VMP)
12139911000001106,Methadone 50mg/5ml oral suspension (VMP)
12140511000001108,Morphine hydrochloride 1.5mg/5ml oral solution (VMP)
12140611000001107,Morphine hydrochloride 100mg/5ml oral solution (VMP)
12140711000001103,Morphine hydrochloride 10mg/5ml oral solution (VMP)
12140811000001106,Morphine hydrochloride 15mg/5ml oral solution (VMP)
12140911000001101,Morphine hydrochloride 25mg/5ml oral solution (VMP)
12141011000001109,Morphine hydrochloride 50mg/5ml oral solution (VMP)
12141111000001105,Morphine hydrochloride 5mg/5ml oral solution (VMP)
12142111000001100,Oxycodone 5mg/5ml oral solution (VMP)
12142611000001108,Morphine sulfate 80mg/5ml oral solution (Special Order) (AMP)
12142911000001102,Morphine sulfate 75mg/5ml oral solution (Special Order) (AMP)
12143211000001100,Morphine sulfate 60mg/5ml oral solution (Special Order) (AMP)
12143511000001102,Morphine sulfate 5mg/5ml oral solution (Special Order) (AMP)
12143711000001107,Morphine sulfate 5mg/5ml oral solution (VMP)
12143811000001104,Morphine sulfate 60mg/5ml oral solution (VMP)
12143911000001109,Morphine sulfate 75mg/5ml oral solution (VMP)
12144011000001107,Morphine sulfate 80mg/5ml oral solution (VMP)
12144311000001105,Morphine sulfate 50mg/5ml oral solution (Special Order) (AMP)
12144511000001104,Morphine sulfate 50mg/5ml oral solution (VMP)
12148011000001103,Morphine sulfate 40mg/5ml oral solution (Special Order) (AMP)
12148311000001100,Morphine sulfate 3mg/5ml oral solution (Special Order) (AMP)
12149011000001108,Morphine sulfate 30mg/5ml oral solution (Special Order) (AMP)
12151111000001108,Morphine sulfate 3.35mg/5ml oral solution (Special Order) (AMP)
12151411000001103,Morphine sulfate 2mg/5ml oral solution (Special Order) (AMP)
12152411000001108,Morphine sulfate 1mg/5ml oral solution (Special Order) (AMP)
12153411000001104,Morphine sulfate 1g/5ml oral solution (Special Order) (AMP)
12156211000001105,Morphine sulfate 1.5mg/5ml oral solution (Special Order) (AMP)
12185811000001109,Morphine sulfate 1.5mg/5ml oral solution (VMP)
12185911000001104,Morphine sulfate 1g/5ml oral solution (VMP)
12186011000001107,Morphine sulfate 1mg/5ml oral solution (VMP)
12186111000001108,Morphine sulfate 2mg/5ml oral solution (VMP)
12186211000001102,Morphine sulfate 3.35mg/5ml oral solution (VMP)
12186311000001105,Morphine sulfate 30mg/5ml oral solution (VMP)
12186411000001103,Morphine sulfate 3mg/5ml oral solution (VMP)
12186511000001104,Morphine sulfate 40mg/5ml oral solution (VMP)
12201011000001101,Methadone 25mg/5ml oral suspension (Special Order) (AMP)
12201311000001103,Methadone 25mg/5ml oral solution (Special Order) (AMP)
12201611000001108,Morphine sulfate 20mg/5ml oral solution (Special Order) (AMP)
12202111000001105,Pethidine 25mg/5ml oral solution (Special Order) (AMP)
12210611000001101,Ibuprofen Pain Relief Maximum Strength 10% gel (Numark Ltd) (AMP)
12212011000001107,Methadone 25mg/5ml oral solution (VMP)
12212111000001108,Methadone 25mg/5ml oral suspension (VMP)
12212211000001102,Morphine sulfate 20mg/5ml oral solution (VMP)
12212611000001100,Pethidine 25mg/5ml oral solution (VMP)
12235611000001100,Diamorphine 40mg impregnated cigarettes (Special Order) (AMP)
12235911000001106,Diamorphine 20mg impregnated cigarettes (Special Order) (AMP)
12236211000001108,Diamorphine 60mg impregnated cigarettes (Special Order) (AMP)
12236811000001109,Diamorphine 120mg impregnated cigarettes (Special Order) (AMP)
12237411000001109,Diamorphine 100mg impregnated cigarettes (Special Order) (AMP)
12238011000001104,Diamorphine 30mg impregnated cigarettes (Special Order) (AMP)
12238611000001106,Diamorphine 50mg impregnated cigarettes (Special Order) (AMP)
12239611000001102,Methadone 30mg impregnated cigarettes (Special Order) (AMP)
12240411000001106,Methadone 100mg impregnated cigarettes (Special Order) (AMP)
12242011000001103,Diamorphine 5mg/5ml oral solution (Special Order) (AMP)
12242411000001107,Diamorphine 10mg/5ml oral solution (Special Order) (AMP)
12243111000001108,Methadone 35mg/2ml solution for injection ampoules (Special Order) (AMP)
12243511000001104,Methadone 35mg/1ml solution for injection ampoules (Special Order) (AMP)
12245011000001108,Methadone 30mg capsules (Special Order) (AMP)
12245711000001105,Methadone 100mg capsules (Special Order) (AMP)
12246111000001103,Methadone 50mg capsules (Special Order) (AMP)
12247011000001101,Morphine sulfate 500micrograms/5ml oral solution (Special Order) (AMP)
12247311000001103,Pethidine 50mg capsules (Special Order) (AMP)
12257211000001109,Naproxen 100mg/5ml oral suspension (Special Order) (AMP)
12257611000001106,Naproxen 200mg/5ml oral suspension (Drug Tariff Special Order) (AMP)
12258111000001102,Naproxen 70mg/5ml oral suspension (Special Order) (AMP)
12258411000001107,Naproxen 75mg/5ml oral suspension (Special Order) (AMP)
12258711000001101,Nefopam 20mg/5ml oral suspension (Special Order) (AMP)
12259011000001108,Nefopam 30mg/5ml oral suspension (Special Order) (AMP)
122811000001109,Mefenamic acid 500mg tablets (Zentiva Pharma UK Ltd) (AMP)
12291711000001101,Diamorphine 10mg/5ml oral solution (VMP)
12291811000001109,Diamorphine 100mg impregnated cigarettes (VMP)
12291911000001104,Diamorphine 120mg impregnated cigarettes (VMP)
12292011000001106,Diamorphine 20mg impregnated cigarettes (VMP)
12292111000001107,Diamorphine 30mg impregnated cigarettes (VMP)
12292211000001101,Diamorphine 40mg impregnated cigarettes (VMP)
12292311000001109,Diamorphine 50mg impregnated cigarettes (VMP)
12292411000001102,Diamorphine 5mg/5ml oral solution (VMP)
12292511000001103,Diamorphine 60mg impregnated cigarettes (VMP)
12299111000001103,Methadone 100mg capsules (VMP)
12299211000001109,Methadone 100mg impregnated cigarettes (VMP)
12299811000001105,Methadone 30mg capsules (VMP)
12299911000001100,Methadone 30mg impregnated cigarettes (VMP)
12300011000001101,Methadone 35mg/1ml solution for injection ampoules (VMP)
12300111000001100,Methadone 35mg/2ml solution for injection ampoules (VMP)
12300211000001106,Methadone 50mg capsules (VMP)
12300511000001109,Morphine sulfate 500micrograms/5ml oral solution (VMP)
12301311000001108,Naproxen 100mg/5ml oral suspension (VMP)
12301411000001101,Naproxen 200mg/5ml oral suspension (VMP)
12301511000001102,Naproxen 70mg/5ml oral suspension (VMP)
12301611000001103,Naproxen 75mg/5ml oral suspension (VMP)
12301711000001107,Nefopam 20mg/5ml oral suspension (VMP)
12301811000001104,Nefopam 30mg/5ml oral suspension (VMP)
12303411000001102,Pethidine 50mg capsules (VMP)
12315611000001102,Codeine 30mg/1ml solution for injection ampoules (Special Order) (AMP)
12315911000001108,Diamorphine 100mg capsules (Special Order) (AMP)
12316211000001105,Diamorphine 15mg powder for solution for injection ampoules (Special Order) (AMP)
12316511000001108,Diamorphine 5mg suppositories (Special Order) (AMP)
12316811000001106,Methadone 10mg capsules (Special Order) (AMP)
12317111000001101,Methadone 40mg capsules (Special Order) (AMP)
12317611000001109,Methadone 20mg/1ml solution for injection ampoules (Special Order) (AMP)
12318811000001107,Methadone 40mg/1ml solution for injection ampoules (Special Order) (AMP)
12319311000001109,Methadone 40mg impregnated cigarettes (Special Order) (AMP)
12319611000001104,Methadone 15mg suppositories (Special Order) (AMP)
12319911000001105,Methadone 30mg suppositories (Special Order) (AMP)
12320211000001102,Methadone 30mg tablets (Special Order) (AMP)
12321111000001102,Morphine hydrochloride 10mg suppositories (Special Order) (AMP)
12321611000001105,Morphine hydrochloride 30mg suppositories (Special Order) (AMP)
12322711000001108,Morphine 200mg capsules (Special Order) (AMP)
12323311000001104,Morphine 30mg capsules (Special Order) (AMP)
12324111000001104,Morphine 60mg capsules (Special Order) (AMP)
12329211000001109,Morphine sulfate 10mg/2ml solution for injection ampoules (Special Order) (AMP)
12329811000001105,Morphine sulfate 2.5mg/5ml solution for injection ampoules (Special Order) (AMP)
123311000001105,Diclovol Retard 100mg tablets (Arun Pharmaceuticals Ltd) (AMP)
12332111000001105,Morphine sulfate 2mg/10ml solution for injection ampoules (Special Order) (AMP)
12332811000001103,Morphine sulfate 20mg/2ml solution for injection ampoules (Special Order) (AMP)
12333211000001105,Morphine sulfate 2mg/5ml solution for injection ampoules (Special Order) (AMP)
12333611000001107,Morphine sulfate 4mg/10ml solution for injection ampoules (Special Order) (AMP)
12334711000001101,Morphine sulfate 5mg/10ml solution for injection ampoules (Special Order) (AMP)
12335511000001107,Morphine sulfate 5mg/1ml solution for injection ampoules (Special Order) (AMP)
12336111000001109,Morphine sulfate 5mg/5ml solution for injection ampoules (Special Order) (AMP)
12337011000001106,Morphine sulfate 100mg suppositories (Special Order) (AMP)
12337811000001100,Morphine sulfate 2.5mg suppositories (Special Order) (AMP)
12338111000001108,Morphine sulfate 50mg suppositories (Special Order) (AMP)
12338511000001104,Morphine sulfate 5mg suppositories (Special Order) (AMP)
12338811000001101,Morphine sulfate 60mg suppositories (Special Order) (AMP)
12339211000001107,Morphine sulfate 750mg suppositories (Special Order) (AMP)
12350511000001103,Oxycodone hydrochloride 30mg suppositories (Special Order) (AMP)
12350811000001100,Oxycodone hydrochloride 60mg suppositories (Special Order) (AMP)
12358211000001103,Pethidine 100mg/1ml solution for injection ampoules (Special Order) (AMP)
12358911000001107,Pethidine 10mg/1ml solution for injection ampoules (Special Order) (AMP)
12360411000001106,Pethidine 100mg suppositories (Special Order) (AMP)
123811000001101,Codeine 15mg tablets (Sun Pharma UK Ltd) (AMP)
12388811000001109,Codeine 30mg/1ml solution for injection ampoules (VMP)
12388911000001104,Diamorphine 100mg capsules (VMP)
12389011000001108,Diamorphine 15mg powder for solution for injection ampoules (VMP)
12389111000001109,Diamorphine 5mg suppositories (VMP)
12389411000001104,Methadone 10mg capsules (VMP)
12389511000001100,Methadone 15mg suppositories (VMP)
12389611000001101,Methadone 20mg/1ml solution for injection ampoules (VMP)
12389711000001105,Methadone 30mg suppositories (VMP)
12389811000001102,Methadone 30mg tablets (VMP)
12389911000001107,Methadone 40mg capsules (VMP)
12390011000001104,Methadone 40mg impregnated cigarettes (VMP)
12390111000001103,Methadone 40mg/1ml solution for injection ampoules (VMP)
12390211000001109,Morphine 200mg capsules (VMP)
12390311000001101,Morphine 30mg capsules (VMP)
12390411000001108,Morphine 60mg capsules (VMP)
12390511000001107,Morphine hydrochloride 10mg suppositories (VMP)
12390611000001106,Morphine sulfate 100mg suppositories (VMP)
12390811000001105,Morphine sulfate 10mg/2ml solution for injection ampoules (VMP)
12390911000001100,Morphine sulfate 2.5mg suppositories (VMP)
12391011000001108,Morphine sulfate 2.5mg/5ml solution for injection ampoules (VMP)
12391111000001109,Morphine sulfate 20mg/2ml solution for injection ampoules (VMP)
12391211000001103,Morphine sulfate 2mg/10ml solution for injection ampoules (VMP)
12391311000001106,Morphine sulfate 2mg/5ml solution for injection ampoules (VMP)
12391411000001104,Morphine sulfate 4mg/10ml solution for injection ampoules (VMP)
12391511000001100,Morphine sulfate 50mg suppositories (VMP)
12391611000001101,Morphine sulfate 5mg/10ml solution for injection ampoules (VMP)
12391711000001105,Morphine sulfate 5mg/1ml solution for injection ampoules (VMP)
12391811000001102,Morphine sulfate 5mg/5ml solution for injection ampoules (VMP)
12391911000001107,Morphine sulfate 60mg suppositories (VMP)
12392011000001100,Morphine sulfate 750mg suppositories (VMP)
12392111000001104,Oxycodone hydrochloride 30mg suppositories (VMP)
12392311000001102,Pethidine 100mg suppositories (VMP)
12392411000001109,Pethidine 100mg/1ml solution for injection ampoules (VMP)
12392511000001108,Pethidine 10mg/1ml solution for injection ampoules (VMP)
12424911000001109,Oxycodone hydrochloride 60mg suppositories (VMP)
12430611000001107,Aspirin 75mg dispersible tablets (Lloyds Pharmacy Ltd) (AMP)
124811000001103,Alvedon 250mg suppositories (Esteve Pharmaceuticals Ltd) (AMP)
125011000001108,Ibuleve Maximum Strength 10% gel (Diomed Developments Ltd) (AMP)
125111000001109,Motival 10mg/500microgram tablets (Sanofi) (AMP)
12534011000001101,Aspirin Extra tablets (Lloyds Pharmacy Ltd) (AMP)
12534311000001103,Aspirin 75mg gastro-resistant tablets (Lloyds Pharmacy Ltd) (AMP)
12560211000001105,Feldene Melt 20mg tablets (Waymade Healthcare Plc) (AMP)
12597711000001104,Ibuprofen 200mg/5ml oral suspension (Special Order) (AMP)
12599211000001100,Indometacin 1.2mg/5ml oral suspension (Special Order) (AMP)
12599511000001102,Indometacin 1.2mg/5ml oral solution (Special Order) (AMP)
12599811000001104,Indometacin 10mg/5ml oral suspension (Special Order) (AMP)
12600111000001108,Indometacin 10mg/5ml oral solution (Special Order) (AMP)
12600411000001103,Indometacin 12mg/5ml oral suspension (Special Order) (AMP)
12600711000001109,Indometacin 12mg/5ml oral solution (Special Order) (AMP)
12601411000001107,Indometacin 15mg/5ml oral suspension (Special Order) (AMP)
12601911000001104,Indometacin 15mg/5ml oral solution (Special Order) (AMP)
12602811000001100,Indometacin 20mg/5ml oral suspension (Special Order) (AMP)
12603111000001101,Indometacin 20mg/5ml oral solution (Special Order) (AMP)
12603411000001106,Indometacin 31.25mg/5ml oral suspension (Special Order) (AMP)
12603711000001100,Indometacin 31.25mg/5ml oral solution (Special Order) (AMP)
12604011000001100,Indometacin 3mg/5ml oral suspension (Special Order) (AMP)
12604311000001102,Indometacin 3mg/5ml oral solution (Special Order) (AMP)
12604611000001107,Indometacin 500micrograms/5ml oral suspension (Special Order) (AMP)
12604911000001101,Indometacin 500micrograms/5ml oral solution (Special Order) (AMP)
12609111000001103,Ketoprofen 2.5% gel (Teva UK Ltd) (AMP)
126111000001103,Feldene 20mg dispersible tablets (Pfizer Ltd) (AMP)
12637311000001104,Ibuprofen 200mg/5ml oral suspension (VMP)
12637811000001108,Indometacin 1.2mg/5ml oral solution (VMP)
12637911000001103,Indometacin 1.2mg/5ml oral suspension (VMP)
12638011000001101,Indometacin 10mg/5ml oral solution (VMP)
12638111000001100,Indometacin 10mg/5ml oral suspension (VMP)
12638211000001106,Indometacin 12mg/5ml oral solution (VMP)
12638311000001103,Indometacin 12mg/5ml oral suspension (VMP)
12638411000001105,Indometacin 15mg/5ml oral solution (VMP)
12638511000001109,Indometacin 15mg/5ml oral suspension (VMP)
12638611000001108,Indometacin 20mg/5ml oral solution (VMP)
12638711000001104,Indometacin 20mg/5ml oral suspension (VMP)
12638811000001107,Indometacin 31.25mg/5ml oral solution (VMP)
12638911000001102,Indometacin 31.25mg/5ml oral suspension (VMP)
12639011000001106,Indometacin 3mg/5ml oral solution (VMP)
12639111000001107,Indometacin 3mg/5ml oral suspension (VMP)
12639211000001101,Indometacin 500micrograms/5ml oral solution (VMP)
12639311000001109,Indometacin 500micrograms/5ml oral suspension (VMP)
12690511000001101,Meloxicam 3.75mg/5ml oral suspension (Special Order) (AMP)
126911000001100,Co-proxamol 32.5mg/325mg tablets (A A H Pharmaceuticals Ltd) (AMP)
12700711000001103,Meloxicam 3.75mg/5ml oral suspension (VMP)
127811000001107,Ibuleve 5% gel (Diomed Developments Ltd) (AMP)
12790311000001100,Tramulief SR 100mg tablets (Advanz Pharma) (AMP)
12790511000001106,Tramulief SR 150mg tablets (Advanz Pharma) (AMP)
12790811000001109,Tramulief SR 200mg tablets (Advanz Pharma) (AMP)
12869811000001101,Zeridame SR 100mg tablets (Actavis UK Ltd) (AMP)
12871211000001106,Zeridame SR 150mg tablets (Actavis UK Ltd) (AMP)
12871611000001108,Zeridame SR 200mg tablets (Actavis UK Ltd) (AMP)
12872711000001106,Co-codamol 8mg/500mg capsules (Actavis UK Ltd) (AMP)
12874811000001109,Fentalis Reservoir 25micrograms/hour transdermal patches (Sandoz Ltd) (AMP)
12874911000001104,Fentalis Reservoir 50micrograms/hour transdermal patches (Sandoz Ltd) (AMP)
12875011000001104,Fentalis Reservoir 75micrograms/hour transdermal patches (Sandoz Ltd) (AMP)
12875111000001103,Fentalis Reservoir 100micrograms/hour transdermal patches (Sandoz Ltd) (AMP)
12881511000001103,Mezolar Matrix 12micrograms/hour transdermal patches (Sandoz Ltd) (AMP)
12881711000001108,Mezolar Matrix 25micrograms/hour transdermal patches (Sandoz Ltd) (AMP)
12882011000001103,Mezolar Matrix 50micrograms/hour transdermal patches (Sandoz Ltd) (AMP)
12882411000001107,Mezolar Matrix 75micrograms/hour transdermal patches (Sandoz Ltd) (AMP)
12882611000001105,Mezolar Matrix 100micrograms/hour transdermal patches (Sandoz Ltd) (AMP)
12884111000001105,Co-proxamol 32.5mg/325mg tablets (Meda Pharmaceuticals Ltd) (AMP)
12911000001103,Paracetamol 500mg caplets (IVAX Pharmaceuticals UK Ltd) (AMP)
129111000001106,Naproxen 250mg gastro-resistant tablets (Accord-UK Ltd) (AMP)
12948411000001105,Nobligan retard 100mg tablets (Grunenthal Ltd) (AMP)
12948611000001108,Gabapentin 100mg capsules (Actavis UK Ltd) (AMP)
12949111000001107,Gabapentin 300mg capsules (Actavis UK Ltd) (AMP)
12949311000001109,Gabapentin 400mg capsules (Actavis UK Ltd) (AMP)
12977011000001103,Paracetamol 1g/5ml oral suspension (Special Order) (AMP)
12977811000001109,Paracetamol 1g/5ml oral solution (Special Order) (AMP)
12978711000001100,Paracetamol 250mg/5ml oral solution (Special Order) (AMP)
129811000001104,Codeine 30mg tablets (Accord-UK Ltd) (AMP)
13004111000001100,Paracetamol 1g/5ml oral solution (VMP)
13004211000001106,Paracetamol 1g/5ml oral suspension (VMP)
13004311000001103,Paracetamol 250mg/5ml oral solution (VMP)
13011000001106,Diclofenac sodium 50mg gastro-resistant tablets (Actavis UK Ltd) (AMP)
13059111000001107,Amitriptyline 10mg tablets (Wockhardt UK Ltd) (AMP)
13076011000001103,Lyrica 225mg capsules (Viatris UK Healthcare Ltd) (AMP)
13093911000001101,Ibuprofen 100mg/5ml / Pseudoephedrine 15mg/5ml oral suspension sugar free (VMP)
13099411000001106,Arcoxia 60mg tablets (Dowelhurst Ltd) (AMP)
13099911000001103,Arcoxia 90mg tablets (Dowelhurst Ltd) (AMP)
13101011000001106,Anadin Joint Pain 200mg tablets (Haleon UK Trading Ltd) (AMP)
13109111000001106,Amitriptyline 25mg/5ml oral solution sugar free (Dowelhurst Ltd) (AMP)
13109611000001103,Amitriptyline 50mg/5ml oral solution sugar free (Dowelhurst Ltd) (AMP)
13109811000001104,Amitriptyline 10mg tablets (Dowelhurst Ltd) (AMP)
13110011000001104,Amitriptyline 25mg tablets (Dowelhurst Ltd) (AMP)
13110411000001108,Amitriptyline 50mg tablets (Dowelhurst Ltd) (AMP)
13115311000001108,Aspirin 300mg gastro-resistant tablets (Dowelhurst Ltd) (AMP)
13115811000001104,Aspirin 75mg gastro-resistant tablets (Dowelhurst Ltd) (AMP)
13122311000001105,Arcoxia 30mg tablets (Organon Pharma (UK) Ltd) (AMP)
13132911000001109,Etoricoxib 30mg tablets (VMP)
13175811000001109,Lyrica 25mg capsules (Dowelhurst Ltd) (AMP)
13176211000001102,Lyrica 75mg capsules (Dowelhurst Ltd) (AMP)
13176511000001104,Lyrica 150mg capsules (Dowelhurst Ltd) (AMP)
13177611000001103,Aspirin 300mg tablets (Dowelhurst Ltd) (AMP)
13177911000001109,Midrid 325mg/65mg capsules (Dowelhurst Ltd) (AMP)
13178111000001107,Aspirin 75mg dispersible tablets (Dowelhurst Ltd) (AMP)
13204511000001104,Solaraze 3% gel (Dowelhurst Ltd) (AMP)
13205611000001104,Subutex 2mg sublingual tablets (Dowelhurst Ltd) (AMP)
13205911000001105,Subutex 8mg sublingual tablets (Dowelhurst Ltd) (AMP)
13216611000001106,Voltarol Rapid 50mg tablets (Dowelhurst Ltd) (AMP)
13216811000001105,Voltarol 50mg dispersible tablets (Dowelhurst Ltd) (AMP)
13226211000001104,Paracetamol 120mg/5ml oral suspension paediatric (Dowelhurst Ltd) (AMP)
13226911000001108,Paracetamol 120mg/5ml oral suspension paediatric sugar free (Dowelhurst Ltd) (AMP)
13228811000001102,Paracetamol 250mg/5ml oral suspension (Dowelhurst Ltd) (AMP)
13232911000001107,Paracetamol 250mg/5ml oral suspension sugar free (Dowelhurst Ltd) (AMP)
13233311000001101,Paracetamol 500mg tablets (Dowelhurst Ltd) (AMP)
13243911000001104,Piroxicam 10mg capsules (Dowelhurst Ltd) (AMP)
13244211000001106,Piroxicam 20mg capsules (Dowelhurst Ltd) (AMP)
13244511000001109,Piroxicam 10mg dispersible tablets (Dowelhurst Ltd) (AMP)
13244711000001104,Piroxicam 20mg dispersible tablets (Dowelhurst Ltd) (AMP)
13367311000001107,Co-codamol 8mg/500mg capsules (A A H Pharmaceuticals Ltd) (AMP)
13371911000001105,Diamorphine 400mg/5ml oral solution (Special Order) (AMP)
13372111000001102,Diamorphine 400mg/5ml oral solution (VMP)
13376611000001106,Diamorphine 390mg/5ml oral solution (Special Order) (AMP)
13376911000001100,Diamorphine 380mg/5ml oral solution (Special Order) (AMP)
13377211000001106,Diamorphine 370mg/5ml oral solution (Special Order) (AMP)
13377711000001104,Diamorphine 360mg/5ml oral solution (Special Order) (AMP)
13378011000001100,Diamorphine 350mg/5ml oral solution (Special Order) (AMP)
13378411000001109,Diamorphine 340mg/5ml oral solution (Special Order) (AMP)
13378711000001103,Diamorphine 410mg/5ml oral solution (Special Order) (AMP)
13379211000001100,Aspirin 300mg tablets (Wockhardt UK Ltd) (AMP)
13384011000001103,Diamorphine 340mg/5ml oral solution (VMP)
13384111000001102,Diamorphine 350mg/5ml oral solution (VMP)
13384211000001108,Diamorphine 360mg/5ml oral solution (VMP)
13384311000001100,Diamorphine 370mg/5ml oral solution (VMP)
13384411000001107,Diamorphine 380mg/5ml oral solution (VMP)
13384511000001106,Diamorphine 390mg/5ml oral solution (VMP)
13384611000001105,Diamorphine 410mg/5ml oral solution (VMP)
13386111000001109,Dihydrocodeine 30mg tablets (Almus Pharmaceuticals Ltd) (AMP)
13387311000001109,Gabapentin 100mg capsules (Arrow Generics Ltd) (AMP)
13387511000001103,Gabapentin 300mg capsules (Arrow Generics Ltd) (AMP)
13387711000001108,Gabapentin 400mg capsules (Arrow Generics Ltd) (AMP)
134011000001106,Co-proxamol 32.5mg/325mg tablets (Alliance Healthcare (Distribution) Ltd) (AMP)
13411000001102,Flamatak MR 75mg tablets (Actavis UK Ltd) (AMP)
134111000001107,Econac 75mg/3ml solution for injection ampoules (Mercury Pharma Group Ltd) (AMP)
13413211000001103,Meloxicam 7.5mg tablets (Arrow Generics Ltd) (AMP)
13413411000001104,Meloxicam 15mg tablets (Arrow Generics Ltd) (AMP)
13429511000001107,Ibuprofen 10% gel (Vantage) (AMP)
13429711000001102,Paracetamol 500mg caplets (Vantage) (AMP)
13435311000001101,Dyloject 75mg/2ml solution for injection vials (Therabel Pharma UK Ltd) (AMP)
13435511000001107,Aceclofenac 100mg tablets (Viatris UK Healthcare Ltd) (AMP)
13435711000001102,Aspirin 300mg gastro-resistant tablets (Viatris UK Healthcare Ltd) (AMP)
13439711000001100,Diclofenac 75mg/2ml solution for injection vials (VMP)
13440611000001102,Fentanyl 25micrograms/hour transdermal patches (Zentiva Pharma UK Ltd) (AMP)
13440811000001103,Fentanyl 50micrograms/hour transdermal patches (Zentiva Pharma UK Ltd) (AMP)
13441011000001100,Fentanyl 75micrograms/hour transdermal patches (Zentiva Pharma UK Ltd) (AMP)
13441211000001105,Fentanyl 100micrograms/hour transdermal patches (Zentiva Pharma UK Ltd) (AMP)
13449111000001100,Ibuderm 5% gel (Dermal Laboratories Ltd) (AMP)
13450111000001107,Ibuleve Speed Relief 5% gel (Diomed Developments Ltd) (AMP)
13564111000001102,Gabapentin 600mg/5ml oral solution (Special Order) (AMP)
13564411000001107,Gabapentin 600mg/5ml oral suspension (Special Order) (AMP)
13565811000001105,Gabapentin 600mg/5ml oral solution (VMP)
13566011000001108,Gabapentin 600mg/5ml oral suspension (VMP)
13567111000001107,Lyrica 50mg capsules (Waymade Healthcare Plc) (AMP)
13567511000001103,Osmach 25micrograms/hour transdermal patches (Teva UK Ltd) (AMP)
13567711000001108,Osmach 50micrograms/hour transdermal patches (Teva UK Ltd) (AMP)
13567911000001105,Osmach 75micrograms/hour transdermal patches (Teva UK Ltd) (AMP)
13568111000001108,Osmach 100micrograms/hour transdermal patches (Ratiopharm UK Ltd) (AMP)
13578711000001100,Ibuprofen 5% gel (DE Pharmaceuticals) (AMP)
13578911000001103,Ibuprofen 200mg tablets (DE Pharmaceuticals) (AMP)
13579211000001102,Ibuprofen 400mg tablets (DE Pharmaceuticals) (AMP)
13581311000001100,Mefenamic acid 500mg tablets (DE Pharmaceuticals) (AMP)
13581711000001101,Naproxen 250mg tablets (DE Pharmaceuticals) (AMP)
13583011000001102,Paracetamol 500mg tablets (DE Pharmaceuticals) (AMP)
13583611000001109,Sulindac 100mg tablets (DE Pharmaceuticals) (AMP)
13583811000001108,Sulindac 200mg tablets (DE Pharmaceuticals) (AMP)
13585411000001105,Aspirin 300mg dispersible tablets (DE Pharmaceuticals) (AMP)
13623411000001108,Ibuprofen 100mg/5ml oral suspension sugar free (Pinewood Healthcare) (AMP)
13623911000001100,Ibuprofen 100mg/5ml oral suspension 5ml sachets sugar free (Pinewood Healthcare) (AMP)
13624711000001100,Paracetamol 120mg/5ml oral suspension paediatric sugar free (Pinewood Healthcare) (AMP)
13625211000001108,Paracetamol 250mg/5ml oral suspension sugar free (Pinewood Healthcare) (AMP)
13629811000001107,Paramed Extra Power Pain Control tablets (Galpharm International Ltd) (AMP)
13630111000001108,Flu Relief with Decongestant capsules (Galpharm International Ltd) (AMP)
13630511000001104,Galprofen Long Lasting 300mg capsules (Galpharm International Ltd) (AMP)
13635511000001109,Ibuprofen 5% gel (Galpharm International Ltd) (AMP)
13636911000001109,Galpharm Children's Ibuprofen 100mg/5ml oral suspension (Galpharm International Ltd) (AMP)
13662111000001104,Aspirin 300mg dispersible tablets (Numark Ltd) (AMP)
13662311000001102,Aspirin 75mg dispersible tablets (Numark Ltd) (AMP)
136711000001104,Hedex 500mg tablets (Omega Pharma Ltd) (AMP)
13720211000001109,Gabapentin 800mg tablets (Sun Pharma UK Ltd) (AMP)
13722511000001108,Gabapentin 100mg capsules (Sun Pharma UK Ltd) (AMP)
13722811000001106,Gabapentin 300mg capsules (Sun Pharma UK Ltd) (AMP)
13723011000001109,Gabapentin 400mg capsules (Sun Pharma UK Ltd) (AMP)
13723211000001104,Gabapentin 600mg tablets (Sun Pharma UK Ltd) (AMP)
13746611000001106,Co-codamol 8mg/500mg tablets (Tillomed Laboratories Ltd) (AMP)
13750411000001109,Lloydspharmacy Ibuprofen Long Lasting 200mg capsules (Lloyds Pharmacy Ltd) (AMP)
137711000001101,Diclofenac sodium 50mg gastro-resistant tablets (Sterwin Medicines) (AMP)
13774211000001100,Tramadol 150mg modified-release capsules (Waymade Healthcare Plc) (AMP)
13774411000001101,Tramadol 200mg modified-release capsules (Waymade Healthcare Plc) (AMP)
13800111000001108,Sootheze Six Plus 250mg/5ml oral suspension (Aspar Pharmaceuticals Ltd) (AMP)
138011000001102,Aspirin 75mg gastro-resistant tablets (A A H Pharmaceuticals Ltd) (AMP)
13803811000001108,Alfentanil 1mg/2ml solution for injection ampoules (Martindale Pharmaceuticals Ltd) (AMP)
13804011000001100,Alfentanil 5mg/10ml solution for injection ampoules (Martindale Pharmaceuticals Ltd) (AMP)
13817711000001108,Meloxicam 15mg/5ml oral suspension (Special Order) (AMP)
13822011000001102,Meloxicam 15mg/5ml oral suspension (VMP)
13829511000001101,Arcoxia 60mg tablets (DE Pharmaceuticals) (AMP)
13829711000001106,Arcoxia 90mg tablets (DE Pharmaceuticals) (AMP)
13829911000001108,Arcoxia 120mg tablets (DE Pharmaceuticals) (AMP)
13830511000001106,Arthrotec 50 gastro-resistant tablets (DE Pharmaceuticals) (AMP)
13830711000001101,Arthrotec 75 gastro-resistant tablets (DE Pharmaceuticals) (AMP)
13837411000001106,Brexidol 20mg tablets (DE Pharmaceuticals) (AMP)
13845911000001109,Naproxen 250mg tablets (Almus Pharmaceuticals Ltd) (AMP)
13846111000001100,Naproxen 500mg tablets (Almus Pharmaceuticals Ltd) (AMP)
13847111000001102,Celebrex 100mg capsules (DE Pharmaceuticals) (AMP)
13847411000001107,Celebrex 200mg capsules (DE Pharmaceuticals) (AMP)
13860211000001101,Lloydspharmacy Ibuprofen 200mg liquid capsules (Lloyds Pharmacy Ltd) (AMP)
13860411000001102,Lloydspharmacy Maximum Strength Ibuprofen 400mg liquid capsules (Lloyds Pharmacy Ltd) (AMP)
13864911000001100,Diclofenac 1.16% gel (DE Pharmaceuticals) (AMP)
13865111000001104,Diclomax SR 75mg capsules (DE Pharmaceuticals) (AMP)
13876111000001101,Feldene 0.5% gel (DE Pharmaceuticals) (AMP)
13879011000001108,Amitriptyline 10mg/5ml oral solution (Special Order) (AMP)
13883111000001102,Co-codamol 8mg/500mg/5ml oral suspension (Special Order) (AMP)
13886511000001103,Diamorphine 100mg powder for solution for injection ampoules (Accord-UK Ltd) (AMP)
13886911000001105,Co-codamol 8mg/500mg/5ml oral solution (Special Order) (AMP)
13887111000001105,Diamorphine 500mg powder for solution for injection ampoules (Accord-UK Ltd) (AMP)
13891211000001105,Co-dydramol 10mg/500mg/5ml oral solution (Special Order) (AMP)
13891511000001108,Paracetamol 500mg/5ml oral solution (Special Order) (AMP)
13892411000001104,Amitriptyline 10mg/5ml oral solution (VMP)
13892811000001102,Co-codamol 8mg/500mg/5ml oral solution (VMP)
13892911000001107,Co-codamol 8mg/500mg/5ml oral suspension (VMP)
13893011000001104,Co-dydramol 10mg/500mg/5ml oral solution (VMP)
13893811000001105,Paracetamol 500mg/5ml oral solution (VMP)
13927811000001100,Lyrica 25mg capsules (DE Pharmaceuticals) (AMP)
13928311000001105,Lyrica 50mg capsules (DE Pharmaceuticals) (AMP)
13928511000001104,Lyrica 75mg capsules (DE Pharmaceuticals) (AMP)
13928711000001109,Lyrica 100mg capsules (DE Pharmaceuticals) (AMP)
13928911000001106,Lyrica 150mg capsules (DE Pharmaceuticals) (AMP)
13929111000001101,Lyrica 300mg capsules (DE Pharmaceuticals) (AMP)
13930111000001109,Meloxicam 15mg tablets (DE Pharmaceuticals) (AMP)
13930311000001106,Alfentanil 1mg/2ml solution for injection ampoules (Alliance Healthcare (Distribution) Ltd) (AMP)
13930511000001100,Alfentanil 5mg/10ml solution for injection ampoules (Alliance Healthcare (Distribution) Ltd) (AMP)
13939911000001101,Seractil 300mg tablets (Waymade Healthcare Plc) (AMP)
13942911000001105,Oruvail 200 modified-release capsules (DE Pharmaceuticals) (AMP)
13953711000001102,Ionsys 40micrograms/dose iontophoretic transdermal system (Janssen-Cilag Ltd) (AMP)
13956111000001108,Subutex 0.4mg sublingual tablets (DE Pharmaceuticals) (AMP)
13956911000001106,Subutex 2mg sublingual tablets (DE Pharmaceuticals) (AMP)
13957511000001102,Subutex 8mg sublingual tablets (DE Pharmaceuticals) (AMP)
139611000001100,Zydol XL 150mg tablets (Grunenthal Ltd) (AMP)
13970011000001106,Gabapentin 400mg/5ml oral suspension (Drug Tariff Special Order) (AMP)
13970511000001103,Gabapentin 400mg/5ml oral solution (Special Order) (AMP)
13977511000001104,Voltarol 100mg suppositories (DE Pharmaceuticals) (AMP)
13978411000001104,Voltarol 50mg dispersible tablets (DE Pharmaceuticals) (AMP)
13978611000001101,Voltarol 1.16% Emulgel (DE Pharmaceuticals) (AMP)
13978811000001102,Voltarol Rapid 50mg tablets (DE Pharmaceuticals) (AMP)
13980411000001107,Aspirin 40mg oral powder sachets (Special Order) (AMP)
13986911000001101,Pregabalin 75mg/5ml oral solution (Special Order) (AMP)
13987211000001107,Pregabalin 75mg/5ml oral suspension (Drug Tariff Special Order) (AMP)
13999811000001104,Zydol SR 100mg tablets (DE Pharmaceuticals) (AMP)
14000211000001101,Zydol SR 150mg tablets (DE Pharmaceuticals) (AMP)
14000511000001103,Zydol SR 200mg tablets (DE Pharmaceuticals) (AMP)
14004611000001106,Solaraze 3% gel (DE Pharmaceuticals) (AMP)
14008811000001102,Transtec 35micrograms/hour transdermal patches (DE Pharmaceuticals) (AMP)
14009111000001102,Transtec 52.5micrograms/hour transdermal patches (DE Pharmaceuticals) (AMP)
14009711000001101,Transtec 70micrograms/hour transdermal patches (DE Pharmaceuticals) (AMP)
14010811000001103,Gabapentin 400mg/5ml oral solution (VMP)
14012211000001103,Aspirin 40mg oral powder sachets (VMP)
14014011000001102,Gabapentin 400mg/5ml oral suspension (VMP)
14016711000001109,Pregabalin 75mg/5ml oral solution (VMP)
14016811000001101,Pregabalin 75mg/5ml oral suspension (VMP)
14019611000001108,Nortriptyline 25mg/5ml oral solution (Special Order) (AMP)
14019911000001102,Nortriptyline 25mg/5ml oral suspension (Special Order) (AMP)
14033611000001100,Voltarol Pain-eze 12.5mg tablets (Novartis Consumer Health UK Ltd) (AMP)
14053811000001100,Allegron 25mg tablets (Sigma Pharmaceuticals Plc) (AMP)
14057111000001104,Nortriptyline 25mg/5ml oral solution (VMP)
14057211000001105,Nortriptyline 25mg/5ml oral suspension (VMP)
14062911000001108,Diclofenac potassium 12.5mg tablets (VMP)
14116311000001101,Co-codamol 30mg/500mg capsules (Consilient Health Ltd) (AMP)
14121111000001101,Gabapentin 100mg capsules (Consilient Health Ltd) (AMP)
14121311000001104,Gabapentin 300mg capsules (Consilient Health Ltd) (AMP)
14121511000001105,Gabapentin 400mg capsules (Consilient Health Ltd) (AMP)
14121711000001100,Gabapentin 600mg tablets (Consilient Health Ltd) (AMP)
14121911000001103,Gabapentin 800mg tablets (Consilient Health Ltd) (AMP)
14162311000001104,Meloxicam 7.5mg tablets (Healthcare Pharma Ltd) (AMP)
14162511000001105,Meloxicam 15mg tablets (Healthcare Pharma Ltd) (AMP)
14189911000001106,Methadone 100mg suppositories (Special Order) (AMP)
14195411000001100,Arcoxia 60mg tablets (Sigma Pharmaceuticals Plc) (AMP)
14195911000001108,Arcoxia 90mg tablets (Sigma Pharmaceuticals Plc) (AMP)
14197111000001101,Arthrotec 50 gastro-resistant tablets (Sigma Pharmaceuticals Plc) (AMP)
14197511000001105,Arthrotec 75 gastro-resistant tablets (Sigma Pharmaceuticals Plc) (AMP)
14204211000001100,Methadone 100mg suppositories (VMP)
142111000001100,Zydol XL 200mg tablets (Grunenthal Ltd) (AMP)
14217411000001108,Gabapentin 800mg/5ml oral solution (Special Order) (AMP)
14218211000001108,Gabapentin 800mg/5ml oral suspension (Special Order) (AMP)
14232511000001103,Feldene 0.5% gel (Sigma Pharmaceuticals Plc) (AMP)
14232711000001108,Feldene Melt 20mg tablets (Sigma Pharmaceuticals Plc) (AMP)
14252711000001109,Gabapentin 800mg/5ml oral solution (VMP)
14252811000001101,Gabapentin 800mg/5ml oral suspension (VMP)
14286711000001102,Co-codamol 8mg/500mg capsules (Alliance Healthcare (Distribution) Ltd) (AMP)
14288711000001103,Brexidol 20mg tablets (Sigma Pharmaceuticals Plc) (AMP)
14314011000001103,Diclofenac 50mg dispersible tablets sugar free (Sigma Pharmaceuticals Plc) (AMP)
143611000001103,Naproxen 500mg gastro-resistant tablets (Teva UK Ltd) (AMP)
14368011000001108,Neurontin 300mg capsules (Sigma Pharmaceuticals Plc) (AMP)
14368611000001101,Neurontin 400mg capsules (Sigma Pharmaceuticals Plc) (AMP)
14376511000001105,Lyrica 100mg capsules (Sigma Pharmaceuticals Plc) (AMP)
14377311000001101,Nortriptyline 25mg tablets (Sigma Pharmaceuticals Plc) (AMP)
14377511000001107,Lyrica 150mg capsules (Sigma Pharmaceuticals Plc) (AMP)
14378711000001101,Lyrica 25mg capsules (Sigma Pharmaceuticals Plc) (AMP)
14380311000001106,Lyrica 50mg capsules (Sigma Pharmaceuticals Plc) (AMP)
14382011000001107,Lyrica 75mg capsules (Sigma Pharmaceuticals Plc) (AMP)
14492311000001100,Celebrex 100mg capsules (Sigma Pharmaceuticals Plc) (AMP)
14492711000001101,Celebrex 200mg capsules (Sigma Pharmaceuticals Plc) (AMP)
14493911000001106,Meloxicam 15mg tablets (Sigma Pharmaceuticals Plc) (AMP)
145211000001101,Indometacin 100mg suppositories (Actavis UK Ltd) (AMP)
14599211000001108,Paracetamol 500mg / Phenylephrine 6.1mg capsules (McNeil Products Ltd) (AMP)
14600611000001108,Nurofen Express 256mg tablets (Reckitt Benckiser Healthcare (UK) Ltd) (AMP)
14601611000001103,Nurofen Express 512mg tablets (Reckitt Benckiser Healthcare (UK) Ltd) (AMP)
14606211000001108,Ibuprofen sodium dihydrate 256mg tablets (VMP)
14606311000001100,Ibuprofen sodium dihydrate 512mg tablets (VMP)
14610811000001109,Kaolin and Morphine mixture (VMP)
14616511000001108,Subutex 0.4mg sublingual tablets (Sigma Pharmaceuticals Plc) (AMP)
14616911000001101,Subutex 2mg sublingual tablets (Sigma Pharmaceuticals Plc) (AMP)
14617711000001100,Subutex 8mg sublingual tablets (Sigma Pharmaceuticals Plc) (AMP)
14659611000001105,OxyNorm 5mg capsules (Waymade Healthcare Plc) (AMP)
14659911000001104,OxyNorm 10mg capsules (Waymade Healthcare Plc) (AMP)
14660211000001107,OxyNorm 20mg capsules (Waymade Healthcare Plc) (AMP)
146611000001109,Piroxicam 20mg capsules (Kent Pharma (UK) Ltd) (AMP)
14671611000001106,Oruvail 200 modified-release capsules (Sigma Pharmaceuticals Plc) (AMP)
14674911000001102,Transtec 35micrograms/hour transdermal patches (Sigma Pharmaceuticals Plc) (AMP)
14675111000001101,Transtec 52.5micrograms/hour transdermal patches (Sigma Pharmaceuticals Plc) (AMP)
14683811000001104,Transtec 70micrograms/hour transdermal patches (Sigma Pharmaceuticals Plc) (AMP)
14703311000001100,Ibuprofen 200mg capsules (Numark Ltd) (AMP)
14713011000001101,Mobic 7.5mg tablets (Sigma Pharmaceuticals Plc) (AMP)
14713411000001105,Mobic 15mg tablets (Sigma Pharmaceuticals Plc) (AMP)
14713911000001102,Mobiflex 20mg tablets (Sigma Pharmaceuticals Plc) (AMP)
14714811000001105,Piroxicam 10mg dispersible tablets (Sigma Pharmaceuticals Plc) (AMP)
14716311000001107,Piroxicam 20mg dispersible tablets (Sigma Pharmaceuticals Plc) (AMP)
14719611000001105,Buprenorphine 400microgram sublingual tablets sugar free (Teva UK Ltd) (AMP)
14719811000001109,Buprenorphine 2mg sublingual tablets sugar free (Teva UK Ltd) (AMP)
14720311000001104,Buprenorphine 8mg sublingual tablets sugar free (Teva UK Ltd) (AMP)
14740311000001102,Nurofen Express 256mg caplets (Reckitt Benckiser Healthcare (UK) Ltd) (AMP)
14759611000001104,Voltarol 50mg dispersible tablets (Sigma Pharmaceuticals Plc) (AMP)
14760111000001108,Voltarol 1.16% Emulgel (Sigma Pharmaceuticals Plc) (AMP)
14760311000001105,Voltarol 1.16% Emulgel P (Sigma Pharmaceuticals Plc) (AMP)
14760511000001104,Voltarol Rapid 50mg tablets (Sigma Pharmaceuticals Plc) (AMP)
14761111000001102,Voltarol Retard 100mg tablets (Sigma Pharmaceuticals Plc) (AMP)
14761311000001100,Voltarol 100mg suppositories (Sigma Pharmaceuticals Plc) (AMP)
14761511000001106,Voltarol 50mg suppositories (Sigma Pharmaceuticals Plc) (AMP)
14772411000001106,Ibuprofen 200mg tablets (Boston Healthcare Ltd) (AMP)
14772911000001103,Ibuprofen 400mg tablets (Boston Healthcare Ltd) (AMP)
14773611000001104,Ibuprofen 600mg tablets (Boston Healthcare Ltd) (AMP)
14783711000001102,Indometacin 25mg capsules (Boston Healthcare Ltd) (AMP)
14784211000001107,Paracetamol 500mg capsules (Boston Healthcare Ltd) (AMP)
14784511000001105,Ibuprofen 200mg tablets (Galpharm International Ltd) (AMP)
14784711000001100,Carexil 5mg modified-release tablets (Sandoz Ltd) (AMP)
14785111000001102,Carexil 10mg modified-release tablets (Sandoz Ltd) (AMP)
14785311000001100,Paracetamol 500mg caplets (Rusco Ltd) (AMP)
14785411000001107,Carexil 20mg modified-release tablets (Sandoz Ltd) (AMP)
14786111000001108,Paracetamol 120mg/5ml oral solution paediatric sugar free (Rusco Ltd) (AMP)
14802711000001106,Co-codamol 8mg/500mg tablets (Boston Healthcare Ltd) (AMP)
14930611000001104,Filnarine SR 200mg tablets (Teva UK Ltd) (AMP)
14937011000001107,Alfentanil 0.1% nasal spray (Special Order) (AMP)
14937511000001104,Alfentanil 0.1% nasal spray (VMP)
14945211000001109,Mefenamic acid 250mg capsules (Essential Generics Ltd) (AMP)
14945411000001108,Mefenamic acid 500mg tablets (Essential Generics Ltd) (AMP)
14946111000001109,Tenoxicam 20mg powder and solvent for solution for injection vials (Essential Generics Ltd) (AMP)
14947711000001108,Buprenorphine 400microgram sublingual tablets sugar free (Arrow Generics Ltd) (AMP)
14947911000001105,Buprenorphine 2mg sublingual tablets sugar free (Arrow Generics Ltd) (AMP)
14948111000001108,Buprenorphine 8mg sublingual tablets sugar free (Arrow Generics Ltd) (AMP)
14948311000001105,Abstral 100microgram sublingual tablets (Kyowa Kirin International UK NewCo Ltd) (AMP)
14948711000001109,Abstral 800microgram sublingual tablets (Kyowa Kirin International UK NewCo Ltd) (AMP)
14949011000001102,Abstral 600microgram sublingual tablets (Kyowa Kirin International UK NewCo Ltd) (AMP)
14949411000001106,Abstral 400microgram sublingual tablets (Kyowa Kirin International UK NewCo Ltd) (AMP)
14949911000001103,Abstral 300microgram sublingual tablets (Kyowa Kirin International UK NewCo Ltd) (AMP)
14950411000001103,Abstral 200microgram sublingual tablets (Kyowa Kirin International UK NewCo Ltd) (AMP)
14951911000001104,Fentanyl 100microgram sublingual tablets sugar free (VMP)
14952011000001106,Fentanyl 200microgram sublingual tablets sugar free (VMP)
14952111000001107,Fentanyl 300microgram sublingual tablets sugar free (VMP)
14952211000001101,Fentanyl 400microgram sublingual tablets sugar free (VMP)
14952311000001109,Fentanyl 600microgram sublingual tablets sugar free (VMP)
14952411000001102,Fentanyl 800microgram sublingual tablets sugar free (VMP)
14954011000001100,Marol 100mg modified-release tablets (Morningside Healthcare Ltd) (AMP)
14954211000001105,Marol 150mg modified-release tablets (Morningside Healthcare Ltd) (AMP)
14954411000001109,Marol 200mg modified-release tablets (Morningside Healthcare Ltd) (AMP)
14961011000001107,Alfentanil 5mg/10ml solution for injection ampoules (hameln pharma Ltd) (AMP)
14961211000001102,Buprenorphine 400microgram sublingual tablets sugar free (Kent Pharma (UK) Ltd) (AMP)
14961411000001103,Buprenorphine 2mg sublingual tablets sugar free (Kent Pharma (UK) Ltd) (AMP)
14961611000001100,Buprenorphine 8mg sublingual tablets sugar free (Kent Pharma (UK) Ltd) (AMP)
14961811000001101,Alfentanil 1mg/2ml solution for injection ampoules (hameln pharma Ltd) (AMP)
14962111000001103,Alfentanil 5mg/1ml solution for injection ampoules (hameln pharma Ltd) (AMP)
14962311000001101,Buprenorphine 400microgram sublingual tablets sugar free (Alliance Healthcare (Distribution) Ltd) (AMP)
14963311000001106,Buprenorphine 2mg sublingual tablets sugar free (Alliance Healthcare (Distribution) Ltd) (AMP)
14963511000001100,Buprenorphine 8mg sublingual tablets sugar free (Alliance Healthcare (Distribution) Ltd) (AMP)
14968811000001107,Buprenorphine 400microgram sublingual tablets sugar free (A A H Pharmaceuticals Ltd) (AMP)
14969111000001107,Buprenorphine 2mg sublingual tablets sugar free (A A H Pharmaceuticals Ltd) (AMP)
14969511000001103,Buprenorphine 8mg sublingual tablets sugar free (A A H Pharmaceuticals Ltd) (AMP)
14971111000001104,Effentora 100microgram buccal tablets (Teva UK Ltd) (AMP)
14971411000001109,Effentora 200microgram buccal tablets (Teva UK Ltd) (AMP)
14971711000001103,Effentora 400microgram buccal tablets (Teva UK Ltd) (AMP)
14972311000001106,Effentora 800microgram buccal tablets (Teva UK Ltd) (AMP)
14972511000001100,Panadol Advance 500mg tablets (Haleon UK Trading Ltd) (AMP)
14972811000001102,Effentora 600microgram buccal tablets (Teva UK Ltd) (AMP)
14973311000001101,Fentanyl 100microgram buccal tablets sugar free (VMP)
14973411000001108,Fentanyl 200microgram buccal tablets sugar free (VMP)
14973511000001107,Fentanyl 400microgram buccal tablets sugar free (VMP)
14973611000001106,Fentanyl 600microgram buccal tablets sugar free (VMP)
14973711000001102,Fentanyl 800microgram buccal tablets sugar free (VMP)
14975711000001101,Targinact 10mg/5mg modified-release tablets (Napp Pharmaceuticals Ltd) (AMP)
14976011000001107,Targinact 20mg/10mg modified-release tablets (Napp Pharmaceuticals Ltd) (AMP)
14976811000001101,Maxitram SR 200mg capsules (Chiesi Ltd) (AMP)
14977011000001105,Maxitram SR 150mg capsules (Chiesi Ltd) (AMP)
14977411000001101,Maxitram SR 50mg capsules (Chiesi Ltd) (AMP)
14978511000001103,Tramadol 100mg/2ml solution for injection ampoules (Kent Pharma (UK) Ltd) (AMP)
14983211000001101,Oldaram 100mg modified-release tablets (Sun Pharma UK Ltd) (AMP)
14983411000001102,Oldaram 150mg modified-release tablets (Sun Pharma UK Ltd) (AMP)
14983611000001104,Oldaram 200mg modified-release tablets (Sun Pharma UK Ltd) (AMP)
14985611000001100,Mobigel 4% spray (Mercury Pharma Group Ltd) (AMP)
14985811000001101,Oxycodone 10mg / Naloxone 5mg modified-release tablets (VMP)
14985911000001106,Oxycodone 20mg / Naloxone 10mg modified-release tablets (VMP)
14986011000001103,Diclofenac 4% cutaneous spray (VMP)
14986211000001108,Nortriptyline 10mg/5ml oral solution (Special Order) (AMP)
14986511000001106,Nortriptyline 10mg/5ml oral suspension (Special Order) (AMP)
15000611000001107,Nortriptyline 10mg/5ml oral solution (VMP)
15000711000001103,Nortriptyline 10mg/5ml oral suspension (VMP)
150011000001103,Naproxen 250mg tablets (IVAX Pharmaceuticals UK Ltd) (AMP)
15019211000001100,Ibuprofen 200mg capsules (Kent Pharma (UK) Ltd) (AMP)
15023011000001101,Tenoxicam 20mg powder and solvent for solution for injection vials (Alliance Healthcare (Distribution) Ltd) (AMP)
15023811000001107,Fentanyl 25micrograms/hour transdermal patches (Actavis UK Ltd) (AMP)
15024011000001104,Fentanyl 50micrograms/hour transdermal patches (Actavis UK Ltd) (AMP)
15024211000001109,Fentanyl 75micrograms/hour transdermal patches (Actavis UK Ltd) (AMP)
15024411000001108,Fentanyl 100micrograms/hour transdermal patches (Actavis UK Ltd) (AMP)
15037811000001104,Co-dydramol 10mg/500mg tablets (Wockhardt UK Ltd) (AMP)
15049411000001109,Durogesic DTrans 12micrograms/hour transdermal patches (Waymade Healthcare Plc) (AMP)
15049611000001107,Durogesic DTrans 25micrograms/hour transdermal patches (Waymade Healthcare Plc) (AMP)
15049811000001106,Durogesic DTrans 50micrograms/hour transdermal patches (Waymade Healthcare Plc) (AMP)
15050011000001105,Durogesic DTrans 75micrograms/hour transdermal patches (Waymade Healthcare Plc) (AMP)
15050211000001100,Durogesic DTrans 100micrograms/hour transdermal patches (Waymade Healthcare Plc) (AMP)
15051511000001109,Amitriptyline 25mg tablets (Sigma Pharmaceuticals Plc) (AMP)
15055611000001106,Ibuprofen 400mg tablets (Sigma Pharmaceuticals Plc) (AMP)
15058911000001106,Aceclofenac 100mg tablets (Sigma Pharmaceuticals Plc) (AMP)
15061411000001101,Buprenorphine 400microgram sublingual tablets sugar free (Sigma Pharmaceuticals Plc) (AMP)
15061611000001103,Buprenorphine 2mg sublingual tablets sugar free (Sigma Pharmaceuticals Plc) (AMP)
15067611000001107,Aspirin 300mg tablets (Sigma Pharmaceuticals Plc) (AMP)
15069611000001102,Aspirin 75mg dispersible tablets (Sigma Pharmaceuticals Plc) (AMP)
15069811000001103,Aspirin 300mg dispersible tablets (Sigma Pharmaceuticals Plc) (AMP)
15080211000001109,Co-codamol 30mg/500mg capsules (Sigma Pharmaceuticals Plc) (AMP)
15082011000001100,Dihydrocodeine 30mg tablets (Sigma Pharmaceuticals Plc) (AMP)
15082211000001105,Diclofenac 100mg suppositories (Sigma Pharmaceuticals Plc) (AMP)
15084611000001104,Fentanyl 100micrograms/hour transdermal patches (Sigma Pharmaceuticals Plc) (AMP)
15085711000001107,Fentanyl 25micrograms/hour transdermal patches (Sigma Pharmaceuticals Plc) (AMP)
15085911000001109,Fentanyl 50micrograms/hour transdermal patches (Sigma Pharmaceuticals Plc) (AMP)
15086111000001100,Fentanyl 75micrograms/hour transdermal patches (Sigma Pharmaceuticals Plc) (AMP)
15089511000001104,Gabapentin 100mg capsules (Sigma Pharmaceuticals Plc) (AMP)
15089711000001109,Gabapentin 300mg capsules (Sigma Pharmaceuticals Plc) (AMP)
15089911000001106,Gabapentin 400mg capsules (Sigma Pharmaceuticals Plc) (AMP)
15090111000001102,Gabapentin 600mg tablets (Sigma Pharmaceuticals Plc) (AMP)
15090311000001100,Gabapentin 800mg tablets (Sigma Pharmaceuticals Plc) (AMP)
15093811000001102,Co-dydramol 10mg/500mg tablets (Sigma Pharmaceuticals Plc) (AMP)
15100811000001100,Ibuprofen 100mg/5ml oral suspension sugar free (Sigma Pharmaceuticals Plc) (AMP)
15101111000001101,Ibuprofen 600mg tablets (Sigma Pharmaceuticals Plc) (AMP)
15101311000001104,Ibuprofen 10% gel (Sigma Pharmaceuticals Plc) (AMP)
15101811000001108,Indometacin 100mg suppositories (Sigma Pharmaceuticals Plc) (AMP)
15103211000001106,Ketoprofen 2.5% gel (Sigma Pharmaceuticals Plc) (AMP)
15103511000001109,Ketoprofen 50mg capsules (Sigma Pharmaceuticals Plc) (AMP)
15109011000001103,Mefenamic acid 500mg tablets (Sigma Pharmaceuticals Plc) (AMP)
15109311000001100,Meloxicam 15mg tablets (Sigma Pharmaceuticals Plc) (AMP)
15109611000001105,Meloxicam 7.5mg tablets (Sigma Pharmaceuticals Plc) (AMP)
1511000001104,Ibuprofen 400mg tablets (Teva UK Ltd) (AMP)
15110611000001102,Methadone 1mg/ml oral solution sugar free (Sigma Pharmaceuticals Plc) (AMP)
15118611000001104,Pregabalin 150mg/5ml oral solution (Special Order) (AMP)
15118911000001105,Pregabalin 150mg/5ml oral suspension (Special Order) (AMP)
15119311000001103,Aceclofenac 100mg tablets (Mawdsley-Brooks & Company Ltd) (AMP)
15123111000001106,Co-codamol 8mg/500mg effervescent tablets (Numark Ltd) (AMP)
15124211000001102,Aspirin 300mg dispersible tablets (Mawdsley-Brooks & Company Ltd) (AMP)
15125311000001109,Pregabalin 150mg/5ml oral solution (VMP)
15125411000001102,Pregabalin 150mg/5ml oral suspension (VMP)
15129611000001101,Gabapentin 800mg tablets (PLIVA Pharma Ltd) (AMP)
15129811000001102,Gabapentin 600mg tablets (PLIVA Pharma Ltd) (AMP)
15151911000001109,Tenoxicam 20mg powder and solvent for solution for injection vials (A A H Pharmaceuticals Ltd) (AMP)
15154211000001103,Paracetamol 120mg/5ml oral solution paediatric sugar free (Sigma Pharmaceuticals Plc) (AMP)
15154511000001100,Paracetamol 500mg capsules (Sigma Pharmaceuticals Plc) (AMP)
15155111000001108,Pentazocine 25mg tablets (Sigma Pharmaceuticals Plc) (AMP)
15155311000001105,Pentazocine 50mg capsules (Sigma Pharmaceuticals Plc) (AMP)
15162411000001100,Co-codamol 8mg/500mg tablets (Almus Pharmaceuticals Ltd) (AMP)
15165011000001104,Gabapentin 600mg tablets (Actavis UK Ltd) (AMP)
15165211000001109,Gabapentin 800mg tablets (Actavis UK Ltd) (AMP)
15166111000001109,Aceclofenac 100mg tablets (Actavis UK Ltd) (AMP)
15172211000001105,Piroxicam 0.5% gel (Sigma Pharmaceuticals Plc) (AMP)
15195711000001100,Tramadol 50mg capsules (Sigma Pharmaceuticals Plc) (AMP)
15195911000001103,Tramadol 100mg modified-release tablets (Sigma Pharmaceuticals Plc) (AMP)
15196411000001102,Tramadol 150mg modified-release tablets (Sigma Pharmaceuticals Plc) (AMP)
15196811000001100,Tramadol 200mg modified-release tablets (Sigma Pharmaceuticals Plc) (AMP)
15205411000001106,Codeine 15mg tablets (Sigma Pharmaceuticals Plc) (AMP)
15214611000001106,Co-codamol 8mg/500mg effervescent tablets (Sigma Pharmaceuticals Plc) (AMP)
15215311000001102,Co-codamol 8mg/500mg tablets (Sigma Pharmaceuticals Plc) (AMP)
15216111000001105,Codeine 15mg/5ml linctus sugar free (Sigma Pharmaceuticals Plc) (AMP)
15229011000001105,Tenoxicam 20mg tablets (Sigma Pharmaceuticals Plc) (AMP)
15230611000001106,Terpin 32.5mg/5ml / Codeine 16mg/5ml linctus (Sigma Pharmaceuticals Plc) (AMP)
15234311000001109,Morphine 100mg modified-release tablets (Sigma Pharmaceuticals Plc) (AMP)
15234511000001103,Morphine 10mg modified-release tablets (Sigma Pharmaceuticals Plc) (AMP)
15234711000001108,Morphine 30mg modified-release tablets (Sigma Pharmaceuticals Plc) (AMP)
15234911000001105,Morphine 60mg modified-release tablets (Sigma Pharmaceuticals Plc) (AMP)
15236411000001105,Naproxen 375mg gastro-resistant tablets (Sigma Pharmaceuticals Plc) (AMP)
15238211000001107,Diclofenac 100mg/5ml oral solution (Special Order) (AMP)
15238511000001105,Diclofenac 100mg/5ml oral suspension (Special Order) (AMP)
15238911000001103,Pregabalin 200mg/5ml oral solution (Special Order) (AMP)
15239211000001102,Pregabalin 200mg/5ml oral suspension (Special Order) (AMP)
15242611000001108,Diclofenac 100mg/5ml oral solution (VMP)
15242711000001104,Diclofenac 100mg/5ml oral suspension (VMP)
15243311000001108,Pregabalin 200mg/5ml oral solution (VMP)
15243411000001101,Pregabalin 200mg/5ml oral suspension (VMP)
15248711000001101,Morphine sulfate 100mg/50ml solution for infusion vials (Alliance Healthcare (Distribution) Ltd) (AMP)
152911000001100,Actiq 200microgram lozenges with integral oromucosal applicator (Teva UK Ltd) (AMP)
15302411000001109,Osmanil 25micrograms/hour transdermal patches (Zentiva Pharma UK Ltd) (AMP)
15302611000001107,Osmanil 50micrograms/hour transdermal patches (Zentiva Pharma UK Ltd) (AMP)
15302811000001106,Osmanil 75micrograms/hour transdermal patches (Zentiva Pharma UK Ltd) (AMP)
15303011000001109,Osmanil 100micrograms/hour transdermal patches (Zentiva Pharma UK Ltd) (AMP)
15356811000001101,Gabapentin 600mg tablets (Zentiva Pharma UK Ltd) (AMP)
15357011000001105,Gabapentin 800mg tablets (Zentiva Pharma UK Ltd) (AMP)
15363211000001100,Victanyl 25micrograms/hour transdermal patches (Accord-UK Ltd) (AMP)
15363411000001101,Victanyl 50micrograms/hour transdermal patches (Accord-UK Ltd) (AMP)
15363611000001103,Victanyl 75micrograms/hour transdermal patches (Accord-UK Ltd) (AMP)
15363811000001104,Victanyl 100micrograms/hour transdermal patches (Accord-UK Ltd) (AMP)
15367411000001108,Co-codamol 8mg/500mg tablets (Numark Ltd) (AMP)
15404411000001109,Diamorphine 5mg powder for solution for injection ampoules (ViroPharma Ltd) (AMP)
15405411000001105,Diamorphine 10mg powder for solution for injection ampoules (ViroPharma Ltd) (AMP)
15405511000001109,Diamorphine 30mg powder for solution for injection ampoules (ViroPharma Ltd) (AMP)
15405611000001108,Diamorphine 100mg powder for solution for injection ampoules (ViroPharma Ltd) (AMP)
15405711000001104,Diamorphine 500mg powder for solution for injection ampoules (ViroPharma Ltd) (AMP)
15417211000001101,Diclomax Retard 100mg capsules (Waymade Healthcare Plc) (AMP)
15417411000001102,Diclomax SR 75mg capsules (Waymade Healthcare Plc) (AMP)
15422211000001107,Diamorphine 5mg powder for solution for injection ampoules (Accord-UK Ltd) (AMP)
15422411000001106,Diamorphine 10mg powder for solution for injection ampoules (Accord-UK Ltd) (AMP)
15422611000001109,Diamorphine 30mg powder for solution for injection ampoules (Accord-UK Ltd) (AMP)
15424011000001108,Morphine sulfate 10mg/1ml suspension for injection vials (VMP)
15424211000001103,Depodur 10mg/1ml suspension for injection vials (Flynn Pharma Ltd) (AMP)
15428311000001101,Diamorphine 320mg/5ml oral solution (Special Order) (AMP)
15436511000001108,Diamorphine 320mg/5ml oral solution (VMP)
15512111000001104,Feminax Ultra 250mg gastro-resistant tablets (Bayer Plc) (AMP)
15527611000001102,Pregabalin 75mg oral powder sachets (Special Order) (AMP)
15534611000001106,Pregabalin 75mg oral powder sachets (VMP)
155411000001100,Oruvail 100 modified-release capsules (Sanofi) (AMP)
15545411000001108,OxyNorm 50mg/1ml solution for injection ampoules (Napp Pharmaceuticals Ltd) (AMP)
15609811000001108,Tramadol 150mg modified-release capsules (A A H Pharmaceuticals Ltd) (AMP)
15610011000001108,Tramadol 200mg modified-release capsules (A A H Pharmaceuticals Ltd) (AMP)
15611011000001104,Co-codamol 8mg/500mg capsules (Bayer Plc) (AMP)
15613611000001105,Oxycodone 50mg/1ml solution for injection ampoules (VMP)
15617011000001109,Diamorphine 250mg/5ml oral solution (Special Order) (AMP)
15617311000001107,Diamorphine 260mg/5ml oral solution (Special Order) (AMP)
15617611000001102,Diamorphine 270mg/5ml oral solution (Special Order) (AMP)
15617911000001108,Diamorphine 280mg/5ml oral solution (Special Order) (AMP)
15618211000001100,Diamorphine 290mg/5ml oral solution (Special Order) (AMP)
15618511000001102,Diamorphine 300mg/5ml oral solution (Special Order) (AMP)
15618811000001104,Diamorphine 310mg/5ml oral solution (Special Order) (AMP)
15619111000001104,Diamorphine 330mg/5ml oral solution (Special Order) (AMP)
15627411000001107,Fentanyl 100micrograms/2ml solution for injection ampoules (Actavis UK Ltd) (AMP)
15628411000001106,Fentanyl 500micrograms/10ml solution for injection ampoules (Actavis UK Ltd) (AMP)
15628611000001109,Pethidine 100mg/2ml solution for injection ampoules (Actavis UK Ltd) (AMP)
15629011000001107,Pethidine 50mg/1ml solution for injection ampoules (Actavis UK Ltd) (AMP)
15631511000001102,Diamorphine 250mg/5ml oral solution (VMP)
15631611000001103,Diamorphine 260mg/5ml oral solution (VMP)
15631711000001107,Diamorphine 270mg/5ml oral solution (VMP)
15631811000001104,Diamorphine 280mg/5ml oral solution (VMP)
15631911000001109,Diamorphine 290mg/5ml oral solution (VMP)
15632011000001102,Diamorphine 300mg/5ml oral solution (VMP)
15632111000001101,Diamorphine 310mg/5ml oral solution (VMP)
15632211000001107,Diamorphine 330mg/5ml oral solution (VMP)
15638011000001104,Mobigel Paineze 4% spray (Mercury Pharma Group Ltd) (AMP)
15699111000001103,Hydromorphone 50mg/1ml solution for injection ampoules (Special Order) (AMP)
15711000001109,Ibuprofen 600mg tablets (Sun Pharma UK Ltd) (AMP)
15737811000001102,Co-codamol 8mg/500mg effervescent tablets (Actavis UK Ltd) (AMP)
15774711000001101,Hydromorphone 50mg/1ml solution for injection ampoules (VMP)
15850911000001105,Targinact 5mg/2.5mg modified-release tablets (Napp Pharmaceuticals Ltd) (AMP)
15851311000001104,Targinact 40mg/20mg modified-release tablets (Napp Pharmaceuticals Ltd) (AMP)
15852811000001104,Oxycodone 40mg / Naloxone 20mg modified-release tablets (VMP)
15852911000001109,Oxycodone 5mg / Naloxone 2.5mg modified-release tablets (VMP)
15856111000001105,Meloxicam 7.5mg/5ml oral suspension (Special Order) (AMP)
15881511000001101,Indometacin 5mg/5ml oral suspension (Special Order) (AMP)
15881811000001103,Indometacin 5mg/5ml oral solution (Special Order) (AMP)
15896311000001103,Pregabalin 25mg/5ml oral solution (Special Order) (AMP)
15896811000001107,Pregabalin 25mg/5ml oral suspension (Special Order) (AMP)
15914011000001100,Indometacin 5mg/5ml oral solution (VMP)
15914111000001104,Indometacin 5mg/5ml oral suspension (VMP)
15915211000001106,Pregabalin 25mg/5ml oral solution (VMP)
15915311000001103,Pregabalin 25mg/5ml oral suspension (VMP)
15937711000001102,Tramadol 50mg modified-release capsules (A A H Pharmaceuticals Ltd) (AMP)
159611000001104,Neurontin 800mg tablets (Viatris UK Healthcare Ltd) (AMP)
15967511000001101,Aspirin 75mg gastro-resistant tablets (Zanza Specials International Ltd) (AMP)
15974211000001104,Paracetamol 500mg tablets (Zanza Specials International Ltd) (AMP)
15977711000001104,Paracetamol 500mg soluble tablets (Zanza Specials International Ltd) (AMP)
15985111000001103,Aspirin 75mg dispersible tablets (Bristol Laboratories Ltd) (AMP)
15985411000001108,Aspirin 75mg gastro-resistant tablets (Bristol Laboratories Ltd) (AMP)
15985711000001102,Aspirin 300mg tablets (Bristol Laboratories Ltd) (AMP)
15990111000001107,Co-codamol 8mg/500mg tablets (Bristol Laboratories Ltd) (AMP)
15990511000001103,Codeine 15mg tablets (Bristol Laboratories Ltd) (AMP)
160311000001105,Paracetamol 250mg/5ml oral suspension (Alliance Healthcare (Distribution) Ltd) (AMP)
16034111000001104,Instanyl 50micrograms/dose nasal spray (Takeda UK Ltd) (AMP)
16034711000001103,Instanyl 100micrograms/dose nasal spray (Takeda UK Ltd) (AMP)
16035311000001103,Instanyl 200micrograms/dose nasal spray (Takeda UK Ltd) (AMP)
16036311000001108,Ibuprofen 200mg / Phenylephrine 5mg tablets (VMP)
16037611000001101,Fentanyl 100micrograms/dose nasal spray (VMP)
16037711000001105,Fentanyl 200micrograms/dose nasal spray (VMP)
16037811000001102,Fentanyl 50micrograms/dose nasal spray (VMP)
16047411000001103,Co-dydramol 10mg/500mg oral powder sachets (Special Order) (AMP)
16048111000001109,Codeine 30mg tablets (Bristol Laboratories Ltd) (AMP)
16048911000001107,Dihydrocodeine 30mg tablets (Bristol Laboratories Ltd) (AMP)
16056611000001104,Ibuprofen 200mg tablets (Bristol Laboratories Ltd) (AMP)
16057111000001105,Ibuprofen 400mg tablets (Bristol Laboratories Ltd) (AMP)
16057511000001101,Diamorphine 5mg powder for solution for injection vials (Teva UK Ltd) (AMP)
16057911000001108,Diamorphine 10mg powder for solution for injection vials (Teva UK Ltd) (AMP)
16058311000001108,Diamorphine 30mg powder for solution for injection vials (Teva UK Ltd) (AMP)
16058811000001104,Diamorphine 100mg powder for solution for injection vials (Teva UK Ltd) (AMP)
16059511000001108,Diamorphine 500mg powder for solution for injection vials (Teva UK Ltd) (AMP)
16062811000001106,Paracetamol 500mg capsules (Bristol Laboratories Ltd) (AMP)
16069711000001109,Tramadol 50mg capsules (Bristol Laboratories Ltd) (AMP)
16073011000001100,Co-dydramol 10mg/500mg oral powder sachets (VMP)
16073411000001109,Diamorphine 100mg powder for solution for injection vials (VMP)
16073511000001108,Diamorphine 10mg powder for solution for injection vials (VMP)
16073611000001107,Diamorphine 30mg powder for solution for injection vials (VMP)
16073711000001103,Diamorphine 500mg powder for solution for injection vials (VMP)
16073811000001106,Diamorphine 5mg powder for solution for injection vials (VMP)
16088911000001101,Osmanil 12micrograms/hour transdermal patches (Zentiva Pharma UK Ltd) (AMP)
16096411000001107,Aspirin 37.5mg oral powder sachets (Special Order) (AMP)
16100911000001108,Aspirin 37.5mg oral powder sachets (VMP)
161211000001108,Naproxen 500mg tablets (Actavis UK Ltd) (AMP)
16134311000001105,Acupan 30mg tablets (Lexon (UK) Ltd) (AMP)
16136611000001109,Allegron 10mg tablets (Lexon (UK) Ltd) (AMP)
16136811000001108,Allegron 25mg tablets (Lexon (UK) Ltd) (AMP)
16138511000001106,Arcoxia 60mg tablets (Lexon (UK) Ltd) (AMP)
16138711000001101,Arcoxia 90mg tablets (Lexon (UK) Ltd) (AMP)
16140611000001108,Axorid 200mg/20mg modified-release capsules (Meda Pharmaceuticals Ltd) (AMP)
16142811000001108,Brexidol 20mg tablets (Lexon (UK) Ltd) (AMP)
16147411000001109,Celebrex 200mg capsules (Lexon (UK) Ltd) (AMP)
16148311000001101,Axorid 100mg/20mg modified-release capsules (Meda Pharmaceuticals Ltd) (AMP)
16174311000001107,Ketoprofen 100mg / Omeprazole 20mg modified-release capsules (VMP)
16174411000001100,Ketoprofen 200mg / Omeprazole 20mg modified-release capsules (VMP)
16175611000001101,Feldene 0.5% gel (Lexon (UK) Ltd) (AMP)
162011000001106,Naprosyn 500mg tablets (Atnahs Pharma UK Ltd) (AMP)
16204211000001109,Lyrica 25mg capsules (Lexon (UK) Ltd) (AMP)
16204811000001105,Lyrica 50mg capsules (Lexon (UK) Ltd) (AMP)
16205111000001104,Lyrica 75mg capsules (Lexon (UK) Ltd) (AMP)
16205311000001102,Lyrica 100mg capsules (Lexon (UK) Ltd) (AMP)
16205511000001108,Lyrica 150mg capsules (Lexon (UK) Ltd) (AMP)
16207511000001104,Mobic 7.5mg tablets (Lexon (UK) Ltd) (AMP)
16207711000001109,Mobic 15mg tablets (Lexon (UK) Ltd) (AMP)
16212811000001102,Naproxen 250mg gastro-resistant tablets (Sun Pharma UK Ltd) (AMP)
16213011000001104,Naproxen 500mg gastro-resistant tablets (Sun Pharma UK Ltd) (AMP)
16214311000001104,Nortriptyline 25mg tablets (Lexon (UK) Ltd) (AMP)
16218011000001106,Oruvail 200 modified-release capsules (Lexon (UK) Ltd) (AMP)
16219611000001108,OxyContin 5mg modified-release tablets (Lexon (UK) Ltd) (AMP)
16219811000001107,OxyContin 10mg modified-release tablets (Lexon (UK) Ltd) (AMP)
16220011000001100,OxyContin 20mg modified-release tablets (Lexon (UK) Ltd) (AMP)
16220211000001105,OxyContin 40mg modified-release tablets (Lexon (UK) Ltd) (AMP)
16220411000001109,OxyContin 80mg modified-release tablets (Lexon (UK) Ltd) (AMP)
16220611000001107,OxyNorm 5mg capsules (Lexon (UK) Ltd) (AMP)
16220811000001106,OxyNorm 10mg capsules (Lexon (UK) Ltd) (AMP)
16221011000001109,OxyNorm 20mg capsules (Lexon (UK) Ltd) (AMP)
16225511000001103,Powergel 2.5% gel (Lexon (UK) Ltd) (AMP)
16236911000001100,Diclofenac potassium 25mg tablets (Accord-UK Ltd) (AMP)
16237611000001108,Diclofenac potassium 50mg tablets (Accord-UK Ltd) (AMP)
16251111000001106,Subutex 0.4mg sublingual tablets (Lexon (UK) Ltd) (AMP)
16251511000001102,Subutex 2mg sublingual tablets (Lexon (UK) Ltd) (AMP)
16251711000001107,Subutex 8mg sublingual tablets (Lexon (UK) Ltd) (AMP)
16256911000001104,Acupan 30mg tablets (Mawdsley-Brooks & Company Ltd) (AMP)
16257411000001109,Diclofenac 50mg dispersible tablets sugar free (Mawdsley-Brooks & Company Ltd) (AMP)
16258311000001101,Diclomax Retard 100mg capsules (Mawdsley-Brooks & Company Ltd) (AMP)
16258611000001106,Diclomax SR 75mg capsules (Mawdsley-Brooks & Company Ltd) (AMP)
16259011000001109,Allegron 10mg tablets (Mawdsley-Brooks & Company Ltd) (AMP)
16259211000001104,Allegron 25mg tablets (Mawdsley-Brooks & Company Ltd) (AMP)
16265311000001101,Arcoxia 60mg tablets (Mawdsley-Brooks & Company Ltd) (AMP)
16265711000001102,Arcoxia 90mg tablets (Mawdsley-Brooks & Company Ltd) (AMP)
16266111000001109,Arcoxia 120mg tablets (Mawdsley-Brooks & Company Ltd) (AMP)
16268811000001101,Arthrotec 75 gastro-resistant tablets (Mawdsley-Brooks & Company Ltd) (AMP)
16331311000001104,Voltarol 50mg dispersible tablets (Lexon (UK) Ltd) (AMP)
163411000001106,Aspirin 75mg dispersible tablets (IVAX Pharmaceuticals UK Ltd) (AMP)
16347811000001100,Brexidol 20mg tablets (Mawdsley-Brooks & Company Ltd) (AMP)
16425811000001104,Co-codamol 30mg/500mg capsules (Advanz Pharma) (AMP)
16431211000001100,Paracetamol 500mg tablets (Wockhardt UK Ltd) (AMP)
16431611000001103,Aspirin 75mg gastro-resistant tablets (Wockhardt UK Ltd) (AMP)
16432211000001107,Suboxone 8mg/2mg sublingual tablets (Waymade Healthcare Plc) (AMP)
16437311000001102,Methadone 1mg/ml oral solution colour free (Special Order) (AMP)
16437811000001106,Methadone 1mg/ml oral solution colour free sugar free (Special Order) (AMP)
164411000001109,Mefenamic acid 250mg capsules (Zentiva Pharma UK Ltd) (AMP)
16441311000001109,Alfentanil 5mg/1ml solution for injection ampoules (A A H Pharmaceuticals Ltd) (AMP)
16442411000001107,Diamorphine 5mg powder for solution for injection vials (A A H Pharmaceuticals Ltd) (AMP)
16442611000001105,Diamorphine 10mg powder for solution for injection vials (A A H Pharmaceuticals Ltd) (AMP)
16442811000001109,Diamorphine 30mg powder for solution for injection vials (A A H Pharmaceuticals Ltd) (AMP)
16443011000001107,Diamorphine 100mg powder for solution for injection vials (A A H Pharmaceuticals Ltd) (AMP)
16443411000001103,Diamorphine 500mg powder for solution for injection vials (A A H Pharmaceuticals Ltd) (AMP)
16446911000001100,Voltarol Rapid 50mg tablets (Lexon (UK) Ltd) (AMP)
16447311000001103,Voltarol 100mg suppositories (Lexon (UK) Ltd) (AMP)
16447511000001109,Voltarol 1.16% Emulgel (Lexon (UK) Ltd) (AMP)
16448511000001108,Zamadol SR 150mg capsules (Lexon (UK) Ltd) (AMP)
16448711000001103,Zamadol SR 200mg capsules (Lexon (UK) Ltd) (AMP)
16453711000001107,Zydol 50mg capsules (Lexon (UK) Ltd) (AMP)
16453911000001109,Zydol SR 100mg tablets (Lexon (UK) Ltd) (AMP)
16454111000001108,Zydol SR 150mg tablets (Lexon (UK) Ltd) (AMP)
16454311000001105,Zydol SR 200mg tablets (Lexon (UK) Ltd) (AMP)
16455411000001102,Paracetamol 500mg capsules (Wockhardt UK Ltd) (AMP)
16458511000001106,Celebrex 100mg capsules (Mawdsley-Brooks & Company Ltd) (AMP)
16458911000001104,Celebrex 200mg capsules (Mawdsley-Brooks & Company Ltd) (AMP)
16497711000001105,Buprenorphine 2mg sublingual tablets sugar free (Accord-UK Ltd) (AMP)
16497911000001107,Buprenorphine 8mg sublingual tablets sugar free (Accord-UK Ltd) (AMP)
165011000001101,Co-codamol 8mg/500mg tablets (Actavis UK Ltd) (AMP)
16515211000001103,Lyrica 25mg capsules (Mawdsley-Brooks & Company Ltd) (AMP)
16516411000001108,Lyrica 50mg capsules (Mawdsley-Brooks & Company Ltd) (AMP)
16516711000001102,Lyrica 75mg capsules (Mawdsley-Brooks & Company Ltd) (AMP)
16517611000001108,Lyrica 100mg capsules (Mawdsley-Brooks & Company Ltd) (AMP)
16528311000001106,Ibucalm 200mg tablets (Aspar Pharmaceuticals Ltd) (AMP)
16528811000001102,Ibucalm 400mg tablets (Aspar Pharmaceuticals Ltd) (AMP)
16537111000001106,Lyrica 150mg capsules (Mawdsley-Brooks & Company Ltd) (AMP)
16537611000001103,Lyrica 200mg capsules (Mawdsley-Brooks & Company Ltd) (AMP)
16538011000001106,Lyrica 300mg capsules (Mawdsley-Brooks & Company Ltd) (AMP)
16544911000001102,Feldene 0.5% gel (Stephar (U.K.) Ltd) (AMP)
16548111000001106,Ketoprofen 2.5% gel (Pinewood Healthcare) (AMP)
16556511000001100,Mobic 15mg tablets (Mawdsley-Brooks & Company Ltd) (AMP)
16565111000001108,Durogesic DTrans 12micrograms/hour transdermal patches (Mawdsley-Brooks & Company Ltd) (AMP)
16565411000001103,Durogesic DTrans 25micrograms/hour transdermal patches (Mawdsley-Brooks & Company Ltd) (AMP)
16565811000001101,Durogesic DTrans 50micrograms/hour transdermal patches (Mawdsley-Brooks & Company Ltd) (AMP)
16566011000001103,Durogesic DTrans 75micrograms/hour transdermal patches (Mawdsley-Brooks & Company Ltd) (AMP)
16566211000001108,Durogesic DTrans 100micrograms/hour transdermal patches (Mawdsley-Brooks & Company Ltd) (AMP)
165711000001104,Fenbid 5% gel (Advanz Pharma) (AMP)
16576411000001101,Feldene 0.5% gel (Mawdsley-Brooks & Company Ltd) (AMP)
16576611000001103,Feldene Melt 20mg tablets (Mawdsley-Brooks & Company Ltd) (AMP)
16582711000001103,Lyrica 25mg capsules (Stephar (U.K.) Ltd) (AMP)
16583111000001105,Lyrica 50mg capsules (Stephar (U.K.) Ltd) (AMP)
16583311000001107,Lyrica 75mg capsules (Stephar (U.K.) Ltd) (AMP)
16583611000001102,Lyrica 100mg capsules (Stephar (U.K.) Ltd) (AMP)
16583811000001103,Lyrica 150mg capsules (Stephar (U.K.) Ltd) (AMP)
166111000001106,Arthrosin 500 tablets (Ashbourne Pharmaceuticals Ltd) (AMP)
16650211000001108,Diclofenac potassium 50mg tablets (A A H Pharmaceuticals Ltd) (AMP)
16652611000001106,Morphine 10mg modified-release tablets (A A H Pharmaceuticals Ltd) (AMP)
16652811000001105,Morphine 30mg modified-release tablets (A A H Pharmaceuticals Ltd) (AMP)
16653011000001108,Morphine 60mg modified-release tablets (A A H Pharmaceuticals Ltd) (AMP)
16653211000001103,Morphine 100mg modified-release tablets (A A H Pharmaceuticals Ltd) (AMP)
16653411000001104,Morphine 200mg modified-release tablets (A A H Pharmaceuticals Ltd) (AMP)
16655311000001107,Panadol OA 1000mg tablets (Haleon UK Trading Ltd) (AMP)
16659711000001108,Ibuprofen 10% gel (Advanz Pharma) (AMP)
16665611000001108,Paracetamol 1g tablets (VMP)
166711000001107,Diclofenac 100mg suppositories (A A H Pharmaceuticals Ltd) (AMP)
16681111000001104,Voltarol 50mg dispersible tablets (Stephar (U.K.) Ltd) (AMP)
16681411000001109,Voltarol 100mg suppositories (Stephar (U.K.) Ltd) (AMP)
16681611000001107,Voltarol 1.16% Emulgel (Stephar (U.K.) Ltd) (AMP)
16681811000001106,Voltarol Rapid 50mg tablets (Stephar (U.K.) Ltd) (AMP)
16729711000001102,Alfentanil 1mg/2ml solution for injection ampoules (A A H Pharmaceuticals Ltd) (AMP)
16742511000001100,Paracetamol 120mg/5ml oral suspension paediatric (Rosemont Pharmaceuticals Ltd) (AMP)
16743011000001104,Paracetamol 250mg/5ml oral suspension (Rosemont Pharmaceuticals Ltd) (AMP)
16748111000001107,"Flu Strength Hot Lemon Powders 1g oral powder sachets (Bell,Sons & Co (Druggists) Ltd) (AMP)"
16757111000001108,Paracetamol 650mg oral powder sachets (VMP)
16968111000001109,Ibuleve Speed Relief 5% spray (Diomed Developments Ltd) (AMP)
170111000001100,Methadone 20mg/2ml solution for injection ampoules (Wockhardt UK Ltd) (AMP)
17014711000001105,Diclofenac potassium 25mg tablets (A A H Pharmaceuticals Ltd) (AMP)
170211000001106,Co-dydramol 10mg/500mg tablets (IVAX Pharmaceuticals UK Ltd) (AMP)
17023611000001107,"Ibuprofen 200mg tablets (Bell,Sons & Co (Druggists) Ltd) (AMP)"
17031711000001102,Co-proxamol 32.5mg/325mg tablets (Lexon (UK) Ltd) (AMP)
17042011000001106,Hedex Ibuprofen 200mg tablets (Omega Pharma Ltd) (AMP)
17055111000001102,Co-codamol 8mg/500mg effervescent tablets (Lloyds Pharmacy Ltd) (AMP)
17062911000001102,Bupivacaine 100mg/100ml (0.1%) / Fentanyl 200micrograms/100ml infusion bags (Special Order) (AMP)
17063011000001105,Bupivacaine 250mg/250ml (0.1%) / Fentanyl 500micrograms/250ml infusion bags (Special Order) (AMP)
17063111000001106,Bupivacaine 500mg/500ml (0.1%) / Fentanyl 1mg/500ml infusion bags (Special Order) (AMP)
17071111000001101,Bupivacaine 100mg/100ml (0.1%) / Fentanyl 200micrograms/100ml infusion bags (VMP)
17071211000001107,Bupivacaine 250mg/250ml (0.1%) / Fentanyl 500micrograms/250ml infusion bags (VMP)
17071311000001104,Bupivacaine 500mg/500ml (0.1%) / Fentanyl 1mg/500ml infusion bags (VMP)
171011000001105,Meptid 100mg/1ml solution for injection ampoules (Almirall Ltd) (AMP)
171811000001104,Paracetamol 500mg caplets (A A H Pharmaceuticals Ltd) (AMP)
17203811000001108,Meloxicam 7.5mg tablets (Sovereign Medical Ltd) (AMP)
17204011000001100,Meloxicam 15mg tablets (Sovereign Medical Ltd) (AMP)
172111000001101,Indocid R 75mg capsules (Organon Pharma (UK) Ltd) (AMP)
17219611000001109,Morphine sulfate 30mg/30ml solution for infusion vials (South Devon Healthcare) (AMP)
17221711000001107,Pure Health Aspirin 75mg dispersible tablets (Lexon (UK) Ltd) (AMP)
17223011000001106,Mandanol Plus tablets (Crescent Pharma Ltd) (AMP)
172311000001104,Diamorphine 100mg powder for solution for injection ampoules (Novartis Vaccines and Diagnostics Ltd) (AMP)
17236211000001105,Morphine sulfate 30mg/30ml solution for infusion vials (VMP)
17238111000001100,Mandafen 600mg tablets (M & A Pharmachem Ltd) (AMP)
172511000001105,Diclomax SR 75mg capsules (Galen Ltd) (AMP)
17300411000001107,Morphine sulfate 50mg/50ml solution for infusion vials (Torbay Pharmaceuticals) (AMP)
173011000001106,Paracetamol 500mg suppositories (Alliance Healthcare (Distribution) Ltd) (AMP)
17302511000001107,Onsenal 400mg capsules (Pfizer Ltd) (AMP)
17303811000001102,Galpharm Period Pain Relief 250mg gastro-resistant tablets (Galpharm International Ltd) (AMP)
17307311000001104,Ibuprofen 200mg capsules (Galpharm International Ltd) (AMP)
17307511000001105,Paracetamol 500mg caplets (Galpharm International Ltd) (AMP)
17307811000001108,Paracetamol 500mg tablets (Galpharm International Ltd) (AMP)
17308011000001101,Nabumetone 500mg tablets (Beechmere Pharmaceuticals Ltd) (AMP)
17310011000001100,Galpamol for Children 120mg/5ml oral suspension (Galpharm International Ltd) (AMP)
17317011000001104,Paramed Ibuprofen 200mg liquid capsules (Galpharm International Ltd) (AMP)
17317211000001109,Paramed Paracetamol 500mg capsules (Galpharm International Ltd) (AMP)
17328711000001108,Methadone 1mg/ml oral solution (Actavis UK Ltd) (AMP)
17328911000001105,Methadone 1mg/ml oral solution sugar free (Actavis UK Ltd) (AMP)
17343411000001105,Oruvail 200 modified-release capsules (Mawdsley-Brooks & Company Ltd) (AMP)
17344811000001105,OxyContin 5mg modified-release tablets (Mawdsley-Brooks & Company Ltd) (AMP)
17345011000001100,OxyContin 10mg modified-release tablets (Mawdsley-Brooks & Company Ltd) (AMP)
17345211000001105,OxyContin 20mg modified-release tablets (Mawdsley-Brooks & Company Ltd) (AMP)
17345411000001109,OxyContin 40mg modified-release tablets (Mawdsley-Brooks & Company Ltd) (AMP)
17345611000001107,OxyContin 80mg modified-release tablets (Mawdsley-Brooks & Company Ltd) (AMP)
17345811000001106,OxyNorm 5mg capsules (Mawdsley-Brooks & Company Ltd) (AMP)
17346011000001109,OxyNorm 10mg capsules (Mawdsley-Brooks & Company Ltd) (AMP)
17346211000001104,OxyNorm 20mg capsules (Mawdsley-Brooks & Company Ltd) (AMP)
17359311000001102,Diclofenac 10mg dispersible tablets (Special Order) (AMP)
17369211000001102,Diclofenac 10mg dispersible tablets (VMP)
173911000001105,Aspirin 75mg dispersible tablets (Kent Pharma (UK) Ltd) (AMP)
17411000001109,Dromadol XL 300mg tablets (IVAX Pharmaceuticals UK Ltd) (AMP)
17412711000001105,Sulindac 100mg tablets (Essential Generics Ltd) (AMP)
17415011000001103,Sulindac 200mg tablets (Essential Generics Ltd) (AMP)
17418411000001102,Tramacet 37.5mg/325mg effervescent tablets (Grunenthal Ltd) (AMP)
17420711000001103,Preservex 100mg tablets (Mawdsley-Brooks & Company Ltd) (AMP)
17423311000001108,Aspirin 75mg tablets (Alissa Healthcare Research Ltd) (AMP)
17430011000001102,Tramadol 37.5mg / Paracetamol 325mg effervescent tablets sugar free (VMP)
17456411000001107,Subutex 2mg sublingual tablets (Mawdsley-Brooks & Company Ltd) (AMP)
17456611000001105,Subutex 8mg sublingual tablets (Mawdsley-Brooks & Company Ltd) (AMP)
17458611000001106,Suboxone 2mg/500microgram sublingual tablets (Waymade Healthcare Plc) (AMP)
17467911000001105,Transtec 35micrograms/hour transdermal patches (Mawdsley-Brooks & Company Ltd) (AMP)
17468211000001102,Transtec 52.5micrograms/hour transdermal patches (Mawdsley-Brooks & Company Ltd) (AMP)
17473211000001104,Voltarol 1.16% Emulgel (Mawdsley-Brooks & Company Ltd) (AMP)
17473411000001100,Voltarol Rapid 50mg tablets (Mawdsley-Brooks & Company Ltd) (AMP)
17474211000001101,Oxycodone 10mg/1ml solution for injection ampoules (Wockhardt UK Ltd) (AMP)
17474611000001104,Oxycodone 20mg/2ml solution for injection ampoules (Wockhardt UK Ltd) (AMP)
17476311000001103,Voltarol 50mg dispersible tablets (Mawdsley-Brooks & Company Ltd) (AMP)
17476511000001109,Voltarol 75mg SR tablets (Mawdsley-Brooks & Company Ltd) (AMP)
174811000001102,Nycopren 500mg gastro-resistant tablets (Ardern Healthcare Ltd) (AMP)
17485111000001100,Zydol SR 100mg tablets (Mawdsley-Brooks & Company Ltd) (AMP)
17485311000001103,Zydol SR 150mg tablets (Mawdsley-Brooks & Company Ltd) (AMP)
17485511000001109,Zydol SR 200mg tablets (Mawdsley-Brooks & Company Ltd) (AMP)
17492311000001105,Arcoxia 30mg tablets (Mawdsley-Brooks & Company Ltd) (AMP)
17493111000001102,Arthrotec 50 gastro-resistant tablets (Mawdsley-Brooks & Company Ltd) (AMP)
175011000001107,Diclofenac sodium 25mg gastro-resistant tablets (Teva UK Ltd) (AMP)
17516811000001106,Mobic 7.5mg tablets (Mawdsley-Brooks & Company Ltd) (AMP)
17518411000001105,Neurontin 100mg capsules (Mawdsley-Brooks & Company Ltd) (AMP)
17518611000001108,Neurontin 300mg capsules (Mawdsley-Brooks & Company Ltd) (AMP)
17520711000001109,Paracetamol 1g suppositories (Martindale Pharmaceuticals Ltd) (AMP)
17526411000001101,Voltarol Joint Pain 12.5mg tablets (Novartis Consumer Health UK Ltd) (AMP)
17532311000001107,Allegron 10mg tablets (Sigma Pharmaceuticals Plc) (AMP)
17534011000001103,Brufen 100mg/5ml syrup (Sigma Pharmaceuticals Plc) (AMP)
17538811000001101,Feminax Express 342mg tablets (Bayer Plc) (AMP)
17568911000001101,Lyrica 200mg capsules (Sigma Pharmaceuticals Plc) (AMP)
17569111000001106,Lyrica 300mg capsules (Sigma Pharmaceuticals Plc) (AMP)
17573411000001107,Acupan 30mg tablets (Necessity Supplies Ltd) (AMP)
17573811000001109,Lyrica 100mg capsules (Necessity Supplies Ltd) (AMP)
17574111000001100,Lyrica 150mg capsules (Necessity Supplies Ltd) (AMP)
17574711000001104,Lyrica 200mg capsules (Necessity Supplies Ltd) (AMP)
17577611000001102,Lyrica 25mg capsules (Necessity Supplies Ltd) (AMP)
17578511000001102,Lyrica 50mg capsules (Necessity Supplies Ltd) (AMP)
17579111000001104,Allegron 25mg tablets (Necessity Supplies Ltd) (AMP)
17579311000001102,Lyrica 75mg capsules (Necessity Supplies Ltd) (AMP)
17585111000001107,Mobic 15mg tablets (Necessity Supplies Ltd) (AMP)
17585511000001103,Mobic 7.5mg tablets (Necessity Supplies Ltd) (AMP)
17587411000001108,Arcoxia 60mg tablets (Necessity Supplies Ltd) (AMP)
17587811000001105,Arcoxia 90mg tablets (Necessity Supplies Ltd) (AMP)
17588311000001100,Arcoxia 120mg tablets (Necessity Supplies Ltd) (AMP)
17589011000001108,Proladone 30mg suppositories (Imported (Australia)) (AMP)
17591311000001106,Arthrotec 75 gastro-resistant tablets (Necessity Supplies Ltd) (AMP)
17595311000001108,Neurontin 100mg capsules (Necessity Supplies Ltd) (AMP)
17596811000001107,Neurontin 300mg capsules (Necessity Supplies Ltd) (AMP)
17599111000001108,Zydol SR 100mg tablets (Sigma Pharmaceuticals Plc) (AMP)
17599311000001105,Zydol SR 150mg tablets (Sigma Pharmaceuticals Plc) (AMP)
17599511000001104,Zydol SR 200mg tablets (Sigma Pharmaceuticals Plc) (AMP)
17609911000001102,Naprosyn EC 250mg tablets (Necessity Supplies Ltd) (AMP)
17610611000001100,Naprosyn EC 500mg tablets (Necessity Supplies Ltd) (AMP)
17612611000001104,Neurontin 400mg capsules (Necessity Supplies Ltd) (AMP)
17613011000001102,Neurontin 600mg tablets (Necessity Supplies Ltd) (AMP)
17613411000001106,Neurontin 800mg tablets (Necessity Supplies Ltd) (AMP)
17614211000001105,Brufen 600mg effervescent granules sachets (Necessity Supplies Ltd) (AMP)
17615911000001102,Oruvail 200 modified-release capsules (Necessity Supplies Ltd) (AMP)
17623711000001105,Celebrex 100mg capsules (Necessity Supplies Ltd) (AMP)
17624111000001106,Celebrex 200mg capsules (Necessity Supplies Ltd) (AMP)
17627211000001107,Enstar SR 75 tablets (Ennogen Pharma Ltd) (AMP)
17627411000001106,Enstar XL 100 tablets (Ennogen Pharma Ltd) (AMP)
17629911000001105,Aspirin 75mg tablets (Alliance Healthcare (Distribution) Ltd) (AMP)
17632111000001100,Oxycodone pectinate 30mg suppositories (VMP)
17634311000001105,Ibucalm Ibuprofen Pain Relief 5% gel (Aspar Pharmaceuticals Ltd) (AMP)
17648211000001109,Morphine 2% gel (Special Order) (AMP)
17648511000001107,Gabapentin 6% gel (Special Order) (AMP)
17651711000001105,Gabapentin 6% gel (VMP)
17651911000001107,Morphine 2% gel (VMP)
17664811000001107,Diclofenac potassium 50mg tablets (Focus Pharmaceuticals Ltd) (AMP)
17668011000001105,PecFent 100micrograms/dose nasal spray (Kyowa Kirin International UK NewCo Ltd) (AMP)
17668511000001102,PecFent 400micrograms/dose nasal spray (Kyowa Kirin International UK NewCo Ltd) (AMP)
17674111000001105,Fentanyl 400micrograms/dose nasal spray (VMP)
176811000001109,Dihydrocodeine 30mg tablets (Kent Pharma (UK) Ltd) (AMP)
177111000001104,Ibuprofen 600mg tablets (OBG Pharmaceuticals Ltd) (AMP)
17748811000001101,Aceclofenac 100mg tablets (Phoenix Healthcare Distribution Ltd) (AMP)
17778011000001106,Amitriptyline 10mg tablets (Phoenix Healthcare Distribution Ltd) (AMP)
17778711000001108,Amitriptyline 25mg tablets (Phoenix Healthcare Distribution Ltd) (AMP)
17778911000001105,Amitriptyline 50mg tablets (Phoenix Healthcare Distribution Ltd) (AMP)
17785711000001109,Aspirin 75mg dispersible tablets (Phoenix Healthcare Distribution Ltd) (AMP)
17786111000001102,Aspirin 75mg gastro-resistant tablets (Phoenix Healthcare Distribution Ltd) (AMP)
17786711000001101,Aspirin 300mg gastro-resistant tablets (Phoenix Healthcare Distribution Ltd) (AMP)
17811000001106,Brexidol 20mg tablets (Chiesi Ltd) (AMP)
17849211000001105,Boots Paracetamol and Codeine Extra capsules (The Boots Company Plc) (AMP)
17849411000001109,Boots Paracetamol 500mg caplets (The Boots Company Plc) (AMP)
17850311000001108,Paracetamol 500mg / Phenylephrine 6.1mg capsules (The Boots Company Plc) (AMP)
17860911000001102,Tramadol 50mg capsules (Phoenix Healthcare Distribution Ltd) (AMP)
17878511000001101,Piroxicam 10mg capsules (Phoenix Healthcare Distribution Ltd) (AMP)
17878711000001106,Piroxicam 20mg capsules (Phoenix Healthcare Distribution Ltd) (AMP)
17878911000001108,Piroxicam 0.5% gel (Phoenix Healthcare Distribution Ltd) (AMP)
17879711000001102,Aspirin 75mg tablets (A A H Pharmaceuticals Ltd) (AMP)
178811000001105,Naprosyn EC 250mg tablets (Atnahs Pharma UK Ltd) (AMP)
17884411000001102,Neurontin 100mg capsules (Sigma Pharmaceuticals Plc) (AMP)
17886211000001106,Co-codamol 8mg/500mg tablets (Phoenix Healthcare Distribution Ltd) (AMP)
17886511000001109,Co-codamol 8mg/500mg capsules (Phoenix Healthcare Distribution Ltd) (AMP)
17886711000001104,Co-codamol 30mg/500mg capsules (Phoenix Healthcare Distribution Ltd) (AMP)
17887211000001108,Co-codamol 30mg/500mg tablets (Phoenix Healthcare Distribution Ltd) (AMP)
17887711000001101,Codeine 15mg tablets (Phoenix Healthcare Distribution Ltd) (AMP)
17888011000001102,Codeine 30mg tablets (Phoenix Healthcare Distribution Ltd) (AMP)
17888211000001107,Co-dydramol 10mg/500mg tablets (Phoenix Healthcare Distribution Ltd) (AMP)
17891211000001102,Diclofenac 100mg suppositories (Phoenix Healthcare Distribution Ltd) (AMP)
17891411000001103,Diclofenac sodium 25mg gastro-resistant tablets (Phoenix Healthcare Distribution Ltd) (AMP)
17891611000001100,Diclofenac sodium 50mg gastro-resistant tablets (Phoenix Healthcare Distribution Ltd) (AMP)
17892511000001107,Dihydrocodeine 30mg tablets (Phoenix Healthcare Distribution Ltd) (AMP)
17898911000001102,Diclofenac 50mg suppositories (Sigma Pharmaceuticals Plc) (AMP)
179011000001109,Amitriptyline 10mg tablets (Alliance Healthcare (Distribution) Ltd) (AMP)
17906011000001106,Fentanyl 25micrograms/hour transdermal patches (Phoenix Healthcare Distribution Ltd) (AMP)
17906211000001101,Fentanyl 50micrograms/hour transdermal patches (Phoenix Healthcare Distribution Ltd) (AMP)
17906411000001102,Fentanyl 75micrograms/hour transdermal patches (Phoenix Healthcare Distribution Ltd) (AMP)
17906611000001104,Fentanyl 100micrograms/hour transdermal patches (Phoenix Healthcare Distribution Ltd) (AMP)
17909911000001101,Flurbiprofen 50mg tablets (Phoenix Healthcare Distribution Ltd) (AMP)
17910111000001107,Flurbiprofen 100mg tablets (Phoenix Healthcare Distribution Ltd) (AMP)
17912011000001105,Gabapentin 100mg capsules (Phoenix Healthcare Distribution Ltd) (AMP)
17913811000001107,Gabapentin 300mg capsules (Phoenix Healthcare Distribution Ltd) (AMP)
17914011000001104,Gabapentin 400mg capsules (Phoenix Healthcare Distribution Ltd) (AMP)
17929011000001105,Ketoprofen 2.5% gel (Phoenix Healthcare Distribution Ltd) (AMP)
17931011000001108,Ibuprofen 5% gel (Phoenix Healthcare Distribution Ltd) (AMP)
17931211000001103,Ibuprofen 10% gel (Phoenix Healthcare Distribution Ltd) (AMP)
17931411000001104,Ibuprofen 200mg tablets (Phoenix Healthcare Distribution Ltd) (AMP)
17931611000001101,Ibuprofen 400mg tablets (Phoenix Healthcare Distribution Ltd) (AMP)
17931811000001102,Ibuprofen 600mg tablets (Phoenix Healthcare Distribution Ltd) (AMP)
17932611000001107,Indometacin 25mg capsules (Phoenix Healthcare Distribution Ltd) (AMP)
17932811000001106,Indometacin 50mg capsules (Phoenix Healthcare Distribution Ltd) (AMP)
17939411000001103,Mefenamic acid 250mg capsules (Phoenix Healthcare Distribution Ltd) (AMP)
17939611000001100,Meloxicam 7.5mg tablets (Phoenix Healthcare Distribution Ltd) (AMP)
17939811000001101,Meloxicam 15mg tablets (Phoenix Healthcare Distribution Ltd) (AMP)
17944911000001106,Nabumetone 500mg tablets (Phoenix Healthcare Distribution Ltd) (AMP)
17945511000001103,Naproxen 250mg gastro-resistant tablets (Phoenix Healthcare Distribution Ltd) (AMP)
17945711000001108,Naproxen 500mg gastro-resistant tablets (Phoenix Healthcare Distribution Ltd) (AMP)
17952311000001101,Paracetamol 500mg caplets (Phoenix Healthcare Distribution Ltd) (AMP)
17952711000001102,Paracetamol 500mg capsules (Phoenix Healthcare Distribution Ltd) (AMP)
17953011000001108,Paracetamol 500mg soluble tablets (Phoenix Healthcare Distribution Ltd) (AMP)
17953211000001103,Paracetamol 500mg tablets (Phoenix Healthcare Distribution Ltd) (AMP)
17958611000001108,Aspirin 300mg caplets (The Boots Company Plc) (AMP)
17962211000001101,Aspirin 300mg tablets (Almus Pharmaceuticals Ltd) (AMP)
17966411000001101,Nabumetone 500mg tablets (Almus Pharmaceuticals Ltd) (AMP)
17967711000001105,Codeine 15mg tablets (Almus Pharmaceuticals Ltd) (AMP)
17970611000001108,Mefenamic acid 500mg tablets (Almus Pharmaceuticals Ltd) (AMP)
17971011000001105,Gabapentin 100mg capsules (Almus Pharmaceuticals Ltd) (AMP)
17971411000001101,Gabapentin 300mg capsules (Almus Pharmaceuticals Ltd) (AMP)
17971811000001104,Gabapentin 400mg capsules (Almus Pharmaceuticals Ltd) (AMP)
17972111000001101,Gabapentin 600mg tablets (Almus Pharmaceuticals Ltd) (AMP)
17972411000001106,Gabapentin 800mg tablets (Almus Pharmaceuticals Ltd) (AMP)
17982711000001105,Boots Rapid Ibuprofen lysine 342mg tablets (The Boots Company Plc) (AMP)
17985711000001101,Boots Strawberry Pain Relief 3 Months Plus Paracetamol 120mg/5ml oral suspension (The Boots Company Plc) (AMP)
17987211000001100,Boots Paracetamol Extra tablets (The Boots Company Plc) (AMP)
18046511000001109,Morphine sulfate 10mg/5ml oral solution (Mawdsley-Brooks & Company Ltd) (AMP)
180611000001102,Dysman 500 tablets (Ashbourne Pharmaceuticals Ltd) (AMP)
18067711000001109,Co-codamol 8mg/500mg effervescent tablets (Fannin (UK) Ltd) (AMP)
18068011000001108,Transtec 35micrograms/hour transdermal patches (Lexon (UK) Ltd) (AMP)
18068611000001101,Transtec 52.5micrograms/hour transdermal patches (Lexon (UK) Ltd) (AMP)
18068811000001102,Transtec 70micrograms/hour transdermal patches (Lexon (UK) Ltd) (AMP)
18074911000001106,Ibuprofen 200mg tablets (Fannin (UK) Ltd) (AMP)
18075111000001107,Ibuprofen 400mg tablets (Fannin (UK) Ltd) (AMP)
18075611000001104,Solpadeine Max soluble tablets (Omega Pharma Ltd) (AMP)
18078211000001108,Ibuprofen 600mg tablets (Fannin (UK) Ltd) (AMP)
18080011000001108,Nabumetone 500mg tablets (Fannin (UK) Ltd) (AMP)
18080211000001103,Paracetamol 500mg soluble tablets (Fannin (UK) Ltd) (AMP)
18082911000001106,Aspirin 75mg tablets (Phoenix Healthcare Distribution Ltd) (AMP)
18084511000001109,Generic Solpadeine Max soluble tablets sugar free (VMP)
18085111000001101,Buprenorphine 400microgram sublingual tablets sugar free (Phoenix Healthcare Distribution Ltd) (AMP)
18085311000001104,Buprenorphine 2mg sublingual tablets sugar free (Phoenix Healthcare Distribution Ltd) (AMP)
18085511000001105,Buprenorphine 8mg sublingual tablets sugar free (Phoenix Healthcare Distribution Ltd) (AMP)
18106711000001101,Co-proxamol 32.5mg/325mg tablets (Phoenix Healthcare Distribution Ltd) (AMP)
18108611000001106,Gabapentin 600mg tablets (Phoenix Healthcare Distribution Ltd) (AMP)
18109611000001102,Ibuprofen 100mg/5ml oral suspension sugar free (Phoenix Healthcare Distribution Ltd) (AMP)
18125911000001102,Indometacin 100mg suppositories (Phoenix Healthcare Distribution Ltd) (AMP)
18141611000001107,Paracetamol 500mg suppositories (Phoenix Healthcare Distribution Ltd) (AMP)
18145611000001105,Co-codamol 8mg/500mg tablets (Wockhardt UK Ltd) (AMP)
18146311000001105,Amitriptyline 50mg/5ml oral solution sugar free (Wockhardt UK Ltd) (AMP)
18147811000001104,Morphine sulfate 100mg/100ml infusion bags (Special Order) (AMP)
18148011000001106,Amitriptyline 25mg/5ml oral solution sugar free (Wockhardt UK Ltd) (AMP)
18153811000001107,Morphine sulfate 100mg/100ml infusion bags (VMP)
18154311000001101,Neurontin 400mg capsules (Mawdsley-Brooks & Company Ltd) (AMP)
18158711000001105,Voltarol Retard 100mg tablets (Mawdsley-Brooks & Company Ltd) (AMP)
18167711000001104,Pentazocine 25mg tablets (Phoenix Healthcare Distribution Ltd) (AMP)
18177311000001107,Transtec 70micrograms/hour transdermal patches (Mawdsley-Brooks & Company Ltd) (AMP)
18180911000001101,Zamadol SR 150mg capsules (Mawdsley-Brooks & Company Ltd) (AMP)
18191711000001105,Brufen 600mg effervescent granules sachets (Mawdsley-Brooks & Company Ltd) (AMP)
18193711000001106,Subutex 2mg sublingual tablets (Necessity Supplies Ltd) (AMP)
18194011000001106,Subutex 8mg sublingual tablets (Necessity Supplies Ltd) (AMP)
18206911000001102,Voltarol 1.16% Emulgel (Necessity Supplies Ltd) (AMP)
18207111000001102,Voltarol 100mg suppositories (Necessity Supplies Ltd) (AMP)
18210611000001108,Zamadol SR 50mg capsules (Mawdsley-Brooks & Company Ltd) (AMP)
18210911000001102,Zamadol SR 200mg capsules (Mawdsley-Brooks & Company Ltd) (AMP)
182211000001103,Paracetamol 120mg/5ml oral solution paediatric sugar free (Alliance Healthcare (Distribution) Ltd) (AMP)
18233711000001101,Vimovo 500mg/20mg modified-release tablets (Grunenthal Ltd) (AMP)
18245811000001107,Naproxen 500mg / Esomeprazole 20mg modified-release tablets (VMP)
182511000001100,Paracetamol 240mg suppositories (Alliance Healthcare (Distribution) Ltd) (AMP)
182611000001101,Diclofenac sodium 25mg gastro-resistant tablets (IVAX Pharmaceuticals UK Ltd) (AMP)
18261111000001105,Feldene Melt 20mg tablets (Necessity Supplies Ltd) (AMP)
18276811000001103,Paracetamol 1g suppositories (A A H Pharmaceuticals Ltd) (AMP)
18292411000001107,Celebrex 100mg capsules (Stephar (U.K.) Ltd) (AMP)
18297311000001103,Suboxone 2mg/500microgram sublingual tablets (Mawdsley-Brooks & Company Ltd) (AMP)
18297511000001109,Suboxone 8mg/2mg sublingual tablets (Mawdsley-Brooks & Company Ltd) (AMP)
18299411000001101,Dicloflex 75mg SR tablets (Actavis UK Ltd) (AMP)
18310811000001100,Nortriptyline 10mg tablets (A A H Pharmaceuticals Ltd) (AMP)
18311011000001102,Nortriptyline 25mg tablets (A A H Pharmaceuticals Ltd) (AMP)
183111000001103,Pethidine 50mg/5ml solution for injection ampoules (A A H Pharmaceuticals Ltd) (AMP)
183311000001101,Nu-Seals 300 gastro-resistant tablets (Alliance Pharmaceuticals Ltd) (AMP)
18341211000001104,Diclofenac potassium 50mg tablets (Alliance Healthcare (Distribution) Ltd) (AMP)
18361711000001101,Diclofenac sodium 75mg modified-release tablets (Mawdsley-Brooks & Company Ltd) (AMP)
18376811000001109,Ibuleve Speed Relief Max Strength 10% gel (Diomed Developments Ltd) (AMP)
18457211000001101,Amitriptyline 10mg tablets (Accord-UK Ltd) (AMP)
18457411000001102,Amitriptyline 25mg tablets (Accord-UK Ltd) (AMP)
18464611000001101,Naproxen 250mg tablets (Accord-UK Ltd) (AMP)
18464911000001107,Naproxen 500mg tablets (Accord-UK Ltd) (AMP)
18499011000001106,Bupivacaine 250mg/250ml (0.1%) infusion bags (A A H Pharmaceuticals Ltd) (AMP)
18502711000001106,OxyNorm 10mg/1ml solution for injection ampoules (Waymade Healthcare Plc) (AMP)
18502911000001108,OxyNorm 20mg/2ml solution for injection ampoules (Waymade Healthcare Plc) (AMP)
18507411000001102,Kaolin and Morphine mixture (Almus Pharmaceuticals Ltd) (AMP)
18511211000001109,Codeine 10mg suppositories (Special Order) (AMP)
18519311000001102,Codeine 10mg suppositories (VMP)
18544211000001104,Acupan 30mg tablets (DE Pharmaceuticals) (AMP)
18544911000001108,Allegron 25mg tablets (DE Pharmaceuticals) (AMP)
18545411000001104,Arcoxia 30mg tablets (DE Pharmaceuticals) (AMP)
18547411000001105,Brufen 600mg effervescent granules sachets (DE Pharmaceuticals) (AMP)
18547611000001108,Brufen 100mg/5ml syrup (DE Pharmaceuticals) (AMP)
18557911000001100,Ibuprofen 200mg caplets (Bristol Laboratories Ltd) (AMP)
18558411000001107,Ibuprofen 400mg caplets (Bristol Laboratories Ltd) (AMP)
18559111000001109,Indometacin 25mg capsules (Bristol Laboratories Ltd) (AMP)
185611000001105,Volraman 50mg gastro-resistant tablets (LPC Medical (UK) Ltd) (AMP)
18573911000001107,Diclofenac 50mg dispersible tablets sugar free (DE Pharmaceuticals) (AMP)
18574111000001106,Diclomax Retard 100mg capsules (DE Pharmaceuticals) (AMP)
18575311000001107,Durogesic DTrans 100micrograms/hour transdermal patches (DE Pharmaceuticals) (AMP)
18575511000001101,Durogesic DTrans 12micrograms/hour transdermal patches (DE Pharmaceuticals) (AMP)
18575711000001106,Durogesic DTrans 25micrograms/hour transdermal patches (DE Pharmaceuticals) (AMP)
18575911000001108,Durogesic DTrans 50micrograms/hour transdermal patches (DE Pharmaceuticals) (AMP)
18576111000001104,Durogesic DTrans 75micrograms/hour transdermal patches (DE Pharmaceuticals) (AMP)
18578511000001109,Feldene Melt 20mg tablets (DE Pharmaceuticals) (AMP)
18594011000001100,Nuromol Dual Action Pain Relief 200mg/500mg tablets (Reckitt Benckiser Healthcare (UK) Ltd) (AMP)
18595211000001106,Paracetamol 500mg / Ibuprofen 200mg tablets (VMP)
18601211000001101,Lemsip Max Lemon Flavour tablets (Reckitt Benckiser Healthcare (UK) Ltd) (AMP)
18604111000001105,OxyContin 10mg modified-release tablets (DE Pharmaceuticals) (AMP)
18604311000001107,OxyContin 20mg modified-release tablets (DE Pharmaceuticals) (AMP)
18604511000001101,OxyContin 40mg modified-release tablets (DE Pharmaceuticals) (AMP)
18604711000001106,OxyContin 5mg modified-release tablets (DE Pharmaceuticals) (AMP)
18604911000001108,OxyContin 80mg modified-release tablets (DE Pharmaceuticals) (AMP)
18605111000001109,OxyNorm 10mg capsules (DE Pharmaceuticals) (AMP)
18605311000001106,OxyNorm 20mg capsules (DE Pharmaceuticals) (AMP)
18605511000001100,OxyNorm 5mg capsules (DE Pharmaceuticals) (AMP)
18605711000001105,Paramax tablets (DE Pharmaceuticals) (AMP)
18606111000001103,Powergel 2.5% gel (DE Pharmaceuticals) (AMP)
18611000001106,Indometacin 100mg suppositories (Kent Pharma (UK) Ltd) (AMP)
18615611000001103,Paracetamol 500mg / Phenylephrine 6.1mg tablets (VMP)
18618611000001109,Diclofenac potassium 50mg tablets (Phoenix Healthcare Distribution Ltd) (AMP)
18619611000001100,Zamadol SR 150mg capsules (DE Pharmaceuticals) (AMP)
18620011000001108,Zamadol SR 200mg capsules (DE Pharmaceuticals) (AMP)
18620511000001100,Zamadol SR 50mg capsules (DE Pharmaceuticals) (AMP)
18627211000001104,Naproxen 500mg tablets (Phoenix Healthcare Distribution Ltd) (AMP)
18627511000001101,Naproxen 250mg tablets (Phoenix Healthcare Distribution Ltd) (AMP)
18629811000001106,Lyrica 200mg capsules (DE Pharmaceuticals) (AMP)
18637011000001107,First Resort Double Action Pain Relief 12.5mg tablets (Actavis UK Ltd) (AMP)
18640211000001100,First Resort Period Pain Reliever 250mg gastro-resistant tablets (Actavis UK Ltd) (AMP)
18641711000001104,OxyContin 120mg modified-release tablets (Napp Pharmaceuticals Ltd) (AMP)
18643311000001102,OxyContin 60mg modified-release tablets (Napp Pharmaceuticals Ltd) (AMP)
18644611000001105,OxyContin 30mg modified-release tablets (Napp Pharmaceuticals Ltd) (AMP)
18645111000001103,OxyContin 15mg modified-release tablets (Napp Pharmaceuticals Ltd) (AMP)
18645511000001107,Oxycodone 120mg modified-release tablets (VMP)
186611000001100,Paramax tablets (Sanofi) (AMP)
18662511000001107,Palexia 50mg tablets (Grunenthal Ltd) (AMP)
18662911000001100,Palexia 75mg tablets (Grunenthal Ltd) (AMP)
18663511000001100,Palexia SR 50mg tablets (Grunenthal Ltd) (AMP)
18664111000001106,Palexia SR 100mg tablets (Grunenthal Ltd) (AMP)
18664411000001101,Palexia SR 150mg tablets (Grunenthal Ltd) (AMP)
18664711000001107,Palexia SR 200mg tablets (Grunenthal Ltd) (AMP)
18665211000001104,Palexia SR 250mg tablets (Grunenthal Ltd) (AMP)
18670211000001104,Nortriptyline 10mg tablets (King Pharmaceuticals Ltd) (AMP)
186711000001109,Mefenamic acid 50mg/5ml oral suspension (Alliance Healthcare (Distribution) Ltd) (AMP)
18671811000001106,Tapentadol 100mg modified-release tablets (VMP)
18671911000001101,Tapentadol 150mg modified-release tablets (VMP)
18672011000001108,Tapentadol 200mg modified-release tablets (VMP)
18672111000001109,Tapentadol 250mg modified-release tablets (VMP)
18672211000001103,Tapentadol 50mg modified-release tablets (VMP)
18677911000001109,Panadol Extra Advance 500mg/65mg tablets (Haleon UK Trading Ltd) (AMP)
18680711000001104,Rhumalgan XL 100mg capsules (Almus Pharmaceuticals Ltd) (AMP)
18681011000001105,Rhumalgan SR 75mg capsules (Almus Pharmaceuticals Ltd) (AMP)
186911000001106,Methadone 1mg/ml oral solution (Martindale Pharmaceuticals Ltd) (AMP)
18711000001102,Celebrex 100mg capsules (Viatris UK Healthcare Ltd) (AMP)
18722511000001107,Diclofenac sodium 50mg gastro-resistant tablets (Sigma Pharmaceuticals Plc) (AMP)
18734211000001102,Piroxicam 10mg capsules (Sigma Pharmaceuticals Plc) (AMP)
18734411000001103,Piroxicam 20mg capsules (Sigma Pharmaceuticals Plc) (AMP)
18749411000001100,Paracetamol 500mg capsules (Galpharm International Ltd) (AMP)
18749611000001102,Galpharm Paracetamol Plus tablets (Galpharm International Ltd) (AMP)
18751711000001105,Alfentanil 5mg/10ml solution for injection ampoules (A A H Pharmaceuticals Ltd) (AMP)
18756211000001106,Bupivacaine 312.5mg/250ml (0.125%) infusion bags (A A H Pharmaceuticals Ltd) (AMP)
188111000001107,Mefenamic acid 250mg capsules (Alliance Healthcare (Distribution) Ltd) (AMP)
18822611000001108,Boots Ibuprofen 6 Months Plus 100mg/5ml oral suspension strawberry (The Boots Company Plc) (AMP)
18865411000001108,Nortriptyline 10mg tablets (Alliance Healthcare (Distribution) Ltd) (AMP)
18870211000001109,Co-codamol 8mg/500mg effervescent tablets (Vantage) (AMP)
18876011000001101,Asasantin Retard capsules (Mawdsley-Brooks & Company Ltd) (AMP)
18876511000001109,Nortriptyline 25mg tablets (King Pharmaceuticals Ltd) (AMP)
18877111000001102,OxyNorm 10mg/1ml solution for injection ampoules (Mawdsley-Brooks & Company Ltd) (AMP)
188911000001105,Co-codamol 30mg/500mg tablets (Kent Pharma (UK) Ltd) (AMP)
18893911000001104,Oruvail 100 modified-release capsules (Mawdsley-Brooks & Company Ltd) (AMP)
189011000001101,Mefenamic acid 500mg tablets (Kent Pharma (UK) Ltd) (AMP)
18953111000001102,Codeine 15mg/5ml linctus sugar free (Pinewood Healthcare) (AMP)
18953511000001106,Paracetamol 120mg/5ml oral solution paediatric sugar free (Pinewood Healthcare) (AMP)
18985711000001105,Paracetamol 250mg suppositories (Aspire Pharma Ltd) (AMP)
18985911000001107,Paracetamol 500mg suppositories (Aspire Pharma Ltd) (AMP)
189911000001102,Methadose 10mg/ml oral solution concentrate (Rosemont Pharmaceuticals Ltd) (AMP)
190011000001105,Paracetamol 120mg/5ml oral solution paediatric (Thornton & Ross Ltd) (AMP)
190511000001102,Amitriptyline 25mg tablets (A A H Pharmaceuticals Ltd) (AMP)
190611000001103,Dicloflex Retard 100mg tablets (Dexcel-Pharma Ltd) (AMP)
19180811000001109,Dipipanone 10mg / Cyclizine 30mg tablets (Advanz Pharma) (AMP)
19189011000001106,Tramadol 100mg/ml oral drops (Advanz Pharma) (AMP)
19191911000001105,Codipar 15mg/500mg capsules (Advanz Pharma) (AMP)
19195411000001104,Naproxen 250mg tablets (Milpharm Ltd) (AMP)
19195611000001101,Naproxen 500mg tablets (Milpharm Ltd) (AMP)
19200211000001107,Co-codamol 15mg/500mg capsules (VMP)
19200411000001106,Tramadol 100mg/ml oral drops (VMP)
19237311000001105,Dipipanone 10mg / Cyclizine 30mg tablets (A A H Pharmaceuticals Ltd) (AMP)
192711000001106,Feldene Melt 20mg tablets (Pfizer Ltd) (AMP)
19271211000001105,Ipecacuanha and Morphine mixture BP 1980 (Thornton & Ross Ltd) (AMP)
19308911000001107,Aceon 100mg modified-release tablets (Ennogen Healthcare Ltd) (AMP)
19309111000001102,Aceon 150mg modified-release tablets (Ennogen Healthcare Ltd) (AMP)
19309311000001100,Aceon 200mg modified-release tablets (Ennogen Healthcare Ltd) (AMP)
19310911000001108,Mefenamic acid 250mg capsules (Advanz Pharma) (AMP)
193111000001104,Acoflam 50mg gastro-resistant tablets (Mercury Pharma Group Ltd) (AMP)
19313911000001100,Ibuprofen 5% gel (Advanz Pharma) (AMP)
193511000001108,Diclotard 75mg modified-release tablets (Galen Ltd) (AMP)
19356611000001105,Dipipanone 10mg / Cyclizine 30mg tablets (Alliance Healthcare (Distribution) Ltd) (AMP)
19359611000001102,Nortriptyline 25mg tablets (Alliance Healthcare (Distribution) Ltd) (AMP)
19363611000001107,Voltarol Pain-eze Extra Strength 25mg tablets (Novartis Consumer Health UK Ltd) (AMP)
19429611000001108,Aspirin 75mg dispersible tablets (Wockhardt UK Ltd) (AMP)
194811000001109,Co-proxamol 32.5mg/325mg tablets (Sandoz Ltd) (AMP)
19486711000001102,Fencino 12micrograms/hour transdermal patches (Luye Pharma Ltd) (AMP)
19486911000001100,Fencino 25micrograms/hour transdermal patches (Luye Pharma Ltd) (AMP)
19487111000001100,Fencino 50micrograms/hour transdermal patches (Luye Pharma Ltd) (AMP)
19487311000001103,Fencino 75micrograms/hour transdermal patches (Luye Pharma Ltd) (AMP)
19487511000001109,Fencino 100micrograms/hour transdermal patches (Luye Pharma Ltd) (AMP)
194911000001104,Dihydrocodeine 30mg tablets (Viatris UK Healthcare Ltd) (AMP)
19507511000001101,Contac Non Drowsy Dual Relief tablets (Omega Pharma Ltd) (AMP)
19510011000001106,Anadin LiquiFast 200mg effervescent tablets (Pfizer Consumer Healthcare Ltd) (AMP)
19525111000001109,Ibuprofen 200mg effervescent tablets (VMP)
195311000001101,Ibufem 200mg tablets (Galpharm International Ltd) (AMP)
19568611000001102,Paracetamol 500mg / Caffeine 65mg effervescent tablets sugar free (Kent Pharma (UK) Ltd) (AMP)
19575511000001104,Paracetamol 120mg/5ml oral suspension paediatric (A A H Pharmaceuticals Ltd) (AMP)
19618311000001102,Nortriptyline 25mg tablets (DE Pharmaceuticals) (AMP)
19620111000001107,Suboxone 2mg/500microgram sublingual tablets (DE Pharmaceuticals) (AMP)
19624411000001108,Marol 200mg modified-release tablets (Teva UK Ltd) (AMP)
19624611000001106,Marol 150mg modified-release tablets (Teva UK Ltd) (AMP)
19624811000001105,Marol 100mg modified-release tablets (Teva UK Ltd) (AMP)
19661411000001101,Oxycodone 5mg/5ml oral solution sugar free (Wockhardt UK Ltd) (AMP)
19662111000001101,Oxycodone 10mg/ml oral solution sugar free (Wockhardt UK Ltd) (AMP)
19670611000001100,Oxycodone 5mg/5ml oral solution sugar free (A A H Pharmaceuticals Ltd) (AMP)
19670811000001101,Oxycodone 10mg/ml oral solution sugar free (A A H Pharmaceuticals Ltd) (AMP)
19671011000001103,Oxycodone 10mg/1ml solution for injection ampoules (A A H Pharmaceuticals Ltd) (AMP)
19671211000001108,Oxycodone 20mg/2ml solution for injection ampoules (A A H Pharmaceuticals Ltd) (AMP)
19677511000001100,Tramadol 100mg/ml oral drops (A A H Pharmaceuticals Ltd) (AMP)
19690911000001104,Manorfen 200mg tablets (The Manor Drug Company (Nottingham) Ltd) (AMP)
19700711000001109,Aceclofenac 100mg tablets (DE Pharmaceuticals) (AMP)
19710311000001108,Methadone 5mg capsules (Special Order) (AMP)
19710611000001103,Morphine sulfate 300mg/10ml solution for injection ampoules (Special Order) (AMP)
19722711000001100,Methadone 5mg capsules (VMP)
19723011000001106,Morphine sulfate 300mg/10ml solution for injection ampoules (VMP)
19729911000001108,Brufen 100mg/5ml syrup (Mawdsley-Brooks & Company Ltd) (AMP)
19739811000001100,Methadone 50mg/1ml solution for injection ampoules (M & A Pharmachem Ltd) (AMP)
19742711000001103,Paracetamol 500mg capsules (Almus Pharmaceuticals Ltd) (AMP)
19796111000001108,Morphine sulfate 10mg/5ml oral solution unit dose vials sugar free (Special Order) (AMP)
19809511000001109,Hydromorphone 10mg/1ml solution for injection ampoules (Special Order) (AMP)
19809811000001107,Hydromorphone 20mg/1ml solution for injection ampoules (Special Order) (AMP)
19822311000001101,Hydromorphone 20mg/1ml solution for injection ampoules (VMP)
19822911000001100,Bupivacaine 312.5mg/250ml (0.125%) / Fentanyl 500micrograms/250ml infusion bags (VMP)
19823011000001108,Bufyl 1.25mg/ml and 2micrograms/ml 250ml infusion bags (Sandoz Ltd) (AMP)
19823311000001106,Bupivacaine 625mg/500ml (0.125%) / Fentanyl 1mg/500ml infusion bags (VMP)
19823411000001104,Bufyl 1.25mg/ml and 2micrograms/ml 500ml infusion bags (Sandoz Ltd) (AMP)
19826111000001104,Bufyl 1mg/ml and 2micrograms/ml 250ml infusion bags (Sandoz Ltd) (AMP)
19826311000001102,Bufyl 1mg/ml and 2micrograms/ml 500ml infusion bags (Sandoz Ltd) (AMP)
19831611000001102,Methadone 1mg/ml oral suspension colour free sugar free (Special Order) (AMP)
19841711000001107,Methadone 1mg/ml oral suspension sugar free (VMP)
19858511000001105,Paramax tablets (Lexon (UK) Ltd) (AMP)
19865111000001101,Arcoxia 30mg tablets (Lexon (UK) Ltd) (AMP)
19865311000001104,Arcoxia 120mg tablets (Lexon (UK) Ltd) (AMP)
19866611000001104,Brufen 100mg/5ml syrup (Lexon (UK) Ltd) (AMP)
19876411000001108,Voltarol Rapid 25mg tablets (DE Pharmaceuticals) (AMP)
19904411000001104,Voltarol Active 4% spray (Novartis Consumer Health UK Ltd) (AMP)
19909311000001107,Diamorphine 130mg/5ml oral solution (Special Order) (AMP)
19946711000001109,Diamorphine 130mg/5ml oral solution (VMP)
19947711000001107,Morphine sulfate 20mg suppositories (Special Order) (AMP)
19948111000001107,Morphine 0.1% gel (Special Order) (AMP)
19956611000001102,Prefibin 0.4mg sublingual tablets (Sandoz Ltd) (AMP)
19956811000001103,Prefibin 2mg sublingual tablets (Sandoz Ltd) (AMP)
19957011000001107,Prefibin 8mg sublingual tablets (Sandoz Ltd) (AMP)
19957211000001102,Tephine 200microgram sublingual tablets (Sandoz Ltd) (AMP)
19957411000001103,Tephine 400microgram sublingual tablets (Sandoz Ltd) (AMP)
19962011000001103,Durogesic DTrans 12micrograms/hour transdermal patches (Lexon (UK) Ltd) (AMP)
19962411000001107,Durogesic DTrans 25micrograms/hour transdermal patches (Lexon (UK) Ltd) (AMP)
19962711000001101,Durogesic DTrans 50micrograms/hour transdermal patches (Lexon (UK) Ltd) (AMP)
19962911000001104,Durogesic DTrans 75micrograms/hour transdermal patches (Lexon (UK) Ltd) (AMP)
19963111000001108,Durogesic DTrans 100micrograms/hour transdermal patches (Lexon (UK) Ltd) (AMP)
19964211000001104,Feldene Melt 20mg tablets (Lexon (UK) Ltd) (AMP)
19971111000001103,Motifene 75mg modified-release capsules (Lexon (UK) Ltd) (AMP)
19976311000001109,Morphine 0.1% gel (VMP)
19999111000001108,Buprenorphine 2mg sublingual tablets sugar free (DE Pharmaceuticals) (AMP)
20006911000001105,Paracetamol 250mg suppositories (A A H Pharmaceuticals Ltd) (AMP)
20030411000001108,Voltarol 75mg SR tablets (Lexon (UK) Ltd) (AMP)
20031311000001106,Voltarol 50mg suppositories (Lexon (UK) Ltd) (AMP)
200611000001103,Paracetamol 120mg/5ml oral suspension paediatric sugar free (Approved Prescription Services Ltd) (AMP)
20093911000001101,Synastone 50mg/5ml solution for injection ampoules (Auden McKenzie (Pharma Division) Ltd) (AMP)
20116511000001109,Codeine 20mg suppositories (Special Order) (AMP)
20122011000001107,Codeine 20mg suppositories (VMP)
20132411000001101,Arcoxia 30mg tablets (Waymade Healthcare Plc) (AMP)
20135111000001104,Morphine hydrochloride 20mg/5ml oral solution (Special Order) (AMP)
20146311000001106,Morphine hydrochloride 20mg/5ml oral solution (VMP)
20170311000001107,Tramadol 50mg capsules (Accord-UK Ltd) (AMP)
201711000001104,Ibuprofen 200mg tablets (Kent Pharma (UK) Ltd) (AMP)
20190111000001104,Buprenorphine 200microgram sublingual tablets sugar free (A A H Pharmaceuticals Ltd) (AMP)
20191811000001103,Morphine sulfate 50mg/50ml solution for infusion vials (A A H Pharmaceuticals Ltd) (AMP)
20192011000001101,Morphine sulfate 100mg/50ml solution for infusion vials (A A H Pharmaceuticals Ltd) (AMP)
20323711000001105,Diclofenac sodium 50mg gastro-resistant tablets (Genesis Pharmaceuticals Ltd) (AMP)
20324411000001101,Indometacin 25mg capsules (Genesis Pharmaceuticals Ltd) (AMP)
20324611000001103,Indometacin 50mg capsules (Genesis Pharmaceuticals Ltd) (AMP)
20325711000001106,Naproxen 250mg gastro-resistant tablets (Genesis Pharmaceuticals Ltd) (AMP)
20325911000001108,Naproxen 500mg gastro-resistant tablets (Genesis Pharmaceuticals Ltd) (AMP)
20361511000001107,Tramadol 100mg/ml oral drops (Alliance Healthcare (Distribution) Ltd) (AMP)
20363711000001101,Co-dydramol 20mg/500mg tablets (Alliance Healthcare (Distribution) Ltd) (AMP)
20364011000001101,Co-dydramol 30mg/500mg tablets (Alliance Healthcare (Distribution) Ltd) (AMP)
203811000001106,Zydol 50mg capsules (Grunenthal Ltd) (AMP)
20418211000001106,Morphine sulfate 100mg/50ml solution for infusion pre-filled syringes (Special Order) (AMP)
20419411000001102,Morphine sulfate 100mg/50ml solution for infusion pre-filled syringes (VMP)
20421811000001109,Codeine 30mg suppositories (Special Order) (AMP)
20434011000001103,Amitriptyline 2% / Ketamine 1% cream (Special Order) (AMP)
20438711000001109,Amitriptyline 10mg tablets (Arrow Generics Ltd) (AMP)
20438911000001106,Amitriptyline 25mg tablets (Arrow Generics Ltd) (AMP)
20439111000001101,Amitriptyline 50mg tablets (Arrow Generics Ltd) (AMP)
20453311000001103,Amitriptyline 2% / Ketamine 1% cream (VMP)
20454511000001107,Codeine 30mg suppositories (VMP)
20474311000001103,Dypracet 20mg/500mg tablets (Auden McKenzie (Pharma Division) Ltd) (AMP)
20474611000001108,Dypracet 30mg/500mg tablets (Auden McKenzie (Pharma Division) Ltd) (AMP)
20475011000001102,Mabron 100mg modified-release tablets (Teva UK Ltd) (AMP)
20475211000001107,Mabron 150mg modified-release tablets (Teva UK Ltd) (AMP)
20475411000001106,Mabron 200mg modified-release tablets (Teva UK Ltd) (AMP)
20536811000001105,Boots Aspirin 75mg gastro-resistant tablets (The Boots Company Plc) (AMP)
20545311000001107,Co-codamol 30mg/500mg caplets (Advanz Pharma) (AMP)
20545811000001103,Lyrica 20mg/ml oral solution (Viatris UK Healthcare Ltd) (AMP)
20549911000001105,Boots Aspirin and Codeine tablets (The Boots Company Plc) (AMP)
20556411000001107,Pregabalin 20mg/ml oral solution sugar free (VMP)
20575111000001106,Buprenorphine 2mg sublingual tablets sugar free (Sun Pharma UK Ltd) (AMP)
20589211000001109,Buprenorphine 8mg sublingual tablets sugar free (Sun Pharma UK Ltd) (AMP)
205911000001100,Valdic 75 Retard tablets (Fannin (UK) Ltd) (AMP)
206511000001100,Paracetamol 240mg suppositories (Martindale Pharmaceuticals Ltd) (AMP)
207911000001105,Ibuprofen 400mg tablets (Thornton & Ross Ltd) (AMP)
20911000001109,Paracetamol 120mg suppositories (A A H Pharmaceuticals Ltd) (AMP)
20912411000001106,Buprenorphine 2mg sublingual tablets sugar free (Zentiva Pharma UK Ltd) (AMP)
20912611000001109,Buprenorphine 8mg sublingual tablets sugar free (Zentiva Pharma UK Ltd) (AMP)
20914211000001103,Etodolac 600mg modified-release tablets (Zentiva Pharma UK Ltd) (AMP)
20937511000001101,Longtec 5mg modified-release tablets (Qdem Pharmaceuticals Ltd) (AMP)
20937711000001106,Longtec 10mg modified-release tablets (Qdem Pharmaceuticals Ltd) (AMP)
20937911000001108,Longtec 20mg modified-release tablets (Qdem Pharmaceuticals Ltd) (AMP)
20938111000001106,Longtec 40mg modified-release tablets (Qdem Pharmaceuticals Ltd) (AMP)
20938311000001108,Longtec 80mg modified-release tablets (Qdem Pharmaceuticals Ltd) (AMP)
20968611000001105,Oxylan 5mg prolonged-release tablets (G.L. Pharma UK Ltd) (AMP)
20968811000001109,Oxylan 10mg prolonged-release tablets (G.L. Pharma UK Ltd) (AMP)
20969011000001108,Oxylan 20mg prolonged-release tablets (G.L. Pharma UK Ltd) (AMP)
20969211000001103,Oxylan 40mg prolonged-release tablets (G.L. Pharma UK Ltd) (AMP)
20969411000001104,Oxylan 80mg prolonged-release tablets (G.L. Pharma UK Ltd) (AMP)
20981411000001103,Medinol For Children 120mg/5ml oral suspension (SSL International Plc) (AMP)
21011000001101,Zamadol SR 50mg capsules (Viatris UK Healthcare Ltd) (AMP)
21032311000001106,Co-codamol 30mg/500mg tablets (Bristol Laboratories Ltd) (AMP)
21032911000001107,Gabapentin 100mg capsules (Bristol Laboratories Ltd) (AMP)
21033111000001103,Gabapentin 300mg capsules (Bristol Laboratories Ltd) (AMP)
21033311000001101,Gabapentin 400mg capsules (Bristol Laboratories Ltd) (AMP)
21033511000001107,Ibuprofen 600mg tablets (Bristol Laboratories Ltd) (AMP)
21059411000001106,Neurontin 250mg/5ml oral solution (Imported (United States)) (AMP)
210711000001105,Fenactol SR 75mg tablets (Discovery Pharmaceuticals) (AMP)
211011000001104,Aspirin 300mg gastro-resistant tablets (A A H Pharmaceuticals Ltd) (AMP)
21109511000001106,Aspirin 100mg capsules (VMP)
21109811000001109,Aspirin 100mg capsules (Special Order) (AMP)
21115511000001106,Bupivacaine 625mg/250ml (0.25%) solution for infusion bottles (VMP)
21115811000001109,Bupivacaine 625mg/250ml (0.25%) solution for infusion bottles (Special Order) (AMP)
21118111000001107,Bupivacaine 500mg/500ml (0.1%) solution for infusion bottles (VMP)
21118411000001102,Bupivacaine 500mg/500ml (0.1%) solution for infusion bottles (Special Order) (AMP)
21130211000001107,Codeine 5mg suppositories (Special Order) (AMP)
21130411000001106,Codeine 6mg suppositories (Special Order) (AMP)
21130811000001108,Codeine 1mg suppositories (Special Order) (AMP)
21148111000001100,Codeine 1mg suppositories (VMP)
21148211000001106,Codeine 5mg suppositories (VMP)
21148311000001103,Codeine 6mg suppositories (VMP)
21150011000001101,Alfentanil 500micrograms/1ml solution for injection ampoules (Special Order) (AMP)
21204111000001100,Nortriptyline 25mg tablets (Waymade Healthcare Plc) (AMP)
21218511000001100,Buprenorphine 400microgram sublingual tablets sugar free (Accord-UK Ltd) (AMP)
21222211000001108,Tramadol 37.5mg / Paracetamol 325mg tablets (Krka UK Ltd) (AMP)
21223511000001104,Morphine 0.2% gel (Special Order) (AMP)
212411000001103,Diamorphine 100mg powder for solution for injection ampoules (Wockhardt UK Ltd) (AMP)
21245211000001101,Morphine 0.2% gel (VMP)
212611000001100,Nabumetone 500mg tablets (Kent Pharma (UK) Ltd) (AMP)
21266211000001100,Paracetamol 1g suppositories (Sigma Pharmaceuticals Plc) (AMP)
21269811000001105,Codeine 15mg suppositories (Special Order) (AMP)
21282711000001105,Gabapentin 600mg tablets (Accord-UK Ltd) (AMP)
21283911000001100,Gabapentin 800mg tablets (Accord-UK Ltd) (AMP)
21290211000001100,Codeine 15mg suppositories (VMP)
213111000001102,Mobiflex 20mg tablets (Viatris UK Healthcare Ltd) (AMP)
213411000001107,Paracetamol 500mg suppositories (The Boots Company Plc) (AMP)
21349911000001100,Tramadol 37.5mg / Paracetamol 325mg tablets (Alliance Healthcare (Distribution) Ltd) (AMP)
213511000001106,Lofensaid Retard 75 tablets (Opus Pharmaceuticals Ltd) (AMP)
21376311000001107,Tramadol 37.5mg / Paracetamol 325mg tablets (A A H Pharmaceuticals Ltd) (AMP)
21503311000001105,Targinact 5mg/2.5mg modified-release tablets (Waymade Healthcare Plc) (AMP)
21503511000001104,Targinact 10mg/5mg modified-release tablets (Waymade Healthcare Plc) (AMP)
21503711000001109,Targinact 20mg/10mg modified-release tablets (Waymade Healthcare Plc) (AMP)
21507711000001104,Morphine sulfate 60mg/2ml solution for injection ampoules (Actavis UK Ltd) (AMP)
21509411000001101,Methadone 1mg/ml oral solution (Teva UK Ltd) (AMP)
21509711000001107,Methadone 1mg/ml oral solution sugar free (Teva UK Ltd) (AMP)
21515211000001100,Candox 10mg modified-release tablets (Teva UK Ltd) (AMP)
21515911000001109,Candox 5mg modified-release tablets (Teva UK Ltd) (AMP)
21516111000001100,Candox 20mg modified-release tablets (Teva UK Ltd) (AMP)
21516511000001109,Candox 80mg modified-release tablets (Teva UK Ltd) (AMP)
21516811000001107,Candox 40mg modified-release tablets (Teva UK Ltd) (AMP)
21523811000001109,Lemsip Max Blackcurrant Flavour tablets (Reckitt Benckiser Healthcare (UK) Ltd) (AMP)
21524011000001101,Nurofen Express Period Pain 200mg capsules (Reckitt Benckiser Healthcare (UK) Ltd) (AMP)
21531711000001100,Panadol Period Pain 500mg/65mg tablets (Haleon UK Trading Ltd) (AMP)
21540711000001107,Morphine sulfate 10mg/10ml solution for injection ampoules (Special Order) (AMP)
21542411000001100,Morphine hydrochloride 10mg/10ml solution for injection pre-filled syringes (Special Order) (AMP)
21543011000001100,Morphine hydrochloride 50mg/50ml solution for infusion pre-filled syringes (Special Order) (AMP)
21555311000001103,Morphine sulfate 100mg/10ml solution for injection ampoules (Special Order) (AMP)
21559111000001103,Morphine hydrochloride 1mg/1ml solution for injection ampoules (Special Order) (AMP)
21559911000001100,Morphine hydrochloride 5mg/5ml solution for injection ampoules (Special Order) (AMP)
21579211000001106,Morphine hydrochloride 10mg/10ml solution for injection pre-filled syringes (VMP)
21579411000001105,Morphine hydrochloride 1mg/1ml solution for injection ampoules (VMP)
21579511000001109,Morphine hydrochloride 50mg/50ml solution for infusion pre-filled syringes (VMP)
21579711000001104,Morphine hydrochloride 5mg/5ml solution for injection ampoules (VMP)
21579811000001107,Morphine sulfate 100mg/10ml solution for injection ampoules (VMP)
21579911000001102,Morphine sulfate 10mg/10ml solution for injection ampoules (VMP)
21610111000001109,Paracetamol 500mg/5ml oral suspension sugar free (Rosemont Pharmaceuticals Ltd) (AMP)
21627711000001101,Morphine sulfate 50mg/5ml solution for injection ampoules (Special Order) (AMP)
21636011000001103,Morphine sulfate 50mg/5ml solution for injection ampoules (VMP)
21636411000001107,Paracetamol 500mg/5ml oral suspension sugar free (VMP)
21643211000001102,Methadone 10mg/ml oral solution sugar free (Mawdsley-Brooks & Company Ltd) (AMP)
21658711000001101,Gabapentin 50mg/ml oral solution sugar free (Rosemont Pharmaceuticals Ltd) (AMP)
21660111000001105,Gabapentin 50mg/ml oral solution sugar free (VMP)
21665611000001105,Morphine sulfate 10mg/5ml oral solution (Accord-UK Ltd) (AMP)
21666011000001107,Pethidine 50mg tablets (Teva UK Ltd) (AMP)
21666911000001106,Paracetamol 500mg suppositories (Accord-UK Ltd) (AMP)
21679511000001103,Nurofen Express Soluble 400mg oral powder sachets (Reckitt Benckiser Healthcare (UK) Ltd) (AMP)
21681311000001104,Ibuprofen lysine 400mg oral powder sachets (VMP)
216911000001105,Dromadol SR 100mg tablets (Teva UK Ltd) (AMP)
21692711000001108,BuTrans 5micrograms/hour transdermal patches (Waymade Healthcare Plc) (AMP)
21692911000001105,Tilodol SR 100mg tablets (Sandoz Ltd) (AMP)
21693011000001102,BuTrans 10micrograms/hour transdermal patches (Waymade Healthcare Plc) (AMP)
21693411000001106,BuTrans 20micrograms/hour transdermal patches (Waymade Healthcare Plc) (AMP)
21694511000001108,Tilodol SR 150mg tablets (Sandoz Ltd) (AMP)
21695111000001100,Tilodol SR 200mg tablets (Sandoz Ltd) (AMP)
21696311000001108,Gabapentin 50mg/ml oral solution sugar free (Alliance Healthcare (Distribution) Ltd) (AMP)
21697111000001109,Paracetamol 500mg/5ml oral suspension sugar free (Alliance Healthcare (Distribution) Ltd) (AMP)
21714811000001101,Tramadol 37.5mg / Paracetamol 325mg tablets (Teva UK Ltd) (AMP)
21732511000001103,Gabapentin 50mg/ml oral solution sugar free (A A H Pharmaceuticals Ltd) (AMP)
21748411000001104,Aceclofenac 100mg tablets (Waymade Healthcare Plc) (AMP)
21762111000001104,Amitriptyline 25mg/5ml oral solution sugar free (Waymade Healthcare Plc) (AMP)
21762411000001109,Amitriptyline 50mg/5ml oral solution sugar free (Waymade Healthcare Plc) (AMP)
21762711000001103,Amitriptyline 10mg tablets (Waymade Healthcare Plc) (AMP)
21763111000001105,Amitriptyline 25mg tablets (Waymade Healthcare Plc) (AMP)
21763411000001100,Amitriptyline 50mg tablets (Waymade Healthcare Plc) (AMP)
21776611000001101,Aspirin 75mg dispersible tablets (Waymade Healthcare Plc) (AMP)
21777011000001106,Aspirin 300mg dispersible tablets (Waymade Healthcare Plc) (AMP)
21777311000001109,Aspirin 75mg tablets (Waymade Healthcare Plc) (AMP)
21777511000001103,Aspirin 300mg tablets (Waymade Healthcare Plc) (AMP)
21777711000001108,Aspirin 75mg gastro-resistant tablets (Waymade Healthcare Plc) (AMP)
21778211000001102,Aspirin 300mg gastro-resistant tablets (Waymade Healthcare Plc) (AMP)
21786211000001109,Tenoxicam 20mg tablets (Waymade Healthcare Plc) (AMP)
21791511000001102,Mefenamic acid 250mg capsules (Waymade Healthcare Plc) (AMP)
21791711000001107,Mefenamic acid 500mg tablets (Waymade Healthcare Plc) (AMP)
21792011000001102,Meloxicam 7.5mg tablets (Waymade Healthcare Plc) (AMP)
21792211000001107,Meloxicam 15mg tablets (Waymade Healthcare Plc) (AMP)
21795811000001101,Methadone 1mg/ml oral solution (Waymade Healthcare Plc) (AMP)
21796011000001103,Methadone 1mg/ml oral solution sugar free (Waymade Healthcare Plc) (AMP)
21805211000001102,Buprenorphine 400microgram sublingual tablets sugar free (Waymade Healthcare Plc) (AMP)
21805811000001101,Buprenorphine 2mg sublingual tablets sugar free (Waymade Healthcare Plc) (AMP)
21806111000001102,Buprenorphine 8mg sublingual tablets sugar free (Waymade Healthcare Plc) (AMP)
21816811000001106,Nabumetone 500mg tablets (Waymade Healthcare Plc) (AMP)
21817711000001100,Naproxen 250mg gastro-resistant tablets (Waymade Healthcare Plc) (AMP)
21817911000001103,Naproxen 500mg gastro-resistant tablets (Waymade Healthcare Plc) (AMP)
21818111000001100,Naproxen 250mg tablets (Waymade Healthcare Plc) (AMP)
21818311000001103,Naproxen 500mg tablets (Waymade Healthcare Plc) (AMP)
21835911000001100,Paracetamol 500mg caplets (Waymade Healthcare Plc) (AMP)
21837011000001106,Paracetamol 500mg capsules (Waymade Healthcare Plc) (AMP)
21838411000001103,Paracetamol 120mg/5ml oral solution paediatric sugar free (Waymade Healthcare Plc) (AMP)
21838811000001101,Paracetamol 500mg soluble tablets (Waymade Healthcare Plc) (AMP)
21839111000001101,Paracetamol 500mg suppositories (Waymade Healthcare Plc) (AMP)
21839311000001104,Paracetamol 120mg/5ml oral suspension paediatric (Waymade Healthcare Plc) (AMP)
21839611000001109,Paracetamol 250mg/5ml oral suspension (Waymade Healthcare Plc) (AMP)
21839911000001103,Paracetamol 250mg/5ml oral suspension sugar free (Waymade Healthcare Plc) (AMP)
21840211000001104,Paracetamol 500mg tablets (Waymade Healthcare Plc) (AMP)
21844911000001103,Pentazocine 25mg tablets (Waymade Healthcare Plc) (AMP)
21848811000001100,Piroxicam 10mg capsules (Waymade Healthcare Plc) (AMP)
21849011000001101,Piroxicam 20mg capsules (Waymade Healthcare Plc) (AMP)
21849211000001106,Piroxicam 0.5% gel (Waymade Healthcare Plc) (AMP)
21867711000001104,Diclofenac sodium 100mg modified-release tablets (Cubic Pharmaceuticals Ltd) (AMP)
21867911000001102,Tramadol 200mg modified-release tablets (Cubic Pharmaceuticals Ltd) (AMP)
21868111000001104,Tramadol 150mg modified-release tablets (Cubic Pharmaceuticals Ltd) (AMP)
21868311000001102,Tramadol 100mg modified-release tablets (Cubic Pharmaceuticals Ltd) (AMP)
21869111000001106,Tramadol 50mg modified-release capsules (Cubic Pharmaceuticals Ltd) (AMP)
21869511000001102,Tramadol 200mg modified-release capsules (Cubic Pharmaceuticals Ltd) (AMP)
21869711000001107,Tramadol 150mg modified-release capsules (Cubic Pharmaceuticals Ltd) (AMP)
21886111000001101,Paracetamol 1g suppositories (Cubic Pharmaceuticals Ltd) (AMP)
21888711000001101,Bupivacaine 625mg/250ml (0.25%) infusion bags (VMP)
21888911000001104,Bupivacaine 625mg/250ml (0.25%) infusion bags (Special Order) (AMP)
21892011000001100,Tramadol 50mg capsules (Waymade Healthcare Plc) (AMP)
21926911000001101,Paracetamol 500mg/5ml oral suspension sugar free (A A H Pharmaceuticals Ltd) (AMP)
21942511000001105,Diclofenac 100mg suppositories (Waymade Healthcare Plc) (AMP)
21943011000001106,Diclofenac sodium 25mg gastro-resistant tablets (Waymade Healthcare Plc) (AMP)
21943211000001101,Diclofenac sodium 50mg gastro-resistant tablets (Waymade Healthcare Plc) (AMP)
21944611000001101,Dihydrocodeine 10mg/5ml oral solution (Waymade Healthcare Plc) (AMP)
21944811000001102,Dihydrocodeine 30mg tablets (Waymade Healthcare Plc) (AMP)
21946111000001102,Codeine 15mg tablets (Waymade Healthcare Plc) (AMP)
21946811000001109,Codeine 30mg tablets (Waymade Healthcare Plc) (AMP)
21948511000001107,Codeine 60mg tablets (Waymade Healthcare Plc) (AMP)
219511000001108,Filnarine SR 100mg tablets (Teva UK Ltd) (AMP)
21964211000001106,Invodol SR 100mg tablets (Ennogen Healthcare Ltd) (AMP)
21964411000001105,Invodol SR 150mg tablets (Ennogen Healthcare Ltd) (AMP)
21964611000001108,Invodol SR 200mg tablets (Ennogen Healthcare Ltd) (AMP)
21977911000001102,Etodolac 600mg modified-release tablets (Waymade Healthcare Plc) (AMP)
22010711000001101,Co-codamol 30mg/500mg caplets (Waymade Healthcare Plc) (AMP)
22010911000001104,Co-codamol 8mg/500mg capsules (Waymade Healthcare Plc) (AMP)
22011311000001105,Co-codamol 30mg/500mg capsules (Waymade Healthcare Plc) (AMP)
22014911000001109,Flurbiprofen 100mg tablets (Waymade Healthcare Plc) (AMP)
22019211000001101,Gabapentin 100mg capsules (Waymade Healthcare Plc) (AMP)
22019411000001102,Gabapentin 300mg capsules (Waymade Healthcare Plc) (AMP)
22019611000001104,Gabapentin 400mg capsules (Waymade Healthcare Plc) (AMP)
22019811000001100,Gabapentin 600mg tablets (Waymade Healthcare Plc) (AMP)
22024511000001108,Gabapentin 800mg tablets (Waymade Healthcare Plc) (AMP)
22032011000001109,Co-codamol 8mg/500mg effervescent tablets (Waymade Healthcare Plc) (AMP)
22034211000001108,Co-codamol 30mg/500mg tablets (Waymade Healthcare Plc) (AMP)
22038511000001104,Co-dydramol 10mg/500mg tablets (Waymade Healthcare Plc) (AMP)
22045711000001101,Ibuprofen 10% gel (Waymade Healthcare Plc) (AMP)
22046111000001108,Ibuprofen 5% gel (Waymade Healthcare Plc) (AMP)
22046511000001104,Ibuprofen 200mg tablets (Waymade Healthcare Plc) (AMP)
22046911000001106,Ibuprofen 400mg tablets (Waymade Healthcare Plc) (AMP)
220511000001107,Naproxen 500mg tablets (Teva UK Ltd) (AMP)
22057111000001108,Ibuprofen 600mg tablets (Waymade Healthcare Plc) (AMP)
22061111000001107,Indometacin 25mg capsules (Waymade Healthcare Plc) (AMP)
22061611000001104,Indometacin 50mg capsules (Waymade Healthcare Plc) (AMP)
22066211000001109,Ketoprofen 2.5% gel (Waymade Healthcare Plc) (AMP)
22105511000001109,Paracetamol 500mg/5ml oral suspension (Royal Preston Hospital mucilage formula) (Special Order) (AMP)
221211000001103,Dysman 250 capsules (Ashbourne Pharmaceuticals Ltd) (AMP)
22158111000001104,Methadone 50mg/1ml solution for injection ampoules (Sigma Pharmaceuticals Plc) (AMP)
22201311000001102,Amitriptyline 50mg/5ml oral solution sugar free (Phoenix Healthcare Distribution Ltd) (AMP)
22330911000001108,Aspirin 4% in Chloroform solution (VMP)
22331211000001105,Aspirin 4% in Chloroform solution (Special Order) (AMP)
22332211000001103,Piroxicam 0.5% gel (APC Pharmaceuticals & Chemicals (Europe) Ltd) (AMP)
22345911000001103,Diclofenac sodium 100mg modified-release tablets (AM Distributions (Yorkshire) Ltd) (AMP)
22348511000001102,Ibuprofen 400mg capsules (AM Distributions (Yorkshire) Ltd) (AMP)
22349411000001109,Gabapentin 600mg tablets (Milpharm Ltd) (AMP)
22349611000001107,Gabapentin 800mg tablets (Milpharm Ltd) (AMP)
22355511000001107,Tramadol 150mg modified-release capsules (AM Distributions (Yorkshire) Ltd) (AMP)
22356111000001109,Tramadol 200mg modified-release capsules (AM Distributions (Yorkshire) Ltd) (AMP)
22356711000001105,Tramadol 50mg modified-release capsules (AM Distributions (Yorkshire) Ltd) (AMP)
22356911000001107,Tramadol 100mg modified-release tablets (AM Distributions (Yorkshire) Ltd) (AMP)
22357111000001107,Tramadol 150mg modified-release tablets (AM Distributions (Yorkshire) Ltd) (AMP)
22357311000001109,Tramadol 200mg modified-release tablets (AM Distributions (Yorkshire) Ltd) (AMP)
22357511000001103,Tramadol 400mg modified-release tablets (AM Distributions (Yorkshire) Ltd) (AMP)
22365711000001109,Bupivacaine 312.5mg/500ml (0.0625%) solution for infusion bottles (VMP)
22366011000001103,Bupivacaine 312.5mg/500ml (0.0625%) solution for infusion bottles (Special Order) (AMP)
22366311000001100,Bupivacaine 156.25mg/250ml (0.0625%) solution for infusion bottles (VMP)
22366611000001105,Bupivacaine 156.25mg/250ml (0.0625%) solution for infusion bottles (Special Order) (AMP)
22367011000001100,Bupivacaine 200mg/250ml (0.08%) infusion bags (VMP)
22367311000001102,Bupivacaine 200mg/250ml (0.08%) infusion bags (Special Order) (AMP)
22376211000001100,Bupivacaine 400mg/500ml (0.08%) infusion bags (VMP)
22376511000001102,Bupivacaine 400mg/500ml (0.08%) infusion bags (Special Order) (AMP)
22376811000001104,Bupivacaine 835mg/500ml (0.167%) solution for infusion bottles (VMP)
22377111000001109,Bupivacaine 835mg/500ml (0.167%) solution for infusion bottles (Special Order) (AMP)
22377411000001104,Bupivacaine 2.5g/500ml (0.5%) solution for infusion bottles (VMP)
22377611000001101,Bupivacaine 2.5g/500ml (0.5%) solution for infusion bottles (Special Order) (AMP)
22377811000001102,Bupivacaine 625mg/500ml (0.125%) infusion bags (VMP)
22378011000001109,Bupivacaine 625mg/500ml (0.125%) infusion bags (Special Order) (AMP)
22379411000001108,OxyContin 15mg modified-release tablets (Waymade Healthcare Plc) (AMP)
22379611000001106,OxyContin 30mg modified-release tablets (Waymade Healthcare Plc) (AMP)
22379811000001105,OxyContin 60mg modified-release tablets (Waymade Healthcare Plc) (AMP)
22388511000001105,Co-codamol 8mg/500mg tablets (Waymade Healthcare Plc) (AMP)
22393711000001105,Co-codamol 30mg/500mg caplets (J M McGill Ltd) (AMP)
22394511000001102,Paracetamol 500mg caplets (J M McGill Ltd) (AMP)
22394911000001109,Tramadol 150mg modified-release capsules (J M McGill Ltd) (AMP)
22395111000001105,Tramadol 200mg modified-release capsules (J M McGill Ltd) (AMP)
22395311000001107,Tramadol 50mg modified-release capsules (J M McGill Ltd) (AMP)
22395711000001106,Diamorphine 1mg/1ml solution for injection pre-filled syringes (VMP)
22396011000001100,Diamorphine 1mg/1ml solution for injection pre-filled syringes (Special Order) (AMP)
22396311000001102,Diamorphine 2.5mg/10ml solution for injection pre-filled syringes (VMP)
22396511000001108,Diamorphine 2.5mg/10ml solution for injection pre-filled syringes (Special Order) (AMP)
22396711000001103,Diamorphine 250micrograms/0.5ml solution for injection pre-filled syringes (VMP)
22397011000001102,Diamorphine 250micrograms/0.5ml solution for injection pre-filled syringes (Special Order) (AMP)
22397311000001104,Morphine sulfate 1g/1litre infusion bags (VMP)
22397611000001109,Morphine sulfate 1g/1litre infusion bags (Special Order) (AMP)
22397911000001103,Morphine sulfate 500mg/500ml infusion bags (VMP)
22398211000001106,Morphine sulfate 500mg/500ml infusion bags (Special Order) (AMP)
22398511000001109,Morphine sulfate 250mg/250ml infusion bags (VMP)
22398811000001107,Morphine sulfate 250mg/250ml infusion bags (Special Order) (AMP)
22399711000001108,Morphine sulfate 1g/1litre solution for infusion bottles (VMP)
22400011000001108,Morphine sulfate 1g/1litre solution for infusion bottles (Special Order) (AMP)
22400311000001106,Morphine sulfate 50mg/50ml solution for infusion pre-filled syringes (VMP)
22400711000001105,Morphine sulfate 50mg/50ml solution for infusion pre-filled syringes (Special Order) (AMP)
22401111000001103,Morphine sulfate 2mg/2ml solution for injection ampoules (VMP)
22401511000001107,Morphine sulfate 2mg/2ml solution for injection ampoules (Special Order) (AMP)
22401911000001100,Morphine sulfate 1mg/1ml solution for injection ampoules (VMP)
22402211000001102,Morphine sulfate 1mg/1ml solution for injection ampoules (Special Order) (AMP)
22402611000001100,Morphine sulfate 120mg/120ml infusion bags (VMP)
22403011000001103,Morphine sulfate 120mg/120ml infusion bags (Special Order) (AMP)
22408911000001109,Diclofenac sodium 100mg modified-release tablets (DE Pharmaceuticals) (AMP)
22410711000001108,Morphine sulfate 120mg/60ml solution for infusion vials (VMP)
22411000001100,Diamorphine 5mg powder for solution for injection ampoules (A A H Pharmaceuticals Ltd) (AMP)
22411011000001102,Morphine sulfate 120mg/60ml solution for infusion vials (Special Order) (AMP)
22411311000001104,Morphine sulfate 5mg/25ml solution for infusion pre-filled syringes (VMP)
22411611000001109,Morphine sulfate 5mg/25ml solution for infusion pre-filled syringes (Special Order) (AMP)
22411911000001103,Morphine sulfate 20mg/10ml solution for injection pre-filled syringes (VMP)
22412211000001100,Morphine sulfate 20mg/10ml solution for injection pre-filled syringes (Special Order) (AMP)
22412511000001102,Morphine sulfate 1g/25ml solution for injection pre-filled syringes (VMP)
22412811000001104,Morphine sulfate 1g/25ml solution for injection pre-filled syringes (Special Order) (AMP)
22413111000001100,Morphine sulfate 50mg/25ml solution for injection ampoules (VMP)
22413411000001105,Morphine sulfate 50mg/25ml solution for injection ampoules (Special Order) (AMP)
22413811000001107,Morphine sulfate 60mg/30ml solution for injection vials (VMP)
22414111000001103,Morphine sulfate 60mg/30ml solution for injection vials (Special Order) (AMP)
22416411000001100,Oxylan 5mg modified-release tablets (Actavis UK Ltd) (AMP)
22417611000001100,Oxylan 10mg modified-release tablets (Actavis UK Ltd) (AMP)
22417811000001101,Oxylan 20mg modified-release tablets (Actavis UK Ltd) (AMP)
22420411000001106,Oxylan 40mg modified-release tablets (Actavis UK Ltd) (AMP)
22420911000001103,Oxylan 80mg modified-release tablets (Actavis UK Ltd) (AMP)
22421311000001109,Rhumalgan SR 75mg capsules (Actavis UK Ltd) (AMP)
22421611000001104,Rhumalgan XL 100mg capsules (Actavis UK Ltd) (AMP)
22424711000001106,Levobupivacaine 500mg/500ml / Fentanyl 2mg/500ml infusion bags (VMP)
22425011000001108,Levobupivacaine 500mg/500ml / Fentanyl 2mg/500ml infusion bags (Special Order) (AMP)
22425311000001106,Levobupivacaine 500mg/500ml / Fentanyl 1mg/500ml infusion bags (VMP)
22425611000001101,Levobupivacaine 500mg/500ml / Fentanyl 1mg/500ml infusion bags (Special Order) (AMP)
22425911000001107,Levobupivacaine 125mg/100ml / Fentanyl 200micrograms/100ml infusion bags (VMP)
22426211000001109,Levobupivacaine 125mg/100ml / Fentanyl 200micrograms/100ml infusion bags (Special Order) (AMP)
22435011000001105,Bupivacaine 156.25mg/250ml (0.0625%) / Fentanyl 500micrograms/250ml solution for infusion bottles (VMP)
22435511000001102,Bupivacaine 156.25mg/250ml (0.0625%) / Fentanyl 500micrograms/250ml infusion bottles (Special Order) (AMP)
22436011000001101,Bupivacaine 1g/1litre (0.1%) / Fentanyl 2mg/1litre infusion bags (VMP)
22436511000001109,Bupivacaine 1g/1litre (0.1%) / Fentanyl 2mg/1litre infusion bags (Special Order) (AMP)
22437911000001104,Bupivacaine 300mg/300ml (0.1%) / Fentanyl 600micrograms/300ml infusion bags (VMP)
22438111000001101,Bupivacaine 300mg/300ml (0.1%) / Fentanyl 600micrograms/300ml infusion bags (Special Order) (AMP)
22438311000001104,Bupivacaine 50mg/50ml (0.1%) / Fentanyl 100micrograms/50ml infusion bags (VMP)
22438611000001109,Bupivacaine 50mg/50ml (0.1%) / Fentanyl 100micrograms/50ml infusion bags (Special Order) (AMP)
22450211000001108,Paracetamol 1g suppositories (DE Pharmaceuticals) (AMP)
22467311000001106,Tramadol 150mg modified-release capsules (DE Pharmaceuticals) (AMP)
22467511000001100,Tramadol 200mg modified-release capsules (DE Pharmaceuticals) (AMP)
22467711000001105,Tramadol 50mg modified-release capsules (DE Pharmaceuticals) (AMP)
22467911000001107,Tramadol 100mg modified-release tablets (DE Pharmaceuticals) (AMP)
22468111000001105,Tramadol 150mg modified-release tablets (DE Pharmaceuticals) (AMP)
22468311000001107,Tramadol 200mg modified-release tablets (DE Pharmaceuticals) (AMP)
22468711000001106,Rhumalgan SR 75mg capsules (Actavis UK Ltd) (AMP)
22478011000001104,Codeine 2mg suppositories (VMP)
22478411000001108,Codeine 2mg suppositories (Special Order) (AMP)
22478811000001105,Codeine 3mg suppositories (VMP)
22479111000001105,Codeine 3mg suppositories (Special Order) (AMP)
22479611000001102,Voltarol 12 Hour Emulgel P 2.32% gel (Haleon UK Trading Ltd) (AMP)
22480211000001104,Diclofenac diethylammonium 2.32% gel (VMP)
22483711000001102,Fentanyl 10micrograms/1ml solution for injection ampoules (VMP)
22484011000001102,Fentanyl 10micrograms/1ml solution for injection ampoules (Special Order) (AMP)
22484311000001104,Fentanyl 1.2mg/120ml infusion bags (VMP)
22484511000001105,Fentanyl 1.2mg/120ml infusion bags (Special Order) (AMP)
22484711000001100,Fentanyl 1mg/50ml solution for infusion pre-filled syringes (VMP)
22485011000001103,Fentanyl 1mg/50ml solution for infusion pre-filled syringes (Special Order) (AMP)
22485311000001100,Fentanyl 2.5mg/50ml solution for infusion vials (VMP)
22485511000001106,Fentanyl 2.5mg/50ml solution for infusion vials (Special Order) (AMP)
22485711000001101,Fentanyl 3mg/300ml infusion bags (VMP)
22485911000001104,Fentanyl 3mg/300ml infusion bags (Special Order) (AMP)
22486111000001108,Fentanyl 5mg/250ml infusion bags (VMP)
22486411000001103,Fentanyl 5mg/250ml infusion bags (Special Order) (AMP)
22487711000001107,Fentanyl 25mg/500ml solution for infusion bottles (VMP)
22487911000001109,Fentanyl 25mg/500ml solution for infusion bottles (Special Order) (AMP)
22488111000001107,Fentanyl 50mg/1litre solution for infusion bottles (VMP)
22488511000001103,Fentanyl 50mg/1litre solution for infusion bottles (Special Order) (AMP)
224911000001105,Diclozip 50mg gastro-resistant tablets (Ashbourne Pharmaceuticals Ltd) (AMP)
22500811000001109,Bupivacaine 375mg/300ml (0.125%) / Fentanyl 600micrograms/300ml infusion bags (Special Order) (AMP)
22501011000001107,Bupivacaine 300mg/300ml (0.1%) / Fentanyl 1.2mg/300ml infusion bags (VMP)
22501211000001102,Bupivacaine 300mg/300ml (0.1%) / Fentanyl 1.2mg/300ml infusion bags (Special Order) (AMP)
22501411000001103,Bupivacaine 750mg/500ml (0.15%) / Fentanyl 1mg/500ml solution for infusion bottles (VMP)
22501711000001109,Bupivacaine 750mg/500ml (0.15%) / Fentanyl 1mg/500ml solution for infusion bottles (Special Order) (AMP)
22502011000001104,Bupivacaine 375mg/250ml (0.15%) / Fentanyl 500micrograms/250ml infusion bags (VMP)
22502311000001101,Bupivacaine 375mg/250ml (0.15%) / Fentanyl 500micrograms/250ml infusion bags (Special Order) (AMP)
22503311000001106,Bupivacaine 375mg/300ml (0.125%) / Fentanyl 600micrograms/300ml infusion bags (VMP)
22508211000001106,Levobupivacaine 312.5mg/250ml / Fentanyl 1mg/250ml infusion bags (VMP)
22508511000001109,Levobupivacaine 312.5mg/250ml / Fentanyl 1mg/250ml infusion bags (Special Order) (AMP)
225611000001103,Dicloflex 75mg SR tablets (Dexcel-Pharma Ltd) (AMP)
225711000001107,Paracetamol 250mg/5ml oral suspension sugar free (Kent Pharma (UK) Ltd) (AMP)
22589311000001108,Amitriptyline 50mg/5ml oral solution sugar free (DE Pharmaceuticals) (AMP)
22589511000001102,Amitriptyline 25mg/5ml oral solution sugar free (DE Pharmaceuticals) (AMP)
22589711000001107,Amitriptyline 10mg tablets (DE Pharmaceuticals) (AMP)
22589911000001109,Amitriptyline 25mg tablets (DE Pharmaceuticals) (AMP)
22590111000001100,Amitriptyline 50mg tablets (DE Pharmaceuticals) (AMP)
22591711000001107,Misofen 50mg/200microgram gastro-resistant tablets (Morningside Healthcare Ltd) (AMP)
22592011000001102,Misofen 75mg/200microgram gastro-resistant tablets (Morningside Healthcare Ltd) (AMP)
22602811000001104,Gabapentin 600mg tablets (Creo Pharma Ltd) (AMP)
22603111000001100,Gabapentin 800mg tablets (Creo Pharma Ltd) (AMP)
22605411000001109,Methadone 50mg/1ml solution for injection ampoules (Colorama Pharmaceuticals Ltd) (AMP)
22605611000001107,Methadone 50mg/2ml solution for injection ampoules (Colorama Pharmaceuticals Ltd) (AMP)
22610611000001102,Aspirin 75mg dispersible tablets (DE Pharmaceuticals) (AMP)
22611011000001100,Aspirin 300mg gastro-resistant tablets (DE Pharmaceuticals) (AMP)
22611211000001105,Aspirin 75mg gastro-resistant tablets (DE Pharmaceuticals) (AMP)
22611511000001108,Aspirin 300mg tablets (DE Pharmaceuticals) (AMP)
22611811000001106,Aspirin 75mg tablets (DE Pharmaceuticals) (AMP)
22623211000001100,Buprenorphine 400microgram sublingual tablets sugar free (DE Pharmaceuticals) (AMP)
22623511000001102,Buprenorphine 2mg sublingual tablets sugar free (DE Pharmaceuticals) (AMP)
22624111000001108,Buprenorphine 8mg sublingual tablets sugar free (DE Pharmaceuticals) (AMP)
22633311000001105,Co-codamol 30mg/500mg caplets (DE Pharmaceuticals) (AMP)
22633511000001104,Co-codamol 8mg/500mg caplets (DE Pharmaceuticals) (AMP)
22633711000001109,Co-codamol 30mg/500mg capsules (DE Pharmaceuticals) (AMP)
22633911000001106,Co-codamol 8mg/500mg capsules (DE Pharmaceuticals) (AMP)
22634411000001100,Co-codamol 8mg/500mg effervescent tablets (DE Pharmaceuticals) (AMP)
22636411000001108,Co-codamol 30mg/500mg tablets (DE Pharmaceuticals) (AMP)
22637011000001101,Co-codamol 8mg/500mg tablets (DE Pharmaceuticals) (AMP)
22639111000001106,Codeine 15mg/5ml linctus sugar free (DE Pharmaceuticals) (AMP)
22640411000001107,Meloxicam 15mg orodispersible tablets sugar free (Northumbria Pharma Ltd) (AMP)
22640911000001104,Meloxicam 7.5mg orodispersible tablets sugar free (Northumbria Pharma Ltd) (AMP)
22648611000001108,Meloxicam 15mg orodispersible tablets sugar free (VMP)
22648711000001104,Meloxicam 7.5mg orodispersible tablets sugar free (VMP)
22665511000001107,Piroxicam 0.5% gel (Accord-UK Ltd) (AMP)
22667211000001101,Bupivacaine 500mg/500ml (0.1%) / Fentanyl 2mg/500ml infusion bags (VMP)
22667511000001103,Bupivacaine 500mg/500ml (0.1%) / Fentanyl 2mg/500ml infusion bags (Special Order) (AMP)
22667811000001100,Bupivacaine 625mg/500ml (0.125%) / Fentanyl 2mg/500ml infusion bags (VMP)
22668111000001108,Bupivacaine 625mg/500ml (0.125%) / Fentanyl 2mg/500ml infusion bags (Special Order) (AMP)
22668411000001103,Bupivacaine 312.5mg/250ml (0.125%) / Fentanyl 1mg/250ml infusion bags (VMP)
22668711000001109,Bupivacaine 312.5mg/250ml (0.125%) / Fentanyl 1mg/250ml infusion bags (Special Order) (AMP)
22673211000001104,Bupivacaine 50mg/50ml (0.1%) / Fentanyl 100micrograms/50ml solution for infusion pre-filled syringes (VMP)
22674211000001101,Bupivacaine 50mg/50ml (0.1%) / Fentanyl 100micrograms/50ml solution for infusion pre-filled syringes (Special Order) (AMP)
22675311000001108,Bupivacaine 10mg/10ml (0.1%) / Fentanyl 20micrograms/10ml solution for infusion ampoules (VMP)
22675711000001107,Bupivacaine 10mg/10ml (0.1%) / Fentanyl 20micrograms/10ml solution for infusion ampoules (Special Order) (AMP)
22676011000001101,Bupivacaine 15mg/15ml (0.1%) / Fentanyl 30micrograms/15ml solution for infusion pre-filled syringes (VMP)
22676211000001106,Bupivacaine 15mg/15ml (0.1%) / Fentanyl 30micrograms/15ml solution for infusion pre-filled syringes (Special Order) (AMP)
22679511000001104,Diclofenac sodium 50mg gastro-resistant / Misoprostol 200microgram tablets (A A H Pharmaceuticals Ltd) (AMP)
22679711000001109,Diclofenac sodium 75mg gastro-resistant / Misoprostol 200microgram tablets (A A H Pharmaceuticals Ltd) (AMP)
226811000001107,Ponstan 250mg capsules (Essential Generics Ltd) (AMP)
22686511000001102,Lynlor 5mg capsules (Accord-UK Ltd) (AMP)
22686711000001107,Lynlor 10mg capsules (Accord-UK Ltd) (AMP)
22686911000001109,Lynlor 20mg capsules (Accord-UK Ltd) (AMP)
22692811000001101,Oxycodone 1g/100ml solution for infusion bottles (VMP)
22693011000001103,Oxycodone 1g/100ml solution for infusion bottles (Special Order) (AMP)
22695711000001100,Diclofenac sodium 75mg modified-release tablets (Ennogen Healthcare Ltd) (AMP)
22695911000001103,Diclofenac sodium 100mg modified-release tablets (Ennogen Healthcare Ltd) (AMP)
22696311000001109,Tramadol 100mg modified-release tablets (Ennogen Healthcare Ltd) (AMP)
22696511000001103,Tramadol 150mg modified-release tablets (Ennogen Healthcare Ltd) (AMP)
22696711000001108,Tramadol 200mg modified-release tablets (Ennogen Healthcare Ltd) (AMP)
22696911000001105,Tramadol 100mg modified-release tablets (Ennogen Pharma Ltd) (AMP)
22697111000001105,Tramadol 150mg modified-release tablets (Ennogen Pharma Ltd) (AMP)
22697311000001107,Tramadol 200mg modified-release tablets (Ennogen Pharma Ltd) (AMP)
22706711000001104,Bupivacaine 312.5mg/250ml (0.125%) / Fentanyl 250micrograms/250ml infusion bags (VMP)
22707011000001103,Bupivacaine 312.5mg/250ml (0.125%) / Fentanyl 250micrograms/250ml infusion bags (Special Order) (AMP)
22707311000001100,Bupivacaine 750mg/500ml (0.15%) / Fentanyl 1mg/500ml infusion bags (VMP)
22707611000001105,Bupivacaine 750mg/500ml (0.15%) / Fentanyl 1mg/500ml infusion bags (Special Order) (AMP)
22707911000001104,Bupivacaine 250mg/250ml (0.1%) / Fentanyl 1.25mg/250ml infusion bags (VMP)
22708211000001107,Bupivacaine 250mg/250ml (0.1%) / Fentanyl 1.25mg/250ml infusion bags (Special Order) (AMP)
22774311000001101,Bupivacaine 250mg/250ml (0.1%) / Fentanyl 1.25mg/250ml solution for infusion bottles (VMP)
22774611000001106,Bupivacaine 250mg/250ml (0.1%) / Fentanyl 1.25mg/250ml solution for infusion bottles (Special Order) (AMP)
22774911000001100,Bupivacaine 500mg/500ml (0.1%) / Fentanyl 2.5mg/500ml solution for infusion bottles (VMP)
22775211000001105,Bupivacaine 500mg/500ml (0.1%) / Fentanyl 2.5mg/500ml solution for infusion bottles (Special Order) (AMP)
22785311000001107,Co-codamol 30mg/500mg caplets (A A H Pharmaceuticals Ltd) (AMP)
22786711000001103,Co-codamol 30mg/500mg caplets (Actavis UK Ltd) (AMP)
22827711000001106,Oxycodone 50mg/1ml solution for injection ampoules (A A H Pharmaceuticals Ltd) (AMP)
22833911000001102,Aspirin 150mg suppositories (Colorama Pharmaceuticals Ltd) (AMP)
22834111000001103,Aspirin 300mg suppositories (Colorama Pharmaceuticals Ltd) (AMP)
228511000001105,Paracetamol 500mg tablets (Actavis UK Ltd) (AMP)
228811000001108,Paracetamol 250mg/5ml oral suspension (A A H Pharmaceuticals Ltd) (AMP)
230111000001100,Brufen 600mg tablets (Viatris UK Healthcare Ltd) (AMP)
23020611000001108,Dolocodon PR 20mg tablets (Zentiva Pharma UK Ltd) (AMP)
23020811000001107,Dolocodon PR 40mg tablets (Zentiva Pharma UK Ltd) (AMP)
23047311000001100,Dolocodon PR 5mg tablets (Zentiva Pharma UK Ltd) (AMP)
231011000001105,Methadone 1mg/ml oral solution sugar free (Alliance Healthcare (Distribution) Ltd) (AMP)
231411000001101,Subutex 2mg sublingual tablets (Indivior UK Ltd) (AMP)
23241511000001106,Molita 200mg/25mg modified-release capsules (Dr Reddy's Laboratories (UK) Ltd) (AMP)
23260511000001108,Co-codamol 30mg/500mg caplets (AM Distributions (Yorkshire) Ltd) (AMP)
23261311000001107,Paracetamol 500mg caplets (AM Distributions (Yorkshire) Ltd) (AMP)
232711000001100,Kapake 30mg/500mg tablets (Galen Ltd) (AMP)
23279311000001100,Ibuprofen 200mg capsules (AM Distributions (Yorkshire) Ltd) (AMP)
23279711000001101,Ibuprofen 5% / Levomenthol 3% gel (AM Distributions (Yorkshire) Ltd) (AMP)
23308811000001104,Bupivacaine 625mg/500ml (0.125%) / Fentanyl 4.165mg/500ml solution for infusion bottles (VMP)
23309111000001104,Bupivacaine 625mg/500ml (0.125%) / Fentanyl 4.165mg/500ml solution for infusion bottles (Special Order) (AMP)
23318411000001104,Morphine sulfate 50mg/1ml solution for injection ampoules (VMP)
23318811000001102,Morphine sulfate 50mg/1ml solution for injection ampoules (Special Order) (AMP)
23320111000001101,Morphine sulfate 2g/1litre / Cyclizine hydrochloride 2g/1litre infusion bags (VMP)
23320611000001109,Morphine sulfate 2g/1litre / Cyclizine hydrochloride 2g/1litre infusion bags (Special Order) (AMP)
23366811000001104,Dolocodon PR 10mg tablets (Zentiva Pharma UK Ltd) (AMP)
23374011000001108,Morphine 0.1% in Intrasite gel (Special Order) (AMP)
23400911000001101,Morphine 0.1% in Intrasite gel (VMP)
23407311000001101,Gabapentin 100mg capsules (Medreich Plc) (AMP)
23407511000001107,Gabapentin 300mg capsules (Medreich Plc) (AMP)
23407711000001102,Gabapentin 400mg capsules (Medreich Plc) (AMP)
23415011000001108,Natzon 2mg sublingual tablets (Morningside Healthcare Ltd) (AMP)
23415211000001103,Natzon 8mg sublingual tablets (Morningside Healthcare Ltd) (AMP)
23416411000001108,Natzon 0.4mg sublingual tablets (Morningside Healthcare Ltd) (AMP)
23429211000001108,Diclofenac sodium 100mg modified-release tablets (J M McGill Ltd) (AMP)
23432411000001104,Tramadol 100mg modified-release tablets (J M McGill Ltd) (AMP)
23432611000001101,Tramadol 150mg modified-release tablets (J M McGill Ltd) (AMP)
23432811000001102,Tramadol 200mg modified-release tablets (J M McGill Ltd) (AMP)
23433011000001104,Tramadol 400mg modified-release tablets (J M McGill Ltd) (AMP)
23439211000001106,Morphgesic SR 10mg tablets (Waymade Healthcare Plc) (AMP)
23439711000001104,Tramacet 37.5mg/325mg tablets (Waymade Healthcare Plc) (AMP)
23446211000001101,Hapoctasin 35micrograms/hour transdermal patches (Accord-UK Ltd) (AMP)
23446411000001102,Hapoctasin 52.5micrograms/hour transdermal patches (Accord-UK Ltd) (AMP)
23446611000001104,Hapoctasin 70micrograms/hour transdermal patches (Accord-UK Ltd) (AMP)
23449411000001109,Opiodur 12micrograms/hour transdermal patches (Pfizer Ltd) (AMP)
23449611000001107,Opiodur 25micrograms/hour transdermal patches (Pfizer Ltd) (AMP)
23449811000001106,Opiodur 75micrograms/hour transdermal patches (Pfizer Ltd) (AMP)
23450011000001105,Opiodur 100micrograms/hour transdermal patches (Pfizer Ltd) (AMP)
23450311000001108,Opiodur 50micrograms/hour transdermal patches (Pfizer Ltd) (AMP)
234611000001101,Meptid 200mg tablets (Almirall Ltd) (AMP)
23487211000001108,Paracetamol 500mg tablets (Accord-UK Ltd) (AMP)
23523811000001103,Breakyl 200microgram buccal films (Meda Pharmaceuticals Ltd) (AMP)
23524511000001103,Breakyl 400microgram buccal films (Meda Pharmaceuticals Ltd) (AMP)
23524811000001100,Breakyl 800microgram buccal films (Meda Pharmaceuticals Ltd) (AMP)
23560111000001105,Fentanyl 200microgram buccal films sugar free (VMP)
23560211000001104,Fentanyl 400microgram buccal films sugar free (VMP)
23560311000001107,Fentanyl 800microgram buccal films sugar free (VMP)
235611000001100,Feldene 10mg capsules (Pfizer Ltd) (AMP)
23591411000001107,Diclofenac sodium 75mg modified-release capsules (Waymade Healthcare Plc) (AMP)
23591611000001105,Diclofenac sodium 100mg modified-release tablets (Waymade Healthcare Plc) (AMP)
23594711000001103,Fentanyl 12micrograms/hour transdermal patches (Waymade Healthcare Plc) (AMP)
23594911000001101,Fentanyl 25micrograms/hour transdermal patches (Waymade Healthcare Plc) (AMP)
23595111000001100,Fentanyl 50micrograms/hour transdermal patches (Waymade Healthcare Plc) (AMP)
23595511000001109,Fentanyl 75micrograms/hour transdermal patches (Waymade Healthcare Plc) (AMP)
23595711000001104,Fentanyl 100micrograms/hour transdermal patches (Waymade Healthcare Plc) (AMP)
23597011000001108,Indometacin 75mg modified-release capsules (Waymade Healthcare Plc) (AMP)
23598311000001107,Ketoprofen 200mg modified-release capsules (Waymade Healthcare Plc) (AMP)
23601711000001108,Tramadol 50mg modified-release capsules (Waymade Healthcare Plc) (AMP)
23602211000001108,Tramadol 150mg modified-release capsules (Waymade Healthcare Plc) (AMP)
23602411000001107,Tramadol 200mg modified-release capsules (Waymade Healthcare Plc) (AMP)
23607911000001102,Oxycodone 50mg/1ml solution for injection ampoules (Wockhardt UK Ltd) (AMP)
23614311000001109,Gabapentin 100mg capsules (Creo Pharma Ltd) (AMP)
23614511000001103,Gabapentin 300mg capsules (Creo Pharma Ltd) (AMP)
23614711000001108,Gabapentin 400mg capsules (Creo Pharma Ltd) (AMP)
23650411000001103,Levobupivacaine 250mg/250ml / Fentanyl 1.25mg/250ml infusion bags (VMP)
23650611000001100,Levobupivacaine 250mg/250ml / Fentanyl 1.25mg/250ml infusion bags (Special Order) (AMP)
23651811000001109,Co-codamol 30mg/500mg caplets (Phoenix Healthcare Distribution Ltd) (AMP)
23652311000001109,Co-codamol 8mg/500mg effervescent tablets (Phoenix Healthcare Distribution Ltd) (AMP)
23652611000001104,Codeine 15mg/5ml linctus sugar free (Phoenix Healthcare Distribution Ltd) (AMP)
23654211000001105,Diclofenac sodium 75mg modified-release capsules (Phoenix Healthcare Distribution Ltd) (AMP)
23654611000001107,Diclofenac sodium 75mg modified-release tablets (Phoenix Healthcare Distribution Ltd) (AMP)
23654911000001101,Diclofenac sodium 100mg modified-release tablets (Phoenix Healthcare Distribution Ltd) (AMP)
23657811000001102,Shortec 5mg capsules (Qdem Pharmaceuticals Ltd) (AMP)
23658011000001109,Shortec 10mg capsules (Qdem Pharmaceuticals Ltd) (AMP)
23658211000001104,Shortec 20mg capsules (Qdem Pharmaceuticals Ltd) (AMP)
236611000001105,Arthrosin EC 500 tablets (Ashbourne Pharmaceuticals Ltd) (AMP)
23679411000001105,Meloxicam 7.5mg orodispersible tablets sugar free (A A H Pharmaceuticals Ltd) (AMP)
23679611000001108,Meloxicam 15mg orodispersible tablets sugar free (A A H Pharmaceuticals Ltd) (AMP)
23682311000001104,Mezolar Matrix 37.5microgram/hour transdermal patches (Sandoz Ltd) (AMP)
23707711000001107,Fentanyl 37.5microgram/hour transdermal patches (VMP)
23711000001103,Pethidine 50mg/1ml solution for injection ampoules (Martindale Pharmaceuticals Ltd) (AMP)
23811000001106,Ibuprofen 100mg/5ml oral suspension sugar free (Alliance Healthcare (Distribution) Ltd) (AMP)
23834411000001100,Dipipanone 10mg / Cyclizine 30mg tablets (Phoenix Healthcare Distribution Ltd) (AMP)
23854211000001103,Codeine 15mg tablets (DE Pharmaceuticals) (AMP)
23854511000001100,Codeine 30mg tablets (DE Pharmaceuticals) (AMP)
23854811000001102,Codeine 60mg tablets (DE Pharmaceuticals) (AMP)
23855911000001106,Co-dydramol 10mg/500mg tablets (DE Pharmaceuticals) (AMP)
23862211000001104,Diclofenac sodium 25mg gastro-resistant tablets (DE Pharmaceuticals) (AMP)
23862811000001103,Diclofenac 100mg suppositories (DE Pharmaceuticals) (AMP)
23877111000001102,Dihydrocodeine 30mg tablets (DE Pharmaceuticals) (AMP)
23915011000001106,Etodolac 600mg modified-release tablets (Phoenix Healthcare Distribution Ltd) (AMP)
23916411000001106,Fentanyl 12micrograms/hour transdermal patches (Phoenix Healthcare Distribution Ltd) (AMP)
23931311000001100,Nortriptyline 10mg tablets (Waymade Healthcare Plc) (AMP)
23937411000001104,Diclofenac sodium 100mg modified-release tablets (Niche Pharma Ltd) (AMP)
23948511000001100,Indometacin 75mg modified-release capsules (DE Pharmaceuticals) (AMP)
23948911000001107,Indometacin 100mg suppositories (DE Pharmaceuticals) (AMP)
23951711000001102,Ketoprofen 2.5% gel (DE Pharmaceuticals) (AMP)
23962511000001108,Tramadol 100mg modified-release tablets (Niche Pharma Ltd) (AMP)
23962711000001103,Tramadol 150mg modified-release capsules (Niche Pharma Ltd) (AMP)
23963011000001109,Tramadol 150mg modified-release tablets (Niche Pharma Ltd) (AMP)
23963211000001104,Tramadol 200mg modified-release capsules (Niche Pharma Ltd) (AMP)
23963411000001100,Tramadol 200mg modified-release tablets (Niche Pharma Ltd) (AMP)
23963611000001102,Tramadol 400mg modified-release tablets (Niche Pharma Ltd) (AMP)
23963811000001103,Tramadol 50mg modified-release capsules (Niche Pharma Ltd) (AMP)
23968811000001108,Diclofenac sodium 75mg modified-release capsules (DE Pharmaceuticals) (AMP)
24000811000001104,Paracetamol 500mg/5ml oral solution sugar free (Advanz Pharma) (AMP)
240011000001102,Ketpron XL 200mg capsules (Mercury Pharma Group Ltd) (AMP)
24014911000001102,Paracetamol 500mg/5ml oral solution sugar free (VMP)
24026011000001101,Diclofenac sodium 100mg modified-release tablets (CST Pharma Ltd) (AMP)
24026211000001106,Tramadol 150mg modified-release tablets (CST Pharma Ltd) (AMP)
24029011000001107,Tramadol 150mg modified-release capsules (CST Pharma Ltd) (AMP)
24029211000001102,Tramadol 200mg modified-release capsules (CST Pharma Ltd) (AMP)
24029411000001103,Tramadol 50mg modified-release capsules (CST Pharma Ltd) (AMP)
24029611000001100,Tramadol 100mg modified-release tablets (CST Pharma Ltd) (AMP)
24029811000001101,Tramadol 200mg modified-release tablets (CST Pharma Ltd) (AMP)
240311000001104,Relcofen 400mg tablets (Actavis UK Ltd) (AMP)
24033511000001103,Co-codamol 30mg/500mg tablets (M & A Pharmachem Ltd) (AMP)
24033811000001100,Co-codamol 8mg/500mg tablets (M & A Pharmachem Ltd) (AMP)
240611000001109,Pethidine 50mg/1ml solution for injection ampoules (A A H Pharmaceuticals Ltd) (AMP)
24097111000001109,Morphine 5mg/5ml nebuliser liquid ampoules (VMP)
24097411000001104,Morphine 5mg/5ml nebuliser liquid ampoules (Special Order) (AMP)
24097711000001105,Morphine sulfate 500mg/10ml solution for injection ampoules (VMP)
24098011000001109,Morphine sulfate 500mg/10ml solution for injection ampoules (Special Order) (AMP)
24099711000001102,Targinact 40mg/20mg modified-release tablets (Waymade Healthcare Plc) (AMP)
24100611000001106,Tramadol 50mg modified-release capsules (Sigma Pharmaceuticals Plc) (AMP)
24101411000001104,Tramadol 150mg modified-release capsules (Sigma Pharmaceuticals Plc) (AMP)
24101711000001105,Tramadol 200mg modified-release capsules (Sigma Pharmaceuticals Plc) (AMP)
24104711000001108,Gabapentin 100mg capsules (DE Pharmaceuticals) (AMP)
24104911000001105,Gabapentin 300mg capsules (DE Pharmaceuticals) (AMP)
24105111000001106,Gabapentin 400mg capsules (DE Pharmaceuticals) (AMP)
24105311000001108,Gabapentin 50mg/ml oral solution sugar free (DE Pharmaceuticals) (AMP)
24105511000001102,Gabapentin 600mg tablets (DE Pharmaceuticals) (AMP)
24105711000001107,Gabapentin 800mg tablets (DE Pharmaceuticals) (AMP)
24117111000001104,Tramadol 50mg modified-release capsules (Colorama Pharmaceuticals Ltd) (AMP)
24117511000001108,Tramadol 50mg modified-release tablets (Colorama Pharmaceuticals Ltd) (AMP)
24117711000001103,Tramadol 100mg modified-release tablets (Colorama Pharmaceuticals Ltd) (AMP)
24119211000001104,Methadone 50mg/1ml solution for injection ampoules (DE Pharmaceuticals) (AMP)
24120811000001104,Palexia 20mg/ml oral solution (Grunenthal Ltd) (AMP)
24129811000001108,Morphine 0.2% in Intrasite gel (Special Order) (AMP)
24132711000001109,Gabapentin 100mg capsules (Morningside Healthcare Ltd) (AMP)
24132911000001106,Gabapentin 300mg capsules (Morningside Healthcare Ltd) (AMP)
24133111000001102,Gabapentin 600mg tablets (Morningside Healthcare Ltd) (AMP)
24133511000001106,Gabapentin 800mg tablets (Morningside Healthcare Ltd) (AMP)
24133711000001101,Paracetamol 500mg/5ml oral solution sugar free (A A H Pharmaceuticals Ltd) (AMP)
24136911000001105,Tramadol 50mg capsules (Morningside Healthcare Ltd) (AMP)
24156911000001106,Tramadol 200mg modified-release tablets (Ethigen Ltd) (AMP)
24157111000001106,Tramadol 150mg modified-release tablets (Ethigen Ltd) (AMP)
24157311000001108,Tramadol 100mg modified-release tablets (Ethigen Ltd) (AMP)
24157511000001102,Diclofenac sodium 100mg modified-release tablets (Ethigen Ltd) (AMP)
24158311000001109,Paracetamol 500mg caplets (Ethigen Ltd) (AMP)
24173511000001109,Ibuprofen 10% gel (DE Pharmaceuticals) (AMP)
24174611000001106,Ibuprofen 100mg/5ml oral suspension sugar free (DE Pharmaceuticals) (AMP)
24176011000001109,Indometacin 25mg capsules (DE Pharmaceuticals) (AMP)
24176411000001100,Indometacin 50mg capsules (DE Pharmaceuticals) (AMP)
24195011000001108,Paracetamol 500mg/5ml oral solution sugar free (Alliance Healthcare (Distribution) Ltd) (AMP)
242111000001102,Co-codamol 8mg/500mg effervescent tablets (Alliance Healthcare (Distribution) Ltd) (AMP)
24216811000001107,Morphine 0.2% in Intrasite gel (VMP)
243011000001107,Diamorphine 5mg powder for solution for injection ampoules (Alliance Healthcare (Distribution) Ltd) (AMP)
24378611000001109,Mefenamic acid 250mg capsules (DE Pharmaceuticals) (AMP)
24378911000001103,Meloxicam 15mg tablets (DE Pharmaceuticals) (AMP)
24379111000001108,Meloxicam 7.5mg tablets (DE Pharmaceuticals) (AMP)
24390111000001109,Paracetamol 500mg caplets (Bristol Laboratories Ltd) (AMP)
24403511000001100,Morphine sulfate 10mg/1ml solution for injection ampoules (DE Pharmaceuticals) (AMP)
24403711000001105,Morphine sulfate 30mg/1ml solution for injection ampoules (DE Pharmaceuticals) (AMP)
24404111000001106,Morphine sulfate 10mg/5ml oral solution (DE Pharmaceuticals) (AMP)
24406311000001102,Recivit 400microgram sublingual tablets (Grunenthal Ltd) (AMP)
24406511000001108,Recivit 800microgram sublingual tablets (Grunenthal Ltd) (AMP)
24406811000001106,Recivit 133microgram sublingual tablets (Grunenthal Ltd) (AMP)
24407111000001101,Recivit 267microgram sublingual tablets (Grunenthal Ltd) (AMP)
24407411000001106,Recivit 533microgram sublingual tablets (Grunenthal Ltd) (AMP)
24408811000001107,Tapentadol 20mg/ml oral solution sugar free (VMP)
24411000001107,Indometacin 25mg capsules (Accord-UK Ltd) (AMP)
24446611000001102,Fentanyl 133microgram sublingual tablets sugar free (VMP)
24446711000001106,Fentanyl 267microgram sublingual tablets sugar free (VMP)
24446811000001103,Fentanyl 533microgram sublingual tablets sugar free (VMP)
24466911000001102,Reltebon 5mg modified-release tablets (Accord-UK Ltd) (AMP)
24467111000001102,Reltebon 10mg modified-release tablets (Accord-UK Ltd) (AMP)
24467411000001107,Reltebon 20mg modified-release tablets (Accord-UK Ltd) (AMP)
24467711000001101,Reltebon 40mg modified-release tablets (Accord-UK Ltd) (AMP)
24467911000001104,Reltebon 80mg modified-release tablets (Accord-UK Ltd) (AMP)
244711000001106,Co-codamol 8mg/500mg tablets (Kent Pharma (UK) Ltd) (AMP)
24511000001106,Pacifene 200mg tablets (Sussex Pharmaceutical Ltd) (AMP)
24518611000001101,Paracetamol 80mg suppositories (Phoenix Labs Ltd) (AMP)
24518811000001102,Paracetamol 125mg suppositories (Phoenix Labs Ltd) (AMP)
24519311000001100,Paracetamol 250mg suppositories (Phoenix Labs Ltd) (AMP)
24519511000001106,Paracetamol 500mg suppositories (Phoenix Labs Ltd) (AMP)
24522011000001103,Diclofenac sodium 100mg modified-release tablets (Mawdsley-Brooks & Company Ltd) (AMP)
24550711000001101,Diclofenac sodium 75mg modified-release capsules (Actavis UK Ltd) (AMP)
24550911000001104,Diclofenac sodium 100mg modified-release capsules (Actavis UK Ltd) (AMP)
24558611000001108,Oxycodone 10mg modified-release tablets (Actavis UK Ltd) (AMP)
24558811000001107,Oxycodone 5mg modified-release tablets (Actavis UK Ltd) (AMP)
24559011000001106,Oxycodone 20mg modified-release tablets (Actavis UK Ltd) (AMP)
24559211000001101,Oxycodone 40mg modified-release tablets (Actavis UK Ltd) (AMP)
24559411000001102,Oxycodone 80mg modified-release tablets (Actavis UK Ltd) (AMP)
24560211000001102,Mylafent 12micrograms/hour transdermal patches (Viatris UK Healthcare Ltd) (AMP)
24560411000001103,Mylafent 25micrograms/hour transdermal patches (Viatris UK Healthcare Ltd) (AMP)
24560611000001100,Mylafent 50micrograms/hour transdermal patches (Viatris UK Healthcare Ltd) (AMP)
24560811000001101,Mylafent 75micrograms/hour transdermal patches (Viatris UK Healthcare Ltd) (AMP)
24561011000001103,Mylafent 100micrograms/hour transdermal patches (Viatris UK Healthcare Ltd) (AMP)
24567111000001109,Oxycodone 5mg modified-release tablets (Teva UK Ltd) (AMP)
24567311000001106,Oxycodone 10mg modified-release tablets (Teva UK Ltd) (AMP)
24567511000001100,Oxycodone 40mg modified-release tablets (Teva UK Ltd) (AMP)
24567711000001105,Oxycodone 20mg modified-release tablets (Teva UK Ltd) (AMP)
24567911000001107,Oxycodone 80mg modified-release tablets (Teva UK Ltd) (AMP)
24570811000001107,Methadone 50mg/1ml solution for injection ampoules (Mawdsley-Brooks & Company Ltd) (AMP)
245711000001105,Calpol Six Plus Fastmelts 250mg tablets (McNeil Products Ltd) (AMP)
24572811000001108,Numark Extra Power Pain Reliever tablets (Numark Ltd) (AMP)
24578811000001105,Tramadol 50mg modified-release capsules (Mawdsley-Brooks & Company Ltd) (AMP)
24579011000001109,Tramadol 150mg modified-release capsules (Mawdsley-Brooks & Company Ltd) (AMP)
24579211000001104,Tramadol 200mg modified-release capsules (Mawdsley-Brooks & Company Ltd) (AMP)
24579411000001100,Tramadol 100mg modified-release tablets (Mawdsley-Brooks & Company Ltd) (AMP)
24579611000001102,Tramadol 150mg modified-release tablets (Mawdsley-Brooks & Company Ltd) (AMP)
24579811000001103,Tramadol 200mg modified-release tablets (Mawdsley-Brooks & Company Ltd) (AMP)
24580811000001103,Paracetamol 80mg suppositories (VMP)
24584511000001105,Aspirin 300mg tablets (Numark Ltd) (AMP)
24584811000001108,Numark Max Strength Pharmacy Ibuprofen 400mg tablets (Numark Ltd) (AMP)
24585211000001108,Paracetamol 500mg caplets (Numark Ltd) (AMP)
24595811000001105,Diclofenac sodium 100mg modified-release capsules (Sigma Pharmaceuticals Plc) (AMP)
24596011000001108,Diclofenac sodium 100mg modified-release tablets (Sigma Pharmaceuticals Plc) (AMP)
24596211000001103,Diclofenac sodium 75mg modified-release capsules (Sigma Pharmaceuticals Plc) (AMP)
24596411000001104,Diclofenac sodium 75mg modified-release tablets (Sigma Pharmaceuticals Plc) (AMP)
24616411000001108,Flurbiprofen 50mg tablets (Viatris UK Healthcare Ltd) (AMP)
24616611000001106,Flurbiprofen 100mg tablets (Viatris UK Healthcare Ltd) (AMP)
24622911000001109,Tramadol 50mg capsules (Sandoz Ltd) (AMP)
24625311000001102,Pentazocine 50mg capsules (Colorama Pharmaceuticals Ltd) (AMP)
24625711000001103,Ibuprofen 200mg capsules (Colorama Pharmaceuticals Ltd) (AMP)
246311000001101,Tramadol 50mg capsules (A A H Pharmaceuticals Ltd) (AMP)
24636911000001106,Maneo 100mg modified-release tablets (Viatris UK Healthcare Ltd) (AMP)
24637211000001100,Maneo 150mg modified-release tablets (Viatris UK Healthcare Ltd) (AMP)
24637511000001102,Maneo 200mg modified-release tablets (Viatris UK Healthcare Ltd) (AMP)
24647611000001102,Piroxicam 0.5% gel (Auden McKenzie (Pharma Division) Ltd) (AMP)
24647911000001108,Nortriptyline 10mg tablets (Accord-UK Ltd) (AMP)
24648311000001108,Nortriptyline 25mg tablets (Accord-UK Ltd) (AMP)
24650811000001104,Paracetamol 500mg tablets (Sigma Pharmaceuticals Plc) (AMP)
24664211000001103,Numark Ibuprofen Pain Relief 5% gel (Numark Ltd) (AMP)
24680111000001103,Diamorphine 500micrograms/0.5ml solution for injection pre-filled syringes (VMP)
24680311000001101,Diamorphine 500micrograms/0.5ml solution for injections pre-filled syringes (Special Order) (AMP)
24680511000001107,Morphine sulfate 200micrograms/1ml solution for injection pre-filled syringes (VMP)
24680911000001100,Morphine sulfate 200micrograms/1ml solution for injection pre-filled syringes (Special Order) (AMP)
247311000001103,Solpadol 30mg/500mg capsules (Phoenix Labs Ltd) (AMP)
247711000001104,Distalgesic 32.5mg/325mg tablets (Meda Pharmaceuticals Ltd) (AMP)
250111000001104,Diamorphine 5mg powder for solution for injection ampoules (Wockhardt UK Ltd) (AMP)
25211000001109,Diamorphine 10mg powder for solution for injection ampoules (Wockhardt UK Ltd) (AMP)
252911000001102,Diclofenac sodium 50mg gastro-resistant tablets (Teva UK Ltd) (AMP)
25311000001101,Ibuprofen 600mg tablets (IVAX Pharmaceuticals UK Ltd) (AMP)
253811000001104,Fenactol 25mg gastro-resistant tablets (Discovery Pharmaceuticals) (AMP)
25430311000001104,Tramadol 100mg modified-release tablets (Elite Pharma (Surrey) Ltd) (AMP)
25430911000001103,Tramadol 200mg modified-release tablets (Elite Pharma (Surrey) Ltd) (AMP)
25431211000001101,Tramadol 50mg modified-release capsules (Elite Pharma (Surrey) Ltd) (AMP)
25431511000001103,Tramadol 150mg modified-release capsules (Elite Pharma (Surrey) Ltd) (AMP)
25431711000001108,Tramadol 150mg modified-release tablets (Elite Pharma (Surrey) Ltd) (AMP)
25434411000001100,Tramadol 200mg modified-release capsules (Elite Pharma (Surrey) Ltd) (AMP)
25437111000001100,Tramadol 150mg modified-release capsules (Colorama Pharmaceuticals Ltd) (AMP)
25437511000001109,Tramadol 150mg modified-release tablets (Colorama Pharmaceuticals Ltd) (AMP)
25437811000001107,Tramadol 200mg modified-release capsules (Colorama Pharmaceuticals Ltd) (AMP)
25438111000001104,Tramadol 200mg modified-release tablets (Colorama Pharmaceuticals Ltd) (AMP)
25441411000001103,Tramadol 100mg modified-release tablets (Waymade Healthcare Plc) (AMP)
25441611000001100,Tramadol 150mg modified-release tablets (Waymade Healthcare Plc) (AMP)
25441811000001101,Tramadol 200mg modified-release tablets (Waymade Healthcare Plc) (AMP)
25565611000001101,Fentanyl 24.75mg/990ml infusion bags (VMP)
25566311000001101,Fentanyl 24.75mg/990ml infusion bags (Special Order) (AMP)
25599211000001102,Diclofenac sodium 100mg modified-release tablets (Colorama Pharmaceuticals Ltd) (AMP)
256211000001107,Diclofenac sodium 50mg gastro-resistant tablets (Viatris UK Healthcare Ltd) (AMP)
25644111000001109,Ketamine 100mg/50ml / Morphine sulfate 100mg/50ml solution for infusion pre-filled syringes (VMP)
25644611000001101,Ketamine 100mg/50ml / Morphine sulfate 100mg/50ml solution for infusion pre-filled syringes (Special Order) (AMP)
25702211000001108,Diclofenac sodium 100mg modified-release tablets (Icarus Pharmaceuticals Ltd) (AMP)
257711000001102,Methadone 1mg/ml oral solution sugar free (Martindale Pharmaceuticals Ltd) (AMP)
257811000001105,Pethidine 50mg tablets (Martindale Pharmaceuticals Ltd) (AMP)
258011000001103,Calpol Paediatric 120mg/5ml oral suspension sugar free (McNeil Products Ltd) (AMP)
258511000001106,Indocid 25mg capsules (Organon Pharma (UK) Ltd) (AMP)
25884811000001100,Paracetamol 500mg caplets (Icarus Pharmaceuticals Ltd) (AMP)
259811000001102,Mefenamic acid 50mg/5ml oral suspension (A A H Pharmaceuticals Ltd) (AMP)
26026911000001105,Dihydrocodeine 10mg/5ml oral solution (Ennogen Healthcare Ltd) (AMP)
260411000001100,Codeine 30mg tablets (A A H Pharmaceuticals Ltd) (AMP)
26241811000001100,Hydromorphone 5mg/5ml oral solution (Special Order) (AMP)
26311000001106,Ibuprofen 100mg/5ml oral suspension sugar free (Sandoz Ltd) (AMP)
263211000001109,Brufen 400mg tablets (Viatris UK Healthcare Ltd) (AMP)
26419911000001100,Tramadol 100mg modified-release tablets (Icarus Pharmaceuticals Ltd) (AMP)
26420211000001108,Tramadol 150mg modified-release tablets (Icarus Pharmaceuticals Ltd) (AMP)
26420611000001105,Tramadol 200mg modified-release tablets (Icarus Pharmaceuticals Ltd) (AMP)
264411000001106,Co-codamol 8mg/500mg tablets (Aspar Pharmaceuticals Ltd) (AMP)
26447211000001105,Tramadol 50mg modified-release capsules (Icarus Pharmaceuticals Ltd) (AMP)
26448111000001103,Tramadol 150mg modified-release capsules (Icarus Pharmaceuticals Ltd) (AMP)
26453211000001104,Hydromorphone 5mg/5ml oral solution (VMP)
26458911000001103,Tramadol 200mg modified-release capsules (Icarus Pharmaceuticals Ltd) (AMP)
267611000001103,Piroxicam 20mg capsules (Alliance Healthcare (Distribution) Ltd) (AMP)
26779711000001102,Indometacin 25mg capsules (Tillomed Laboratories Ltd) (AMP)
26780111000001103,Indometacin 50mg capsules (Tillomed Laboratories Ltd) (AMP)
26787711000001101,Tramadol 50mg capsules (Tillomed Laboratories Ltd) (AMP)
26853411000001107,Mefenamic acid 50mg/5ml oral suspension (Ennogen Healthcare Ltd) (AMP)
26854811000001107,Paracetamol 1g suppositories (Ennogen Healthcare Ltd) (AMP)
26855011000001102,Paracetamol 500mg caplets (Ennogen Healthcare Ltd) (AMP)
26855211000001107,Pentazocine 50mg capsules (Ennogen Healthcare Ltd) (AMP)
26857811000001103,Tramadol 150mg modified-release capsules (Ennogen Healthcare Ltd) (AMP)
26858011000001105,Tramadol 200mg modified-release capsules (Ennogen Healthcare Ltd) (AMP)
26858311000001108,Tramadol 50mg modified-release capsules (Ennogen Healthcare Ltd) (AMP)
268711000001108,Amitriptyline 10mg tablets (Actavis UK Ltd) (AMP)
268911000001105,Diclofenac sodium 25mg gastro-resistant tablets (Sterwin Medicines) (AMP)
269111000001100,Mefenamic acid 250mg capsules (A A H Pharmaceuticals Ltd) (AMP)
269411000001105,Ibuprofen 5% gel (A A H Pharmaceuticals Ltd) (AMP)
269611000001108,Co-proxamol 32.5mg/325mg tablets (Sun Pharma UK Ltd) (AMP)
269811000001107,Pethidine 50mg tablets (A A H Pharmaceuticals Ltd) (AMP)
27008211000001106,Paracetamol 500mg / Dihydrocodeine 20mg tablets (Icarus Pharmaceuticals Ltd) (AMP)
27009811000001100,Paracetamol 500mg / Dihydrocodeine 30mg tablets (Icarus Pharmaceuticals Ltd) (AMP)
27115011000001101,Oxycodone 50mg/50ml solution for infusion vials (VMP)
27115211000001106,Oxycodone 50mg/50ml solution for infusion vials (Special Order) (AMP)
271511000001104,Codeine 60mg tablets (A A H Pharmaceuticals Ltd) (AMP)
27167811000001103,Aspirin 300mg caplets (Wockhardt UK Ltd) (AMP)
27170011000001102,Ibuprofen 200mg caplets (Wockhardt UK Ltd) (AMP)
271711000001109,Diclofenac sodium 25mg gastro-resistant tablets (Alliance Healthcare (Distribution) Ltd) (AMP)
272411000001108,Voltarol 75mg/3ml solution for injection ampoules (Novartis Pharmaceuticals UK Ltd) (AMP)
272811000001105,MST Continus 15mg tablets (Napp Pharmaceuticals Ltd) (AMP)
273211000001103,Codeine 60mg tablets (Teva UK Ltd) (AMP)
273411000001104,Ibuprofen 400mg tablets film coated (Actavis UK Ltd) (AMP)
27511000001103,Froben SR 200mg capsules (Abbott Laboratories Ltd) (AMP)
276611000001107,Piroxicam 20mg dispersible tablets (Viatris UK Healthcare Ltd) (AMP)
27711000001108,Naproxen 500mg gastro-resistant tablets (Accord-UK Ltd) (AMP)
277611000001109,Codeine 15mg tablets (Wockhardt UK Ltd) (AMP)
277811000001108,Diamorphine 30mg powder for solution for injection ampoules (Wockhardt UK Ltd) (AMP)
27811000001100,Codeine 25mg/5ml oral solution (Thornton & Ross Ltd) (AMP)
27840711000001109,Aceclofenac 100mg tablets (Accord-UK Ltd) (AMP)
278411000001105,Dromadol SR 200mg tablets (Teva UK Ltd) (AMP)
27848011000001109,Calpol Infant Sugar Free Colour Free 120mg/5ml oral suspension (McNeil Products Ltd) (AMP)
279011000001106,Naproxen 500mg gastro-resistant tablets (Sandoz Ltd) (AMP)
27963111000001100,Dipyridamole 200mg modified-release / Aspirin 25mg capsules (A A H Pharmaceuticals Ltd) (AMP)
27992811000001102,Reltebon 15mg modified-release tablets (Accord-UK Ltd) (AMP)
27993011000001104,Reltebon 30mg modified-release tablets (Accord-UK Ltd) (AMP)
27993311000001101,Reltebon 60mg modified-release tablets (Accord-UK Ltd) (AMP)
27996011000001107,Pethidine 50mg tablets (Auden McKenzie (Pharma Division) Ltd) (AMP)
27998011000001106,Ibuprofen 5% spray (J M McGill Ltd) (AMP)
27998211000001101,Ibuprofen 5% / Levomenthol 3% gel (J M McGill Ltd) (AMP)
28000911000001105,Celecoxib 200mg capsules (Teva UK Ltd) (AMP)
280011000001106,Co-dydramol 10mg/500mg tablets (Kent Pharma (UK) Ltd) (AMP)
28001111000001101,Celecoxib 100mg capsules (Teva UK Ltd) (AMP)
28011711000001103,Celecoxib 100mg capsules (Upjohn UK Ltd) (AMP)
28011911000001101,Celecoxib 200mg capsules (Upjohn UK Ltd) (AMP)
28035411000001104,Tramadol 50mg modified-release tablets (Ennogen Healthcare Ltd) (AMP)
28037411000001105,Tramadol 300mg modified-release tablets (Ennogen Healthcare Ltd) (AMP)
28037711000001104,Tramadol 400mg modified-release tablets (Ennogen Healthcare Ltd) (AMP)
28039011000001105,Celecoxib 100mg capsules (Alliance Healthcare (Distribution) Ltd) (AMP)
28039211000001100,Celecoxib 200mg capsules (Alliance Healthcare (Distribution) Ltd) (AMP)
28092811000001101,Buprenorphine 400microgram sublingual tablets sugar free (Almus Pharmaceuticals Ltd) (AMP)
28093011000001103,Buprenorphine 2mg sublingual tablets sugar free (Almus Pharmaceuticals Ltd) (AMP)
28093211000001108,Buprenorphine 8mg sublingual tablets sugar free (Almus Pharmaceuticals Ltd) (AMP)
28115511000001100,Ibuprofen 5% spray (Colorama Pharmaceuticals Ltd) (AMP)
28115711000001105,Ibuprofen 5% / Levomenthol 3% gel (Colorama Pharmaceuticals Ltd) (AMP)
281311000001104,Micropirin 75mg gastro-resistant tablets (Dexcel-Pharma Ltd) (AMP)
28139911000001102,Tramadol 150mg modified-release capsules (Pharma-z Ltd) (AMP)
28140111000001109,Tramadol 200mg modified-release capsules (Pharma-z Ltd) (AMP)
28140411000001104,Tramadol 50mg modified-release capsules (Pharma-z Ltd) (AMP)
28140811000001102,Tramadol 100mg modified-release tablets (Pharma-z Ltd) (AMP)
28141311000001101,Tramadol 150mg modified-release tablets (Pharma-z Ltd) (AMP)
28141711000001102,Tramadol 200mg modified-release tablets (Pharma-z Ltd) (AMP)
281711000001100,Aspirin 75mg gastro-resistant tablets (Actavis UK Ltd) (AMP)
281911000001103,Ibuprofen 600mg tablets (Sandoz Ltd) (AMP)
282011000001105,Nabumetone 500mg tablets (A A H Pharmaceuticals Ltd) (AMP)
282411000001101,Diclovol 75mg SR tablets (Arun Pharmaceuticals Ltd) (AMP)
28261911000001107,Paracetamol 500mg / Caffeine 65mg effervescent tablets sugar free (Colorama Pharmaceuticals Ltd) (AMP)
28268411000001106,Tramadol 400mg modified-release tablets (Colorama Pharmaceuticals Ltd) (AMP)
28292711000001100,Celecoxib 100mg capsules (Zentiva Pharma UK Ltd) (AMP)
28292911000001103,Celecoxib 200mg capsules (Zentiva Pharma UK Ltd) (AMP)
2832111000001108,Paracetamol 500mg capsules (Kent Pharma (UK) Ltd) (AMP)
28357711000001104,Bisoprolol 5mg / Aspirin 75mg capsules (Aspire Pharma Ltd) (AMP)
28358311000001102,Bisoprolol 10mg / Aspirin 75mg capsules (Aspire Pharma Ltd) (AMP)
28359411000001101,Bisoprolol 10mg / Aspirin 100mg capsules (Aspire Pharma Ltd) (AMP)
28360311000001109,Bisoprolol 5mg / Aspirin 100mg capsules (Aspire Pharma Ltd) (AMP)
2836411000001102,Durogesic 50micrograms transdermal patches (Janssen-Cilag Ltd) (AMP)
28365311000001102,Bisoprolol 10mg / Aspirin 100mg capsules (VMP)
28365411000001109,Bisoprolol 10mg / Aspirin 75mg capsules (VMP)
28365611000001107,Bisoprolol 5mg / Aspirin 100mg capsules (VMP)
28365711000001103,Bisoprolol 5mg / Aspirin 75mg capsules (VMP)
2836711000001108,Durogesic 75micrograms transdermal patches (Janssen-Cilag Ltd) (AMP)
2837011000001109,Durogesic 25micrograms transdermal patches (Janssen-Cilag Ltd) (AMP)
28378211000001108,Celecoxib 100mg capsules (Accord-UK Ltd) (AMP)
28378411000001107,Celecoxib 200mg capsules (Accord-UK Ltd) (AMP)
28378611000001105,Celecoxib 100mg capsules (A A H Pharmaceuticals Ltd) (AMP)
28378811000001109,Celecoxib 200mg capsules (A A H Pharmaceuticals Ltd) (AMP)
28379211000001103,Amitriptyline 25mg/5ml oral solution sugar free (Accord-UK Ltd) (AMP)
28379411000001104,Amitriptyline 50mg/5ml oral solution sugar free (Accord-UK Ltd) (AMP)
2838111000001106,Durogesic 100micrograms transdermal patches (Janssen-Cilag Ltd) (AMP)
28414411000001104,Diclofenac 40mg/5ml oral solution (Special Order) (AMP)
28414711000001105,Diclofenac 40mg/5ml oral suspension (Special Order) (AMP)
28422211000001104,Diclofenac 40mg/5ml oral solution (VMP)
28422311000001107,Diclofenac 40mg/5ml oral suspension (VMP)
2843411000001106,Relifex 500mg dispersible tablets (Meda Pharmaceuticals Ltd) (AMP)
2844111000001104,Infadrops 100mg/ml liquid (Mercury Pharma Group Ltd) (AMP)
2844511000001108,Midrid 325mg/65mg capsules (DHP Healthcare Ltd) (AMP)
28489611000001104,Buprenorphine 35micrograms/hour transdermal patches (A A H Pharmaceuticals Ltd) (AMP)
28489811000001100,Buprenorphine 52.5micrograms/hour transdermal patches (A A H Pharmaceuticals Ltd) (AMP)
28490011000001102,Buprenorphine 70micrograms/hour transdermal patches (A A H Pharmaceuticals Ltd) (AMP)
284911000001100,Diamorphine 500mg powder for solution for injection ampoules (A A H Pharmaceuticals Ltd) (AMP)
28491211000001101,Gabup 0.4mg sublingual tablets (Martindale Pharmaceuticals Ltd) (AMP)
28491411000001102,Gabup 2mg sublingual tablets (Martindale Pharmaceuticals Ltd) (AMP)
28491611000001104,Gabup 8mg sublingual tablets (Martindale Pharmaceuticals Ltd) (AMP)
28491911000001105,Gabup 1mg sublingual tablets (Martindale Pharmaceuticals Ltd) (AMP)
28492211000001108,Gabup 4mg sublingual tablets (Martindale Pharmaceuticals Ltd) (AMP)
28492511000001106,Gabup 6mg sublingual tablets (Martindale Pharmaceuticals Ltd) (AMP)
28565211000001107,Buprenorphine 1mg sublingual tablets sugar free (VMP)
28565711000001100,Buprenorphine 4mg sublingual tablets sugar free (VMP)
28565811000001108,Buprenorphine 6mg sublingual tablets sugar free (VMP)
286411000001100,Piroxicam 10mg capsules (Viatris UK Healthcare Ltd) (AMP)
28694511000001103,Gabapentin 100mg capsules (Rivopharm (UK) Ltd) (AMP)
28694811000001100,Gabapentin 300mg capsules (Rivopharm (UK) Ltd) (AMP)
28695111000001106,Gabapentin 400mg capsules (Rivopharm (UK) Ltd) (AMP)
28706811000001100,Morphine sulfate 40mg/1ml solution for injection ampoules (VMP)
28707311000001107,Morphine sulfate 40mg/1ml solution for injection ampoules (Special Order) (AMP)
28736211000001106,Rewisca 100mg capsules (Consilient Health Ltd) (AMP)
28736711000001104,Rewisca 25mg capsules (Consilient Health Ltd) (AMP)
28737611000001105,Rewisca 50mg capsules (Consilient Health Ltd) (AMP)
28738211000001107,Rewisca 75mg capsules (Consilient Health Ltd) (AMP)
28738711000001100,Rewisca 150mg capsules (Consilient Health Ltd) (AMP)
28739111000001108,Rewisca 200mg capsules (Consilient Health Ltd) (AMP)
28740211000001105,Rewisca 225mg capsules (Consilient Health Ltd) (AMP)
28742111000001100,Rewisca 300mg capsules (Consilient Health Ltd) (AMP)
28777611000001107,Naproxen 500mg / Esomeprazole 20mg modified-release tablets (Colorama Pharmaceuticals Ltd) (AMP)
28782011000001108,Tramadol 50mg/5ml oral suspension (Special Order) (AMP)
28790611000001103,Tramadol 50mg/5ml oral suspension (VMP)
28792911000001108,Fentanyl 100micrograms/2ml solution for injection ampoules (hameln pharma Ltd) (AMP)
28793111000001104,Fentanyl 500micrograms/10ml solution for injection ampoules (hameln pharma Ltd) (AMP)
28798511000001104,Tramadol 100mg/2ml solution for injection ampoules (hameln pharma Ltd) (AMP)
28803211000001105,Fentanyl 2.5mg/50ml solution for infusion vials (hameln pharma Ltd) (AMP)
28803911000001101,Tramadol 50mg capsules (DE Pharmaceuticals) (AMP)
2883211000001103,MST Continus 60mg tablets (Napp Pharmaceuticals Ltd) (AMP)
2883611000001101,MST Continus 100mg tablets (Napp Pharmaceuticals Ltd) (AMP)
28838511000001107,Tramadol 50mg modified-release capsules (Kent Pharma (UK) Ltd) (AMP)
28840111000001101,Tramadol 150mg modified-release capsules (Kent Pharma (UK) Ltd) (AMP)
2884211000001100,Flexin-25 Continus tablets (Napp Pharmaceuticals Ltd) (AMP)
28844211000001104,Tramadol 200mg modified-release capsules (Kent Pharma (UK) Ltd) (AMP)
2884711000001107,Flexin-50 Continus tablets (Napp Pharmaceuticals Ltd) (AMP)
28909711000001107,Lecaent 25mg capsules (Accord-UK Ltd) (AMP)
28910011000001104,Lecaent 50mg capsules (Accord-UK Ltd) (AMP)
28910211000001109,Lecaent 75mg capsules (Actavis UK Ltd) (AMP)
28910411000001108,Lecaent 100mg capsules (Accord-UK Ltd) (AMP)
28910611000001106,Lecaent 150mg capsules (Accord-UK Ltd) (AMP)
28910811000001105,Lecaent 200mg capsules (Accord-UK Ltd) (AMP)
28911011000001108,Lecaent 225mg capsules (Accord-UK Ltd) (AMP)
289111000001102,Anadin Paracetamol 500mg tablets (Haleon UK Trading Ltd) (AMP)
28911211000001103,Lecaent 300mg capsules (Actavis UK Ltd) (AMP)
28912811000001106,Ibuprofen 5% spray (Niche Pharma Ltd) (AMP)
2891711000001108,OxyContin 10mg modified-release tablets (Napp Pharmaceuticals Ltd) (AMP)
28918711000001100,Acupan 30mg tablets (Waymade Healthcare Plc) (AMP)
28919111000001108,Indometacin 50mg capsules (Crescent Pharma Ltd) (AMP)
28921411000001108,Fenbid Forte 10% gel (Waymade Healthcare Plc) (AMP)
2892711000001101,Keral 25mg tablets (A. Menarini Farmaceutica Internazionale SRL) (AMP)
28929411000001109,Morphine sulfate 3mg/50ml solution for infusion vials (VMP)
28929711000001103,Morphine sulfate 3mg/50ml solution for infusion vials (Special Order) (AMP)
2893611000001100,Voltarol Osteoarthritis Joint Pain Relief 1.16% gel (Haleon UK Trading Ltd) (AMP)
28939511000001106,Anadin Period Pain Relief 200mg capsules (Pfizer Consumer Healthcare Ltd) (AMP)
2894011000001109,Voltarol 1.16% Emulgel (Haleon UK Trading Ltd) (AMP)
2895711000001105,OxyNorm 5mg capsules (Napp Pharmaceuticals Ltd) (AMP)
2896011000001104,OxyNorm 10mg capsules (Napp Pharmaceuticals Ltd) (AMP)
2896311000001101,OxyNorm 20mg capsules (Napp Pharmaceuticals Ltd) (AMP)
28963911000001107,Pregabalin 25mg capsules (A A H Pharmaceuticals Ltd) (AMP)
28964511000001102,Pregabalin 50mg capsules (A A H Pharmaceuticals Ltd) (AMP)
28964811000001104,Pregabalin 75mg capsules (A A H Pharmaceuticals Ltd) (AMP)
28965011000001109,Pregabalin 100mg capsules (A A H Pharmaceuticals Ltd) (AMP)
28965211000001104,Pregabalin 150mg capsules (A A H Pharmaceuticals Ltd) (AMP)
28965411000001100,Pregabalin 200mg capsules (A A H Pharmaceuticals Ltd) (AMP)
28965611000001102,Pregabalin 225mg capsules (A A H Pharmaceuticals Ltd) (AMP)
28965811000001103,Pregabalin 300mg capsules (A A H Pharmaceuticals Ltd) (AMP)
2896611000001106,OxyContin 20mg modified-release tablets (Napp Pharmaceuticals Ltd) (AMP)
2897211000001106,OxyContin 40mg modified-release tablets (Napp Pharmaceuticals Ltd) (AMP)
2897511000001109,OxyNorm 10mg/ml concentrate oral solution (Napp Pharmaceuticals Ltd) (AMP)
28978311000001109,Amitriptyline 25mg tablets (Crescent Pharma Ltd) (AMP)
2898111000001104,OxyContin 80mg modified-release tablets (Napp Pharmaceuticals Ltd) (AMP)
2898211000001105,OxyNorm liquid 1mg/ml oral solution (Napp Pharmaceuticals Ltd) (AMP)
28984411000001104,Co-codamol 8mg/500mg tablets (Crescent Pharma Ltd) (AMP)
28984611000001101,Ibuprofen 200mg tablets (Crescent Pharma Ltd) (AMP)
28984811000001102,Ibuprofen 400mg tablets (Crescent Pharma Ltd) (AMP)
28985211000001102,Naproxen 250mg tablets (Crescent Pharma Ltd) (AMP)
28985411000001103,Naproxen 500mg tablets (Crescent Pharma Ltd) (AMP)
28985611000001100,Paracetamol 500mg caplets (Crescent Pharma Ltd) (AMP)
2898611000001107,Sevredol 10mg tablets (Napp Pharmaceuticals Ltd) (AMP)
28986111000001102,Piroxicam 10mg capsules (Crescent Pharma Ltd) (AMP)
28986311000001100,Piroxicam 20mg capsules (Crescent Pharma Ltd) (AMP)
28996411000001106,Alzain 25mg capsules (Dr Reddy's Laboratories (UK) Ltd) (AMP)
28996611000001109,Alzain 50mg capsules (Dr Reddy's Laboratories (UK) Ltd) (AMP)
28996911000001103,Alzain 75mg capsules (Dr Reddy's Laboratories (UK) Ltd) (AMP)
28997111000001103,Alzain 100mg capsules (Dr Reddy's Laboratories (UK) Ltd) (AMP)
28997311000001101,Alzain 150mg capsules (Dr Reddy's Laboratories (UK) Ltd) (AMP)
28997511000001107,Alzain 200mg capsules (Dr Reddy's Laboratories (UK) Ltd) (AMP)
28997711000001102,Alzain 225mg capsules (Dr Reddy's Laboratories (UK) Ltd) (AMP)
28997911000001100,Alzain 300mg capsules (Dr Reddy's Laboratories (UK) Ltd) (AMP)
29003611000001106,Codeine 15mg tablets (Crescent Pharma Ltd) (AMP)
29003811000001105,Codeine 30mg tablets (Crescent Pharma Ltd) (AMP)
29004011000001102,Codeine 60mg tablets (Crescent Pharma Ltd) (AMP)
2911000001100,Voltarol 25mg gastro-resistant tablets (Novartis Pharmaceuticals UK Ltd) (AMP)
29111000001101,Paracetamol 500mg soluble tablets (Kent Pharma (UK) Ltd) (AMP)
29210311000001100,Ibuprofen 5% / Levomenthol 3% gel (Ennogen Healthcare Ltd) (AMP)
29210511000001106,Ibuprofen 5% spray (Ennogen Healthcare Ltd) (AMP)
292611000001104,Subutex 0.4mg sublingual tablets (Indivior UK Ltd) (AMP)
292811000001100,Co-codamol 30mg/500mg tablets (Alliance Healthcare (Distribution) Ltd) (AMP)
293811000001108,Froben 100mg suppositories (Abbott Laboratories Ltd) (AMP)
294311000001102,Ketocid 200 modified-release capsules (Chiesi Ltd) (AMP)
29496211000001107,Amitriptyline 10mg/5ml oral solution sugar free (Syri Ltd) (AMP)
29500111000001108,Amitriptyline 25mg/5ml oral solution sugar free (Syri Ltd) (AMP)
29501411000001107,Amitriptyline 50mg/5ml oral solution sugar free (Syri Ltd) (AMP)
29504711000001103,Buprenorphine 8mg sublingual tablets sugar free (Thornton & Ross Ltd) (AMP)
29505511000001109,Buprenorphine 2mg sublingual tablets sugar free (Thornton & Ross Ltd) (AMP)
295211000001106,Aspirin 75mg gastro-resistant tablets (Teva UK Ltd) (AMP)
295311000001103,Diamorphine 10mg tablets (Martindale Pharmaceuticals Ltd) (AMP)
29611000001109,Dihydrocodeine 30mg tablets (Teva UK Ltd) (AMP)
29650311000001107,Oxeltra 5mg modified-release tablets (Wockhardt UK Ltd) (AMP)
29666011000001102,Care Ibuprofen for Children 100mg/5ml oral suspension (Thornton & Ross Ltd) (AMP)
29667211000001109,Oxycodone 40mg/5ml / Naloxone 20mg/5ml oral suspension (Special Order) (AMP)
29670411000001102,Oxycodone 40mg/5ml / Naloxone 20mg/5ml oral suspension (VMP)
29676711000001106,Oxeltra 80mg modified-release tablets (Wockhardt UK Ltd) (AMP)
29677211000001102,Oxeltra 30mg modified-release tablets (Wockhardt UK Ltd) (AMP)
29677411000001103,Oxeltra 60mg modified-release tablets (Wockhardt UK Ltd) (AMP)
29677611000001100,Oxeltra 40mg modified-release tablets (Wockhardt UK Ltd) (AMP)
29677811000001101,Oxeltra 10mg modified-release tablets (Wockhardt UK Ltd) (AMP)
29678111000001109,Oxeltra 15mg modified-release tablets (Wockhardt UK Ltd) (AMP)
29678311000001106,Oxeltra 20mg modified-release tablets (Wockhardt UK Ltd) (AMP)
29681411000001103,Amitriptyline 10mg/5ml oral solution sugar free (Wockhardt UK Ltd) (AMP)
29686711000001103,Amitriptyline 10mg/5ml oral solution sugar free (VMP)
29688611000001108,Masidemen 50mg/200microgram gastro-resistant tablets (Actavis UK Ltd) (AMP)
29688811000001107,Masidemen 75mg/200microgram gastro-resistant tablets (Actavis UK Ltd) (AMP)
29689011000001106,Diamorphine 500micrograms/1ml solution for injection pre-filled syringes (VMP)
29689311000001109,Diamorphine 500micrograms/1ml solution for injection pre-filled syringes (Special Order) (AMP)
297211000001103,Naproxen 500mg gastro-resistant tablets (Kent Pharma (UK) Ltd) (AMP)
29729511000001100,Methadone 50mg tablets (Special Order) (AMP)
29732211000001108,Methadone 50mg tablets (VMP)
297411000001104,Codeine 30mg tablets (Teva UK Ltd) (AMP)
29742611000001106,Tiloket CR 200mg capsules (Tillomed Laboratories Ltd) (AMP)
29750411000001105,Levobupivacaine 250mg/250ml / Fentanyl 500micrograms/250ml infusion bags (VMP)
29750611000001108,Levobupivacaine 250mg/250ml / Fentanyl 500micrograms/250ml infusion bags (Special Order) (AMP)
29750811000001107,Levobupivacaine 312.5mg/250ml / Fentanyl 500micrograms/250ml infusion bags (VMP)
29751011000001105,Levobupivacaine 312.5mg/250ml / Fentanyl 500micrograms/250ml infusion bags (Special Order) (AMP)
29763411000001109,Amitriptyline 25mg/5ml oral solution sugar free (Sigma Pharmaceuticals Plc) (AMP)
29763611000001107,Amitriptyline 50mg/5ml oral solution sugar free (Sigma Pharmaceuticals Plc) (AMP)
29763811000001106,Amitriptyline 10mg tablets (Sigma Pharmaceuticals Plc) (AMP)
29764011000001103,Amitriptyline 50mg tablets (Sigma Pharmaceuticals Plc) (AMP)
29771011000001108,Aspirin 300mg gastro-resistant tablets (Sigma Pharmaceuticals Plc) (AMP)
29771211000001103,Aspirin 75mg gastro-resistant tablets (Sigma Pharmaceuticals Plc) (AMP)
29774911000001105,Aspirin 75mg tablets (Sigma Pharmaceuticals Plc) (AMP)
29776311000001103,Buprenorphine 8mg sublingual tablets sugar free (Sigma Pharmaceuticals Plc) (AMP)
29784111000001104,Celecoxib 200mg capsules (Sigma Pharmaceuticals Plc) (AMP)
29784511000001108,Celecoxib 100mg capsules (Sigma Pharmaceuticals Plc) (AMP)
29795511000001105,Co-codamol 30mg/500mg tablets (Sigma Pharmaceuticals Plc) (AMP)
29795811000001108,Co-codamol 8mg/500mg capsules (Sigma Pharmaceuticals Plc) (AMP)
2979711000001105,Galcodine 3mg/5ml linctus paediatric (Thornton & Ross Ltd) (AMP)
29797311000001107,Co-codaprin 8mg/400mg dispersible tablets (Sigma Pharmaceuticals Plc) (AMP)
29797511000001101,Codeine 30mg tablets (Sigma Pharmaceuticals Plc) (AMP)
29798011000001105,Codeine 60mg tablets (Sigma Pharmaceuticals Plc) (AMP)
29799511000001108,Co-proxamol 32.5mg/325mg tablets (Sigma Pharmaceuticals Plc) (AMP)
298211000001104,Calpol Infant Original 120mg/5ml oral suspension (McNeil Products Ltd) (AMP)
29838211000001107,Longtec 120mg modified-release tablets (Qdem Pharmaceuticals Ltd) (AMP)
29838411000001106,Longtec 15mg modified-release tablets (Qdem Pharmaceuticals Ltd) (AMP)
29838611000001109,Longtec 30mg modified-release tablets (Qdem Pharmaceuticals Ltd) (AMP)
29838811000001108,Longtec 60mg modified-release tablets (Qdem Pharmaceuticals Ltd) (AMP)
29851211000001102,Co-proxamol 32.5mg/325mg tablets (Ennogen Healthcare Ltd) (AMP)
29854311000001108,Ibuprofen 5% / Levomenthol 3% gel (Niche Pharma Ltd) (AMP)
29868211000001104,Gabapentin 50mg/ml oral solution sugar free (Sigma Pharmaceuticals Plc) (AMP)
29875911000001106,Ibuprofen 200mg tablets (Sigma Pharmaceuticals Plc) (AMP)
29876711000001101,Ibuprofen 5% gel (Sigma Pharmaceuticals Plc) (AMP)
29877911000001101,Indometacin 25mg capsules (Sigma Pharmaceuticals Plc) (AMP)
29878111000001103,Indometacin 50mg capsules (Sigma Pharmaceuticals Plc) (AMP)
29878711000001102,Diamorphine 1.6mg/dose nasal spray (VMP)
29879311000001107,Diamorphine 720micrograms/dose nasal spray (VMP)
29879711000001106,Ayendi 1600micrograms/actuation nasal spray (Wockhardt UK Ltd) (AMP)
29879911000001108,Ayendi 720micrograms/actuation nasal spray (Wockhardt UK Ltd) (AMP)
29888211000001101,Gabapentin 100mg capsules (Wockhardt UK Ltd) (AMP)
29888411000001102,Gabapentin 300mg capsules (Wockhardt UK Ltd) (AMP)
29888611000001104,Gabapentin 400mg capsules (Wockhardt UK Ltd) (AMP)
29904711000001109,Mefenamic acid 250mg capsules (Sigma Pharmaceuticals Plc) (AMP)
29915211000001103,Diclofenac 2.32% gel (Colorama Pharmaceuticals Ltd) (AMP)
29915911000001107,Pregabalin 20mg/ml oral solution sugar free (Colorama Pharmaceuticals Ltd) (AMP)
29927111000001108,Morphine sulfate 10mg/5ml oral solution (Sigma Pharmaceuticals Plc) (AMP)
29928311000001106,Naproxen 250mg gastro-resistant tablets (Sigma Pharmaceuticals Plc) (AMP)
29928511000001100,Naproxen 250mg tablets (Sigma Pharmaceuticals Plc) (AMP)
29928711000001105,Naproxen 500mg gastro-resistant tablets (Sigma Pharmaceuticals Plc) (AMP)
29928911000001107,Naproxen 500mg tablets (Sigma Pharmaceuticals Plc) (AMP)
29935311000001100,Pregabalin 75mg capsules (Teva UK Ltd) (AMP)
29936111000001108,Pregabalin 50mg capsules (Teva UK Ltd) (AMP)
29936311000001105,Pregabalin 100mg capsules (Teva UK Ltd) (AMP)
29936811000001101,Pregabalin 150mg capsules (Teva UK Ltd) (AMP)
29937611000001103,Pregabalin 200mg capsules (Teva UK Ltd) (AMP)
29937911000001109,Pregabalin 225mg capsules (Teva UK Ltd) (AMP)
29938111000001107,Pregabalin 300mg capsules (Teva UK Ltd) (AMP)
29938311000001109,Pregabalin 25mg capsules (Teva UK Ltd) (AMP)
29951911000001102,Nortriptyline 10mg tablets (Teva UK Ltd) (AMP)
29952111000001105,Nortriptyline 25mg tablets (Teva UK Ltd) (AMP)
29975911000001102,Paracetamol 120mg/5ml oral suspension paediatric sugar free (Sigma Pharmaceuticals Plc) (AMP)
29976211000001100,Paracetamol 250mg/5ml oral suspension sugar free (Sigma Pharmaceuticals Plc) (AMP)
29976611000001103,Paracetamol 120mg suppositories (Sigma Pharmaceuticals Plc) (AMP)
29976811000001104,Paracetamol 240mg suppositories (Sigma Pharmaceuticals Plc) (AMP)
29977111000001109,Paracetamol 500mg caplets (Sigma Pharmaceuticals Plc) (AMP)
29978211000001104,Arthrotec 50 gastro-resistant tablets (Lexon (UK) Ltd) (AMP)
29978411000001100,Arthrotec 75 gastro-resistant tablets (Lexon (UK) Ltd) (AMP)
29980411000001108,Brufen 600mg effervescent granules sachets (Lexon (UK) Ltd) (AMP)
29980611000001106,Brufen Retard 800mg tablets (Lexon (UK) Ltd) (AMP)
29982011000001100,Paracetamol 500mg suppositories (Sigma Pharmaceuticals Plc) (AMP)
29982511000001108,Paracetamol 500mg soluble tablets (Sigma Pharmaceuticals Plc) (AMP)
29991511000001104,Amitriptyline 10mg tablets (Mawdsley-Brooks & Company Ltd) (AMP)
29991711000001109,Amitriptyline 25mg tablets (Mawdsley-Brooks & Company Ltd) (AMP)
29991911000001106,Amitriptyline 50mg tablets (Mawdsley-Brooks & Company Ltd) (AMP)
29995811000001103,Aspirin 300mg tablets (Mawdsley-Brooks & Company Ltd) (AMP)
29996011000001100,Aspirin 75mg dispersible tablets (Mawdsley-Brooks & Company Ltd) (AMP)
29996411000001109,Aspirin 300mg dispersible tablets (Mawdsley-Brooks & Company Ltd) (AMP)
29996711000001103,Aspirin 75mg gastro-resistant tablets (Mawdsley-Brooks & Company Ltd) (AMP)
30001711000001101,Yemex 12micrograms/hour transdermal patches (Sandoz Ltd) (AMP)
30002011000001106,Yemex 25micrograms/hour transdermal patches (Sandoz Ltd) (AMP)
30002211000001101,Yemex 50micrograms/hour transdermal patches (Sandoz Ltd) (AMP)
30002711000001108,Yemex 75micrograms/hour transdermal patches (Sandoz Ltd) (AMP)
30003011000001102,Yemex 100micrograms/hour transdermal patches (Sandoz Ltd) (AMP)
30011211000001106,Celecoxib 100mg capsules (Mawdsley-Brooks & Company Ltd) (AMP)
30011411000001105,Celecoxib 200mg capsules (Mawdsley-Brooks & Company Ltd) (AMP)
30016911000001107,Co-codamol 8mg/500mg tablets (Mawdsley-Brooks & Company Ltd) (AMP)
30017211000001101,Co-codamol 30mg/500mg tablets (Mawdsley-Brooks & Company Ltd) (AMP)
30017511000001103,Co-codamol 8mg/500mg effervescent tablets (Mawdsley-Brooks & Company Ltd) (AMP)
30018111000001108,Co-dydramol 10mg/500mg tablets (Mawdsley-Brooks & Company Ltd) (AMP)
30018511000001104,Codeine 15mg tablets (Mawdsley-Brooks & Company Ltd) (AMP)
30018711000001109,Codeine 30mg tablets (Mawdsley-Brooks & Company Ltd) (AMP)
300211000001106,Voltarol 12.5mg suppositories (Novartis Pharmaceuticals UK Ltd) (AMP)
30023311000001109,Dipyridamole 200mg modified-release / Aspirin 25mg capsules (Mawdsley-Brooks & Company Ltd) (AMP)
30027911000001101,Buprenorphine 35micrograms/hour transdermal patches (DE Pharmaceuticals) (AMP)
30028111000001103,Buprenorphine 52.5micrograms/hour transdermal patches (DE Pharmaceuticals) (AMP)
30028311000001101,Buprenorphine 70micrograms/hour transdermal patches (DE Pharmaceuticals) (AMP)
30029611000001102,Co-codamol 30mg/500mg caplets (Mawdsley-Brooks & Company Ltd) (AMP)
30045311000001108,Co-proxamol 32.5mg/325mg tablets (DE Pharmaceuticals) (AMP)
30046011000001101,Codeine 25mg/5ml oral solution (DE Pharmaceuticals) (AMP)
30048011000001102,Diclofenac potassium 50mg tablets (DE Pharmaceuticals) (AMP)
30048411000001106,Diclofenac sodium 75mg modified-release tablets (DE Pharmaceuticals) (AMP)
30049011000001107,Diclofenac sodium 50mg gastro-resistant tablets (DE Pharmaceuticals) (AMP)
30049311000001105,Diclofenac sodium 100mg modified-release capsules (DE Pharmaceuticals) (AMP)
30051211000001101,Dipyridamole 200mg modified-release / Aspirin 25mg capsules (DE Pharmaceuticals) (AMP)
30054411000001100,Etodolac 600mg modified-release tablets (DE Pharmaceuticals) (AMP)
30054811000001103,Fentanyl 12micrograms/hour transdermal patches (DE Pharmaceuticals) (AMP)
30055011000001108,Fentanyl 25micrograms/hour transdermal patches (DE Pharmaceuticals) (AMP)
30055211000001103,Fentanyl 50micrograms/hour transdermal patches (DE Pharmaceuticals) (AMP)
30055411000001104,Fentanyl 75micrograms/hour transdermal patches (DE Pharmaceuticals) (AMP)
30055611000001101,Fentanyl 100micrograms/hour transdermal patches (DE Pharmaceuticals) (AMP)
30062011000001105,Nabumetone 500mg tablets (DE Pharmaceuticals) (AMP)
30062411000001101,Naproxen 250mg gastro-resistant tablets (DE Pharmaceuticals) (AMP)
30062611000001103,Naproxen 375mg gastro-resistant tablets (DE Pharmaceuticals) (AMP)
30062811000001104,Naproxen 500mg gastro-resistant tablets (DE Pharmaceuticals) (AMP)
30063011000001101,Naproxen 500mg tablets (DE Pharmaceuticals) (AMP)
30071811000001103,Paracetamol 500mg capsules (DE Pharmaceuticals) (AMP)
30072111000001100,Paracetamol 500mg/5ml oral suspension sugar free (DE Pharmaceuticals) (AMP)
30072311000001103,Paracetamol 500mg soluble tablets (DE Pharmaceuticals) (AMP)
30072711000001104,Paracetamol 120mg suppositories (DE Pharmaceuticals) (AMP)
30072911000001102,Paracetamol 125mg suppositories (DE Pharmaceuticals) (AMP)
30073111000001106,Paracetamol 250mg suppositories (DE Pharmaceuticals) (AMP)
30073311000001108,Paracetamol 500mg suppositories (DE Pharmaceuticals) (AMP)
30073511000001102,Paracetamol 250mg/5ml oral suspension sugar free (DE Pharmaceuticals) (AMP)
30073711000001107,Paracetamol 120mg/5ml oral suspension paediatric sugar free (DE Pharmaceuticals) (AMP)
30076111000001101,Pethidine 50mg tablets (DE Pharmaceuticals) (AMP)
30101811000001104,Pregabalin 20mg/ml oral solution sugar free (Teva UK Ltd) (AMP)
30112511000001107,Piroxicam 10mg capsules (DE Pharmaceuticals) (AMP)
30112711000001102,Piroxicam 20mg capsules (DE Pharmaceuticals) (AMP)
30112911000001100,Piroxicam 0.5% gel (DE Pharmaceuticals) (AMP)
30115211000001104,Pregabalin 25mg capsules (DE Pharmaceuticals) (AMP)
30115511000001101,Pregabalin 50mg capsules (DE Pharmaceuticals) (AMP)
30115811000001103,Pregabalin 75mg capsules (DE Pharmaceuticals) (AMP)
30116211000001105,Pregabalin 100mg capsules (DE Pharmaceuticals) (AMP)
30116411000001109,Pregabalin 150mg capsules (DE Pharmaceuticals) (AMP)
30116611000001107,Pregabalin 200mg capsules (DE Pharmaceuticals) (AMP)
30116811000001106,Pregabalin 225mg capsules (DE Pharmaceuticals) (AMP)
30117011000001102,Pregabalin 300mg capsules (DE Pharmaceuticals) (AMP)
30125611000001108,Amitriptyline 10mg/5ml oral solution sugar free (A A H Pharmaceuticals Ltd) (AMP)
30129411000001108,Pregabalin 20mg/ml oral solution sugar free (A A H Pharmaceuticals Ltd) (AMP)
30134111000001102,Gabapentin 800mg tablets (Mawdsley-Brooks & Company Ltd) (AMP)
30136411000001104,Celecoxib 100mg capsules (DE Pharmaceuticals) (AMP)
30136611000001101,Celecoxib 200mg capsules (DE Pharmaceuticals) (AMP)
30212411000001106,Ibuprofen 200mg tablets (Mawdsley-Brooks & Company Ltd) (AMP)
30213011000001106,Ibuprofen 400mg tablets (Mawdsley-Brooks & Company Ltd) (AMP)
3021311000001105,Manorfen 400mg tablets (The Manor Drug Company (Nottingham) Ltd) (AMP)
30216811000001109,Ketoprofen 200mg modified-release capsules (Mawdsley-Brooks & Company Ltd) (AMP)
30224011000001103,Pregabalin 25mg capsules (Sandoz Ltd) (AMP)
30224311000001100,Pregabalin 300mg capsules (Sandoz Ltd) (AMP)
30224511000001106,Pregabalin 50mg capsules (Sandoz Ltd) (AMP)
30224711000001101,Pregabalin 225mg capsules (Sandoz Ltd) (AMP)
30224911000001104,Pregabalin 75mg capsules (Sandoz Ltd) (AMP)
30225111000001103,Pregabalin 200mg capsules (Sandoz Ltd) (AMP)
30225311000001101,Pregabalin 100mg capsules (Sandoz Ltd) (AMP)
30225511000001107,Pregabalin 150mg capsules (Sandoz Ltd) (AMP)
3023411000001104,Relifex 500mg tablets (Viatris UK Healthcare Ltd) (AMP)
3023911000001107,Relifex 500mg/5ml oral suspension (Meda Pharmaceuticals Ltd) (AMP)
302411000001106,Diclofenac sodium 50mg gastro-resistant tablets (Kent Pharma (UK) Ltd) (AMP)
30246811000001104,Voltarol ONE A DAY Muscle Pain Relief 140mg medicated plaster (Haleon UK Trading Ltd) (AMP)
30269111000001109,Brufen 100mg/5ml syrup (Waymade Healthcare Plc) (AMP)
30269311000001106,Brufen 600mg effervescent granules sachets (Waymade Healthcare Plc) (AMP)
30274811000001105,Voltarol 100mg suppositories (Waymade Healthcare Plc) (AMP)
30275011000001100,Zamadol SR 50mg capsules (Waymade Healthcare Plc) (AMP)
302811000001108,Codeine 60mg tablets (Accord-UK Ltd) (AMP)
302911000001103,Neurontin 400mg capsules (Viatris UK Healthcare Ltd) (AMP)
30318011000001108,Diclofenac 140mg medicated plasters (VMP)
3037111000001103,DHC Continus 60mg tablets (Ennogen Healthcare International Ltd) (AMP)
3037511000001107,DHC Continus 90mg tablets (Ennogen Healthcare International Ltd) (AMP)
3037811000001105,DHC Continus 120mg tablets (Ennogen Healthcare International Ltd) (AMP)
3038211000001108,DF 118 Forte 40mg tablets (Martindale Pharmaceuticals Ltd) (AMP)
3038511000001106,Dihydrocodeine 10mg/5ml oral solution (A A H Pharmaceuticals Ltd) (AMP)
3038911000001104,Dihydrocodeine 10mg/5ml oral solution (Martindale Pharmaceuticals Ltd) (AMP)
3039311000001106,Dihydrocodeine 10mg/5ml oral solution (Alliance Healthcare (Distribution) Ltd) (AMP)
305111000001108,Actiq 1.2mg lozenges with integral oromucosal applicator (Teva UK Ltd) (AMP)
306311000001100,Zydol SR 100mg tablets (Grunenthal Ltd) (AMP)
306611000001105,Flexin-75 Continus tablets (Napp Pharmaceuticals Ltd) (AMP)
30719311000001101,Abtard 5mg modified-release tablets (Ethypharm UK Ltd) (AMP)
30719811000001105,Abtard 10mg modified-release tablets (Ethypharm UK Ltd) (AMP)
30720111000001102,Abtard 15mg modified-release tablets (Ethypharm UK Ltd) (AMP)
30720511000001106,Abtard 20mg modified-release tablets (Ethypharm UK Ltd) (AMP)
30720811000001109,Abtard 40mg modified-release tablets (Ethypharm UK Ltd) (AMP)
307211000001105,Aspirin 75mg gastro-resistant tablets (Alliance Healthcare (Distribution) Ltd) (AMP)
30721111000001108,Abtard 30mg modified-release tablets (Ethypharm UK Ltd) (AMP)
30721411000001103,Abtard 60mg modified-release tablets (Ethypharm UK Ltd) (AMP)
30721711000001109,Abtard 80mg modified-release tablets (Ethypharm UK Ltd) (AMP)
307411000001109,Aspirin 300mg suppositories (A A H Pharmaceuticals Ltd) (AMP)
3075211000001103,Filnarine SR 10mg tablets (Teva UK Ltd) (AMP)
30772511000001106,Co-codamol 8mg/500mg caplets (Accord-UK Ltd) (AMP)
3077311000001103,Sevredol 20mg tablets (Napp Pharmaceuticals Ltd) (AMP)
3077711000001104,MST Continus 10mg tablets (Napp Pharmaceuticals Ltd) (AMP)
30778311000001102,Nefopam 30mg tablets (Advanz Pharma) (AMP)
30782011000001109,Pregabalin 150mg capsules (Zentiva Pharma UK Ltd) (AMP)
30782211000001104,Pregabalin 200mg capsules (Zentiva Pharma UK Ltd) (AMP)
30782411000001100,Pregabalin 225mg capsules (Zentiva Pharma UK Ltd) (AMP)
30782611000001102,Pregabalin 300mg capsules (Zentiva Pharma UK Ltd) (AMP)
30782811000001103,Pregabalin 50mg capsules (Zentiva Pharma UK Ltd) (AMP)
30783011000001100,Pregabalin 75mg capsules (Zentiva Pharma UK Ltd) (AMP)
30783211000001105,Pregabalin 100mg capsules (Zentiva Pharma UK Ltd) (AMP)
30783411000001109,Pregabalin 25mg capsules (Zentiva Pharma UK Ltd) (AMP)
30786211000001103,Bupivacaine 50mg/10ml (0.5%) solution for injection ampoules (Accord-UK Ltd) (AMP)
30786811000001102,Pregabalin 25mg capsules (Accord-UK Ltd) (AMP)
30787011000001106,Pregabalin 50mg capsules (Accord-UK Ltd) (AMP)
3078711000001103,MST Continus 30mg tablets (Napp Pharmaceuticals Ltd) (AMP)
30787311000001109,Pregabalin 75mg capsules (Accord-UK Ltd) (AMP)
30787511000001103,Pregabalin 100mg capsules (Accord-UK Ltd) (AMP)
30787711000001108,Pregabalin 150mg capsules (Accord-UK Ltd) (AMP)
30787911000001105,Pregabalin 200mg capsules (Accord-UK Ltd) (AMP)
30788111000001108,Pregabalin 225mg capsules (Accord-UK Ltd) (AMP)
30788311000001105,Pregabalin 300mg capsules (Accord-UK Ltd) (AMP)
3078911000001101,Filnarine SR 30mg tablets (Teva UK Ltd) (AMP)
30791611000001109,Aspirin 25mg capsules (Special Order) (AMP)
3079311000001108,Sevredol 50mg tablets (Napp Pharmaceuticals Ltd) (AMP)
30798211000001103,Aspirin 25mg capsules (VMP)
30800511000001103,Amitriptyline 10mg/5ml oral solution sugar free (Alliance Healthcare (Distribution) Ltd) (AMP)
30804111000001103,Ibuprofen 100mg/5ml oral suspension sugar free (Accord-UK Ltd) (AMP)
30810311000001107,Etodolac 600mg modified-release tablets (Mawdsley-Brooks & Company Ltd) (AMP)
30823211000001100,Morphine sulfate 5mg/5ml solution for injection ampoules (Torbay Pharmaceuticals) (AMP)
30823411000001101,Morphine sulfate 10mg/10ml solution for injection ampoules (Torbay Pharmaceuticals) (AMP)
30823711000001107,Morphine sulfate 100mg/50ml solution for infusion vials (Torbay Pharmaceuticals) (AMP)
30824811000001101,Oxycodone 5mg/5ml oral solution sugar free (DE Pharmaceuticals) (AMP)
30825011000001106,Oxycodone 10mg/ml oral solution sugar free (DE Pharmaceuticals) (AMP)
30825611000001104,Diclofenac sodium 50mg gastro-resistant tablets (Mawdsley-Brooks & Company Ltd) (AMP)
30827011000001104,Meloxicam 7.5mg tablets (Mawdsley-Brooks & Company Ltd) (AMP)
30827211000001109,Meloxicam 15mg tablets (Mawdsley-Brooks & Company Ltd) (AMP)
308411000001108,Surgam 300mg tablets (Beaumont Pharma Ltd) (AMP)
30844311000001108,Paracetamol 500mg capsules (Mawdsley-Brooks & Company Ltd) (AMP)
30844611000001103,Paracetamol 500mg tablets (Mawdsley-Brooks & Company Ltd) (AMP)
30845011000001109,Paracetamol 500mg caplets (Mawdsley-Brooks & Company Ltd) (AMP)
30845811000001103,Paracetamol 500mg soluble tablets (Mawdsley-Brooks & Company Ltd) (AMP)
30849711000001108,Naproxen 250mg tablets (Mawdsley-Brooks & Company Ltd) (AMP)
30849911000001105,Naproxen 500mg tablets (Mawdsley-Brooks & Company Ltd) (AMP)
30850111000001100,Naproxen 500mg gastro-resistant tablets (Mawdsley-Brooks & Company Ltd) (AMP)
30857611000001107,Piroxicam 10mg capsules (Mawdsley-Brooks & Company Ltd) (AMP)
30857811000001106,Piroxicam 20mg capsules (Mawdsley-Brooks & Company Ltd) (AMP)
30858011000001104,Piroxicam 0.5% gel (Mawdsley-Brooks & Company Ltd) (AMP)
30924411000001106,Tramadol 50mg capsules (Mawdsley-Brooks & Company Ltd) (AMP)
30926911000001106,Diclofenac 2.32% gel (DE Pharmaceuticals) (AMP)
30934911000001101,Ketoprofen 200mg modified-release capsules (Ennogen Healthcare Ltd) (AMP)
30940411000001102,Tramadol 37.5mg / Paracetamol 325mg tablets (Mawdsley-Brooks & Company Ltd) (AMP)
30947711000001109,Morphine sulfate 1mg/1ml solution for injection ampoules (Torbay Pharmaceuticals) (AMP)
30971911000001102,Boots Aspirin Extra tablets (The Boots Company Plc) (AMP)
30988311000001102,Nefopam 30mg tablets (A A H Pharmaceuticals Ltd) (AMP)
30991911000001109,Boots Aspirin 300mg dispersible tablets (The Boots Company Plc) (AMP)
30996711000001101,Morphine sulfate 10mg/10ml solution for injection ampoules (hameln pharma Ltd) (AMP)
31003411000001100,Boots Ibuprofen 3 Months Plus 100mg/5ml oral suspension strawberry (The Boots Company Plc) (AMP)
31004511000001103,Boots Ibuprofen and Codeine 200mg/12.8mg tablets (The Boots Company Plc) (AMP)
31004811000001100,Boots Ibuprofen 5% gel (The Boots Company Plc) (AMP)
31005011000001105,Boots Ibuprofen Long Lasting 200mg capsules (The Boots Company Plc) (AMP)
31005211000001100,Boots Ibuprofen Max Strength 10% gel (The Boots Company Plc) (AMP)
310111000001102,Piroxicam 10mg capsules (IVAX Pharmaceuticals UK Ltd) (AMP)
31017211000001105,Boots Paracetamol Extra soluble tablets (The Boots Company Plc) (AMP)
31017411000001109,Boots Pain Relief 3 Months Plus 120mg/5ml oral suspension 5ml sachets (The Boots Company Plc) (AMP)
31017911000001101,Boots Period Pain Reliever 250mg gastro-resistant tablets (The Boots Company Plc) (AMP)
31067811000001105,Nefopam 30mg tablets (Alliance Healthcare (Distribution) Ltd) (AMP)
31068111000001102,Pregabalin 20mg/ml oral solution sugar free (Alliance Healthcare (Distribution) Ltd) (AMP)
31080711000001101,Nefopam 30mg tablets (Meda Pharmaceuticals Ltd) (AMP)
310911000001104,Amitriptyline 10mg tablets (A A H Pharmaceuticals Ltd) (AMP)
311111000001108,Aspirin 300mg tablets (Kent Pharma (UK) Ltd) (AMP)
31278611000001105,Butec 20micrograms/hour transdermal patches (Qdem Pharmaceuticals Ltd) (AMP)
31278911000001104,Butec 10micrograms/hour transdermal patches (Qdem Pharmaceuticals Ltd) (AMP)
31279211000001103,Butec 5micrograms/hour transdermal patches (Qdem Pharmaceuticals Ltd) (AMP)
31279811000001102,Stirlescent 250mg effervescent tablets (Stirling Anglian Pharmaceuticals Ltd) (AMP)
31306711000001103,Naproxen 250mg effervescent tablets sugar free (VMP)
31322211000001103,Carexil 5mg modified-release tablets (Sandoz Ltd) (AMP)
31323511000001107,Carexil 10mg modified-release tablets (Sandoz Ltd) (AMP)
31324011000001102,Carexil 20mg modified-release tablets (Sandoz Ltd) (AMP)
313711000001105,Pethidine 50mg tablets (Alliance Healthcare (Distribution) Ltd) (AMP)
31387811000001107,Dihydrocodeine 10mg/5ml oral solution (J M McGill Ltd) (AMP)
31393111000001107,Nurofen Pain Relief 256mg tablets (Reckitt Benckiser Healthcare (UK) Ltd) (AMP)
31394111000001109,Nurofen Pain Relief Max Strength 512mg tablets (Reckitt Benckiser Healthcare (UK) Ltd) (AMP)
31394411000001104,Nurofen Pain Relief 256mg caplets (Reckitt Benckiser Healthcare (UK) Ltd) (AMP)
31394911000001107,Nurofen Pain Relief 200mg capsules (Reckitt Benckiser Healthcare (UK) Ltd) (AMP)
31395211000001102,Nurofen Joint & Back Pain Relief Max Strength 10% gel (Reckitt Benckiser Healthcare (UK) Ltd) (AMP)
31395711000001109,Nurofen Joint & Back Pain Relief 5% gel (Reckitt Benckiser Healthcare (UK) Ltd) (AMP)
314111000001106,Zapain 30mg/500mg capsules (Advanz Pharma) (AMP)
314411000001101,Zydol 50mg soluble tablets (Grunenthal Ltd) (AMP)
31509311000001107,Paracetamol 1g suppositories (J M McGill Ltd) (AMP)
31552211000001100,Co-proxamol 32.5mg/325mg tablets (Part VIIID Drug Tariff Special Order) (AMP)
315611000001102,Zydol SR 200mg tablets (Grunenthal Ltd) (AMP)
3158711000001107,Nurofen Long Lasting 300mg capsules (Crookes Healthcare Ltd) (AMP)
3159211000001105,Fenbid 300mg Spansules (Mercury Pharma Group Ltd) (AMP)
3159911000001101,Arthrotec 50 gastro-resistant tablets (Pfizer Ltd) (AMP)
3161411000001104,Arthrotec 75 gastro-resistant tablets (Pfizer Ltd) (AMP)
3163111000001105,Morphine sulfate 10mg/5ml oral solution (A A H Pharmaceuticals Ltd) (AMP)
3164111000001107,Sevredol 10mg/5ml oral solution (Napp Pharmaceuticals Ltd) (AMP)
3164311000001109,Oramorph 10mg/5ml oral solution (Glenwood GmbH) (AMP)
3164911000001105,Morphine sulfate 10mg/5ml oral solution (Martindale Pharmaceuticals Ltd) (AMP)
31679711000001107,Morphine sulfate 2mg/20ml solution for injection pre-filled syringes (VMP)
31680311000001108,Morphine sulfate 2mg/20ml solution for injection pre-filled syringes (Special Order) (AMP)
31681011000001101,Morphine sulfate 4mg/20ml solution for injection pre-filled syringes (VMP)
316811000001106,Calpol Six Plus 250mg/5ml oral suspension (McNeil Products Ltd) (AMP)
31681311000001103,Morphine sulfate 4mg/20ml solution for injection pre-filled syringes (Special Order) (AMP)
31681911000001102,Morphine sulfate 800micrograms/20ml solution for injection pre-filled syringes (VMP)
31682311000001107,Morphine sulfate 800micrograms/20ml solution for injection pre-filled syringes (Special Order) (AMP)
317611000001109,Mandanol 500mg tablets (Crescent Pharma Ltd) (AMP)
317911000001103,Piroxicam 10mg capsules (The Boots Company Plc) (AMP)
318711000001104,Acoflam 25mg gastro-resistant tablets (Mercury Pharma Group Ltd) (AMP)
31877211000001103,BuTrans 15micrograms/hour transdermal patches (Napp Pharmaceuticals Ltd) (AMP)
31898611000001108,Pregabalin 25mg capsules (Alliance Healthcare (Distribution) Ltd) (AMP)
31899611000001104,Pregabalin 50mg capsules (Alliance Healthcare (Distribution) Ltd) (AMP)
31901111000001103,Pregabalin 75mg capsules (Alliance Healthcare (Distribution) Ltd) (AMP)
31901711000001102,Pregabalin 100mg capsules (Alliance Healthcare (Distribution) Ltd) (AMP)
31902411000001103,Pregabalin 150mg capsules (Alliance Healthcare (Distribution) Ltd) (AMP)
31902911000001106,Pregabalin 200mg capsules (Alliance Healthcare (Distribution) Ltd) (AMP)
31903611000001105,Pregabalin 225mg capsules (Alliance Healthcare (Distribution) Ltd) (AMP)
31904411000001105,Pregabalin 300mg capsules (Alliance Healthcare (Distribution) Ltd) (AMP)
31920011000001102,Co-codamol 8mg/500mg caplets (Wockhardt UK Ltd) (AMP)
31993111000001104,Ibuprofen 200mg capsules (Ennogen Healthcare Ltd) (AMP)
31993611000001107,Ibuprofen 400mg capsules (Ennogen Healthcare Ltd) (AMP)
31994611000001105,Paracetamol 500mg / Caffeine 65mg effervescent tablets sugar free (Ennogen Healthcare Ltd) (AMP)
31995011000001104,Pregabalin 20mg/ml oral solution sugar free (Ennogen Healthcare Ltd) (AMP)
32011000001107,Ibuprofen 600mg tablets (Kent Pharma (UK) Ltd) (AMP)
32038411000001102,Buprenorphine 15micrograms/hour transdermal patches (VMP)
32133511000001104,Zomestine 80mg modified-release tablets (Accord-UK Ltd) (AMP)
32135311000001106,Zomestine 10mg modified-release tablets (Accord-UK Ltd) (AMP)
32136711000001102,Zomestine 40mg modified-release tablets (Accord-UK Ltd) (AMP)
32138511000001108,Zomestine 5mg modified-release tablets (Accord-UK Ltd) (AMP)
32140211000001108,Zomestine 20mg modified-release tablets (Accord-UK Ltd) (AMP)
32164111000001102,Pregabalin 25mg capsules (Wockhardt UK Ltd) (AMP)
32164811000001109,Pregabalin 50mg capsules (Wockhardt UK Ltd) (AMP)
32165111000001103,Pregabalin 100mg capsules (Wockhardt UK Ltd) (AMP)
32165511000001107,Pregabalin 200mg capsules (Wockhardt UK Ltd) (AMP)
32165811000001105,Pregabalin 300mg capsules (Wockhardt UK Ltd) (AMP)
32196811000001100,Carexil 40mg modified-release tablets (Sandoz Ltd) (AMP)
32197311000001107,Carexil 80mg modified-release tablets (Sandoz Ltd) (AMP)
3224611000001107,Naproxen 500mg tablets (Pfizer Ltd) (AMP)
32249811000001102,Dihydrocodeine 10mg/5ml oral solution (Colorama Pharmaceuticals Ltd) (AMP)
32323211000001105,Pregabalin 75mg capsules (Wockhardt UK Ltd) (AMP)
32323411000001109,Pregabalin 150mg capsules (Wockhardt UK Ltd) (AMP)
32323711000001103,Pregabalin 225mg capsules (Wockhardt UK Ltd) (AMP)
32337911000001108,Junior Parapaed 120mg/5ml oral suspension sugar free colour free (Pinewood Healthcare) (AMP)
32360011000001100,Ibuprofen 200mg orodispersible tablets sugar free (Ennogen Healthcare Ltd) (AMP)
32360811000001106,Paracetamol 120mg soluble tablets sugar free (Ennogen Healthcare Ltd) (AMP)
323611000001109,Flurbiprofen 50mg tablets (Kent Pharma (UK) Ltd) (AMP)
323711000001100,Amitriptyline 25mg/5ml oral solution sugar free (Kent Pharma (UK) Ltd) (AMP)
3237311000001109,Kaolin and Morphine mixture (A A H Pharmaceuticals Ltd) (AMP)
3237811000001100,Kaolin and Morphine mixture (Kent Pharma (UK) Ltd) (AMP)
3238211000001102,Kaolin and Morphine mixture (Thornton & Ross Ltd) (AMP)
32390811000001108,Nurofen for Children 100mg chewable capsules (Reckitt Benckiser Healthcare (UK) Ltd) (AMP)
3239211000001107,Brufen 600mg effervescent granules sachets (Viatris UK Healthcare Ltd) (AMP)
32392411000001107,Ibuprofen 100mg chewable capsules (VMP)
32394411000001100,Aspirin 75mg tablets (Kent Pharma (UK) Ltd) (AMP)
3239711000001100,Kaolin and Morphine mixture (Alliance Healthcare (Distribution) Ltd) (AMP)
32397411000001105,Celecoxib 100mg capsules (Kent Pharma (UK) Ltd) (AMP)
32399311000001108,Co-codamol 8mg/500mg caplets (Kent Pharma (UK) Ltd) (AMP)
32401911000001104,Co-codamol 8mg/500mg capsules (Kent Pharma (UK) Ltd) (AMP)
32408111000001105,Ibuprofen 10% gel (Kent Pharma (UK) Ltd) (AMP)
32410211000001100,Ibuprofen 200mg orodispersible tablets sugar free (Colorama Pharmaceuticals Ltd) (AMP)
32424011000001108,Morphine sulfate 10mg/5ml oral solution (Kent Pharma (UK) Ltd) (AMP)
3242911000001107,Tramake Insts 50mg sachets (Galen Ltd) (AMP)
324411000001109,Surgam 200mg tablets (Sanofi) (AMP)
32443211000001104,Pregabalin 25mg capsules (Kent Pharma (UK) Ltd) (AMP)
32444011000001106,Pregabalin 50mg capsules (Kent Pharma (UK) Ltd) (AMP)
32444211000001101,Pregabalin 75mg capsules (Kent Pharma (UK) Ltd) (AMP)
32444411000001102,Pregabalin 100mg capsules (Kent Pharma (UK) Ltd) (AMP)
32446111000001100,Pregabalin 150mg capsules (Kent Pharma (UK) Ltd) (AMP)
32446711000001104,Pregabalin 200mg capsules (Kent Pharma (UK) Ltd) (AMP)
32446911000001102,Pregabalin 225mg capsules (Kent Pharma (UK) Ltd) (AMP)
32450011000001102,Pregabalin 300mg capsules (Kent Pharma (UK) Ltd) (AMP)
32463511000001109,Ionsys 40micrograms/dose transdermal system (The Medicines Company UK Ltd) (AMP)
32465611000001107,"Ibuprofen 200mg capsules (Bell,Sons & Co (Druggists) Ltd) (AMP)"
32466611000001102,"Paracetamol 500mg tablets (Bell,Sons & Co (Druggists) Ltd) (AMP)"
32474211000001102,Co-codamol 30mg/500mg caplets (Wockhardt UK Ltd) (AMP)
32480211000001103,Paracetamol 120mg soluble tablets sugar free (Colorama Pharmaceuticals Ltd) (AMP)
324811000001106,Rhumalgan CR 100 tablets (Sandoz Ltd) (AMP)
32484211000001106,Bupeaze 35micrograms/hour transdermal patches (Dr Reddy's Laboratories (UK) Ltd) (AMP)
32484411000001105,Bupeaze 52.5micrograms/hour transdermal patches (Dr Reddy's Laboratories (UK) Ltd) (AMP)
32484611000001108,Bupeaze 70micrograms/hour transdermal patches (Dr Reddy's Laboratories (UK) Ltd) (AMP)
32489811000001106,Gabapentin 100mg capsules (Brown & Burk UK Ltd) (AMP)
32490011000001109,Gabapentin 300mg capsules (Brown & Burk UK Ltd) (AMP)
32490211000001104,Gabapentin 400mg capsules (Brown & Burk UK Ltd) (AMP)
32490511000001101,Gabapentin 600mg tablets (Brown & Burk UK Ltd) (AMP)
32490711000001106,Gabapentin 800mg tablets (Brown & Burk UK Ltd) (AMP)
32496211000001102,Celecoxib 100mg capsules (Brown & Burk UK Ltd) (AMP)
32496411000001103,Celecoxib 200mg capsules (Brown & Burk UK Ltd) (AMP)
3250111000001107,Tramake Insts 100mg sachets (Galen Ltd) (AMP)
3251511000001105,Kapake Insts 60mg/1000mg effervescent powder sachets (Galen Ltd) (AMP)
32520211000001103,Victanyl 12micrograms/hour transdermal patches (Accord-UK Ltd) (AMP)
32524011000001101,Co-codamol 12.8mg/500mg tablets (DE Pharmaceuticals) (AMP)
3253711000001104,Kapake Insts 30mg/500mg effervescent powder sachets (Galen Ltd) (AMP)
325411000001105,Methadone 10mg/1ml solution for injection ampoules (Alliance Healthcare (Distribution) Ltd) (AMP)
3254311000001101,Paramax sachets (Sanofi) (AMP)
32576211000001102,Prenotrix 35micrograms/hour transdermal patches (Genesis Pharmaceuticals Ltd) (AMP)
326211000001100,Diclofenac sodium 25mg gastro-resistant tablets (Pfizer Ltd) (AMP)
32625611000001103,Paracetamol 500mg oral powder sachets (Special Order) (AMP)
32636911000001104,Naproxen 25mg/ml oral suspension sugar free (Orion Pharma (UK) Ltd) (AMP)
32637711000001103,Paracetamol 500mg oral powder sachets (VMP)
32638811000001105,Naproxen 125mg/5ml oral suspension sugar free (VMP)
32643211000001102,Prenotrix 52.5micrograms/hour transdermal patches (Genesis Pharmaceuticals Ltd) (AMP)
32643711000001109,Prenotrix 70micrograms/hour transdermal patches (Genesis Pharmaceuticals Ltd) (AMP)
32683011000001101,Paracetamol 500mg/50ml solution for infusion vials (A A H Pharmaceuticals Ltd) (AMP)
32723911000001100,Gabapentin 6% cream (Special Order) (AMP)
32725611000001105,Nabumetone 500mg/5ml oral suspension (Special Order) (AMP)
327311000001106,Ibuprofen 200mg tablets (Vantage) (AMP)
32749011000001103,Gabapentin 6% cream (VMP)
32755411000001106,Codeine 60mg/1ml solution for injection ampoules (Torbay Pharmaceuticals) (AMP)
32770411000001101,Ibuprofen 5% / Levomenthol 3% gel (DE Pharmaceuticals) (AMP)
32770711000001107,Pregabalin 20mg/ml oral solution sugar free (DE Pharmaceuticals) (AMP)
32775911000001100,Naproxen 125mg/5ml oral suspension sugar free (A A H Pharmaceuticals Ltd) (AMP)
32777811000001100,Nabumetone 500mg/5ml oral suspension (Special Order) (AMP)
32778411000001103,Nabumetone 500mg/5ml oral suspension (VMP)
32807711000001103,Paracetamol 500mg tablets (Genesis Pharmaceuticals Ltd) (AMP)
32811000001101,Galprofen 100mg/5ml oral suspension (Galpharm International Ltd) (AMP)
32867211000001106,Pregabalin 50mg/5ml oral suspension (Special Order) (AMP)
32871411000001108,Amitriptyline 10mg/5ml oral solution sugar free (Sigma Pharmaceuticals Plc) (AMP)
32879411000001109,Pregabalin 50mg/5ml oral suspension (VMP)
32902311000001106,Suboxone 16mg/4mg sublingual tablets (Indivior UK Ltd) (AMP)
32904011000001102,Oxycodone 5mg modified-release tablets (A A H Pharmaceuticals Ltd) (AMP)
32904211000001107,Oxycodone 10mg modified-release tablets (A A H Pharmaceuticals Ltd) (AMP)
32904411000001106,Oxycodone 20mg modified-release tablets (A A H Pharmaceuticals Ltd) (AMP)
32904611000001109,Oxycodone 40mg modified-release tablets (A A H Pharmaceuticals Ltd) (AMP)
32904811000001108,Oxycodone 80mg modified-release tablets (A A H Pharmaceuticals Ltd) (AMP)
32906811000001101,Piroxicam 0.5% gel (Manx Healthcare Ltd) (AMP)
32907011000001105,Bupivacaine 1.25g/500ml (0.25%) solution for infusion bottles (VMP)
32907211000001100,Bupivacaine 1.25g/500ml (0.25%) solution for infusion bottles (Special Order) (AMP)
3292511000001108,Asasantin Retard capsules (Boehringer Ingelheim Ltd) (AMP)
32930411000001109,Buprenorphine 16mg / Naloxone 4mg sublingual tablets sugar free (VMP)
32968511000001102,Paravict 500mg tablets (Ecogen Europe Ltd) (AMP)
32968711000001107,Danamep 75mg dispersible tablets (Ecogen Europe Ltd) (AMP)
329912003,Nabumetone 500mg/5ml oral-suspension (VMP)
33026011000001102,Ibuprofen lysine 20mg/2ml solution for infusion vials (VMP)
33026111000001101,NeoProfen 20mg/2ml solution for infusion vials (Imported (United States)) (AMP)
33038711000001103,Reletrans 5micrograms/hour transdermal patches (Sandoz Ltd) (AMP)
33038911000001101,Reletrans 10micrograms/hour transdermal patches (Sandoz Ltd) (AMP)
33039111000001106,Reletrans 15micrograms/hour transdermal patches (Sandoz Ltd) (AMP)
33039311000001108,Reletrans 20micrograms/hour transdermal patches (Sandoz Ltd) (AMP)
33054211000001103,Panitaz 5micrograms/hour transdermal patches (Dr Reddy's Laboratories (UK) Ltd) (AMP)
33054411000001104,Panitaz 10micrograms/hour transdermal patches (Dr Reddy's Laboratories (UK) Ltd) (AMP)
33054611000001101,Panitaz 20micrograms/hour transdermal patches (Dr Reddy's Laboratories (UK) Ltd) (AMP)
33054811000001102,Morphine sulfate 10mg/5ml oral solution (Wockhardt UK Ltd) (AMP)
330611000001103,Co-codamol 8mg/500mg tablets (Viatris UK Healthcare Ltd) (AMP)
3311000001106,Indolar SR 75mg capsules (Sandoz Ltd) (AMP)
331211000001106,Co-proxamol 32.5mg/325mg tablets (IVAX Pharmaceuticals UK Ltd) (AMP)
3313611000001105,Ibuprofen 200mg tablets (Zentiva Pharma UK Ltd) (AMP)
33136211000001102,Naproxen 125mg/5ml oral suspension sugar free (Alliance Healthcare (Distribution) Ltd) (AMP)
331911000001102,Methadone 20mg/2ml solution for injection ampoules (The Boots Company Plc) (AMP)
332011000001109,Paracetamol 120mg/5ml oral suspension paediatric sugar free (Vantage) (AMP)
33219211000001103,Bupivacaine 1.25g/500ml (0.25%) infusion bags (VMP)
33219411000001104,Bupivacaine 1.25g/500ml (0.25%) infusion bags (Special Order) (AMP)
332311000001107,Paracetamol 120mg/5ml oral solution paediatric (Alliance Healthcare (Distribution) Ltd) (AMP)
3323411000001100,Ibuprofen 100mg/5ml oral suspension sugar free (Kent Pharma (UK) Ltd) (AMP)
3323811000001103,Paracetamol 500mg caplets (Teva UK Ltd) (AMP)
33251511000001107,Paracetamol 1g suppositories (Typharm Ltd) (AMP)
33252211000001102,Paracetamol 500mg suppositories (Typharm Ltd) (AMP)
33254911000001102,Paracetamol 250mg suppositories (Typharm Ltd) (AMP)
33255511000001105,Paracetamol 125mg suppositories (Typharm Ltd) (AMP)
3331611000001103,Oramorph 10mg/5ml oral solution unit dose vials (Boehringer Ingelheim Ltd) (AMP)
333311000001102,Ibuprofen 400mg tablets (Vantage) (AMP)
33360511000001103,Palladone 20mg/1ml solution for injection ampoules (Napp Pharmaceuticals Ltd) (AMP)
33362711000001107,Palladone 50mg/1ml solution for injection ampoules (Napp Pharmaceuticals Ltd) (AMP)
3336311000001100,Codeine 3mg/5ml linctus paediatric sugar free (VMP)
33367011000001107,Palladone 2mg/1ml solution for injection ampoules (Napp Pharmaceuticals Ltd) (AMP)
33367711000001109,Palladone 10mg/1ml solution for injection ampoules (Napp Pharmaceuticals Ltd) (AMP)
33386911000001105,Nefopam 30mg tablets (Teva UK Ltd) (AMP)
334011000001103,Diclozip 25mg gastro-resistant tablets (Ashbourne Pharmaceuticals Ltd) (AMP)
33423611000001107,Buprenorphine 5micrograms/hour transdermal patches (A A H Pharmaceuticals Ltd) (AMP)
33423811000001106,Buprenorphine 10micrograms/hour transdermal patches (A A H Pharmaceuticals Ltd) (AMP)
33424011000001103,Buprenorphine 20micrograms/hour transdermal patches (A A H Pharmaceuticals Ltd) (AMP)
334411000001107,Ibuprofen 600mg tablets (Alliance Healthcare (Distribution) Ltd) (AMP)
33480711000001101,Sevodyne 5micrograms/hour transdermal patches (Aspire Pharma Ltd) (AMP)
33480911000001104,Sevodyne 10micrograms/hour transdermal patches (Aspire Pharma Ltd) (AMP)
33481111000001108,Sevodyne 20micrograms/hour transdermal patches (Aspire Pharma Ltd) (AMP)
33496111000001103,Tramadol 75mg / Paracetamol 650mg tablets (Aspire Pharma Ltd) (AMP)
33496511000001107,Tramadol 37.5mg / Paracetamol 325mg tablets (Aspire Pharma Ltd) (AMP)
33498211000001105,Aceclofenac 100mg tablets (Rivopharm (UK) Ltd) (AMP)
33498511000001108,Nefopam 30mg tablets (Rivopharm (UK) Ltd) (AMP)
33511000001106,Aspirin 75mg dispersible tablets (Teva UK Ltd) (AMP)
33523811000001102,Tramadol 75mg / Paracetamol 650mg tablets (VMP)
33546411000001107,Buplast 52.5micrograms/hour transdermal patches (Viatris UK Healthcare Ltd) (AMP)
33546611000001105,Buplast 35micrograms/hour transdermal patches (Viatris UK Healthcare Ltd) (AMP)
3354811000001101,Voltarol 50mg dispersible tablets (Novartis Pharmaceuticals UK Ltd) (AMP)
33548111000001103,Buplast 70micrograms/hour transdermal patches (Viatris UK Healthcare Ltd) (AMP)
33548811000001105,Etolyn 600mg modified-release tablets (Viatris UK Healthcare Ltd) (AMP)
33563011000001103,Combogesic 500mg/150mg tablets (AFT Pharma UK Ltd) (AMP)
33568211000001100,Paracetamol 500mg / Ibuprofen 150mg tablets (VMP)
33572911000001104,Buprenorphine 2mg sublingual tablets sugar free (Viatris UK Healthcare Ltd) (AMP)
33573211000001102,Buprenorphine 8mg sublingual tablets sugar free (Viatris UK Healthcare Ltd) (AMP)
33579811000001104,Espranor 8mg oral lyophilisates (Martindale Pharmaceuticals Ltd) (AMP)
33580211000001100,Espranor 2mg oral lyophilisates (Martindale Pharmaceuticals Ltd) (AMP)
33588711000001109,Celecoxib 100mg capsules (Viatris UK Healthcare Ltd) (AMP)
33588911000001106,Celecoxib 200mg capsules (Viatris UK Healthcare Ltd) (AMP)
33595511000001108,Buprenorphine 2mg oral lyophilisates sugar free (VMP)
33595611000001107,Buprenorphine 8mg oral lyophilisates sugar free (VMP)
3359711000001105,Migraleve Yellow tablets (McNeil Products Ltd) (AMP)
33607411000001109,Pregabalin 300mg capsules (Viatris UK Healthcare Ltd) (AMP)
33607611000001107,Pregabalin 225mg capsules (Viatris UK Healthcare Ltd) (AMP)
33607811000001106,Pregabalin 200mg capsules (Viatris UK Healthcare Ltd) (AMP)
33608011000001104,Pregabalin 150mg capsules (Viatris UK Healthcare Ltd) (AMP)
33608211000001109,Pregabalin 100mg capsules (Viatris UK Healthcare Ltd) (AMP)
33608411000001108,Pregabalin 75mg capsules (Viatris UK Healthcare Ltd) (AMP)
33608611000001106,Pregabalin 50mg capsules (Viatris UK Healthcare Ltd) (AMP)
33608811000001105,Pregabalin 25mg capsules (Viatris UK Healthcare Ltd) (AMP)
3361311000001102,Migraleve Pink tablets (McNeil Products Ltd) (AMP)
33629011000001104,Leveraxo 5mg modified-release tablets (Viatris UK Healthcare Ltd) (AMP)
33629211000001109,Leveraxo 10mg modified-release tablets (Viatris UK Healthcare Ltd) (AMP)
33629411000001108,Leveraxo 20mg modified-release tablets (Viatris UK Healthcare Ltd) (AMP)
33629611000001106,Leveraxo 30mg modified-release tablets (Viatris UK Healthcare Ltd) (AMP)
33629811000001105,Leveraxo 40mg modified-release tablets (Viatris UK Healthcare Ltd) (AMP)
33630011000001105,Leveraxo 60mg modified-release tablets (Viatris UK Healthcare Ltd) (AMP)
33630211000001100,Leveraxo 80mg modified-release tablets (Viatris UK Healthcare Ltd) (AMP)
33634811000001109,Nefopam 30mg tablets (Accord-UK Ltd) (AMP)
33670911000001107,Amitriptyline 25mg/5ml oral suspension (Special Order) (AMP)
33678311000001108,Amitriptyline 25mg/5ml oral suspension (VMP)
336911000001107,Hedex Ibuprofen 200mg caplets (Haleon UK Trading Ltd) (AMP)
33709111000001104,Axalid 25mg capsules (Kent Pharma (UK) Ltd) (AMP)
33709711000001103,Axalid 50mg capsules (Kent Pharma (UK) Ltd) (AMP)
33710311000001109,Axalid 75mg capsules (Kent Pharma (UK) Ltd) (AMP)
33710511000001103,Axalid 100mg capsules (Kent Pharma (UK) Ltd) (AMP)
33712111000001106,Axalid 150mg capsules (Kent Pharma (UK) Ltd) (AMP)
33712511000001102,Axalid 200mg capsules (Kent Pharma (UK) Ltd) (AMP)
33715511000001108,Axalid 225mg capsules (Kent Pharma (UK) Ltd) (AMP)
33715911000001101,Axalid 300mg capsules (Kent Pharma (UK) Ltd) (AMP)
33731411000001104,Diclofenac 0.74mg/ml mouthwash sugar free (Morningside Healthcare Ltd) (AMP)
33733711000001106,Diclofenac 0.074% mouthwash sugar free (VMP)
33743911000001109,Naproxen 50mg/ml oral suspension (Thornton & Ross Ltd) (AMP)
337711000001108,Methadone 1mg/ml oral solution (Thornton & Ross Ltd) (AMP)
3377811000001108,Ketoprofen 100mg capsules (VMP)
34016011000001105,Indometacin 25mg capsules (Crescent Pharma Ltd) (AMP)
34024811000001104,Paracetamol 500mg/5ml oral solution sugar free (Wockhardt UK Ltd) (AMP)
34025611000001102,Shortec 10mg/1ml solution for injection ampoules (Qdem Pharmaceuticals Ltd) (AMP)
34025811000001103,Shortec 20mg/2ml solution for injection ampoules (Qdem Pharmaceuticals Ltd) (AMP)
34026211000001105,Shortec 50mg/1ml solution for injection ampoules (Qdem Pharmaceuticals Ltd) (AMP)
34027411000001106,Butec 15micrograms/hour transdermal patches (Qdem Pharmaceuticals Ltd) (AMP)
34027611000001109,Shortec liquid 1mg/ml oral solution (Qdem Pharmaceuticals Ltd) (AMP)
34027811000001108,Shortec 10mg/ml concentrate oral solution (Qdem Pharmaceuticals Ltd) (AMP)
34033011000001105,Nortriptyline 10mg tablets (Advanz Pharma) (AMP)
34033211000001100,Nortriptyline 25mg tablets (Advanz Pharma) (AMP)
34033911000001109,Nortriptyline 50mg tablets (Advanz Pharma) (AMP)
34034111000001108,Nortriptyline 50mg tablets (VMP)
34044211000001103,Diclofenac 0.074% mouthwash sugar free (Alliance Healthcare (Distribution) Ltd) (AMP)
34051311000001106,Onexila XL 40mg tablets (Aspire Pharma Ltd) (AMP)
34051611000001101,Onexila XL 10mg tablets (Aspire Pharma Ltd) (AMP)
34051911000001107,Onexila XL 20mg tablets (Aspire Pharma Ltd) (AMP)
34052211000001105,Onexila XL 80mg tablets (Aspire Pharma Ltd) (AMP)
3406111000001103,Arcoxia 60mg tablets (Organon Pharma (UK) Ltd) (AMP)
3406811000001105,Arcoxia 90mg tablets (Organon Pharma (UK) Ltd) (AMP)
3407911000001102,Arcoxia 120mg tablets (Organon Pharma (UK) Ltd) (AMP)
341011000001100,Paracetamol 500mg suppositories (Martindale Pharmaceuticals Ltd) (AMP)
34103511000001100,Amitriptyline 10mg tablets (Genesis Pharmaceuticals Ltd) (AMP)
34103711000001105,Amitriptyline 25mg tablets (Genesis Pharmaceuticals Ltd) (AMP)
34104711000001107,Levobupivacaine hydrochloride 625mg/500ml / Fentanyl 2mg/500ml infusion bags (VMP)
34104811000001104,Levobupivacaine hydrochloride 625mg/500ml / Fentanyl 2mg/500ml infusion bags (Special Order) (AMP)
34105311000001107,Levobupivacaine hydrochloride 625mg/500ml / Fentanyl 1mg/500ml infusion bags (VMP)
34105511000001101,Levobupivacaine hydrochloride 625mg/500ml / Fentanyl 1mg/500ml infusion bags (Special Order) (AMP)
34105711000001106,Nortriptyline 10mg tablets (Zentiva Pharma UK Ltd) (AMP)
34105911000001108,Nortriptyline 25mg tablets (Zentiva Pharma UK Ltd) (AMP)
341211000001105,Solpadol 30mg/500mg caplets (Phoenix Labs Ltd) (AMP)
341611000001107,Volraman 25mg gastro-resistant tablets (LPC Medical (UK) Ltd) (AMP)
34172111000001105,Relevtec 70micrograms/hour transdermal patches (Sandoz Ltd) (AMP)
34172311000001107,Relevtec 52.5micrograms/hour transdermal patches (Sandoz Ltd) (AMP)
34172511000001101,Relevtec 35micrograms/hour transdermal patches (Sandoz Ltd) (AMP)
34175711000001102,Aspirin 75mg tablets (Accord-UK Ltd) (AMP)
34195911000001106,Naproxen 50mg/ml oral suspension (Alliance Healthcare (Distribution) Ltd) (AMP)
34196311000001100,Nortriptyline 50mg tablets (Alliance Healthcare (Distribution) Ltd) (AMP)
34197111000001104,Tramadol 75mg / Paracetamol 650mg tablets (Alliance Healthcare (Distribution) Ltd) (AMP)
3420111000001109,Codafen Continus tablets (Napp Pharmaceuticals Ltd) (AMP)
342211000001103,Ibuprofen 200mg tablets (OBG Pharmaceuticals Ltd) (AMP)
34274311000001103,Gabapentin 50mg/ml oral solution sugar free (Colonis Pharma Ltd) (AMP)
343111000001103,Feldene IM 20mg/1ml solution for injection ampoules (Pfizer Ltd) (AMP)
343211000001109,Diamorphine 500mg powder for solution for injection ampoules (Novartis Vaccines and Diagnostics Ltd) (AMP)
34328011000001102,Naproxen 50mg/ml oral suspension (A A H Pharmaceuticals Ltd) (AMP)
34343611000001100,Paracetamol 1g/100ml solution for infusion bottles (VMP)
34343811000001101,Paracetamol 1g/100ml solution for infusion bottles (Kent Pharma (UK) Ltd) (AMP)
3437211000001102,Paracetamol 250mg orodispersible tablets sugar free (VMP)
3439011000001103,Piroxicam betadex 20mg tablets (VMP)
34435511000001108,Ketoprofen 10% gel (Special Order) (AMP)
34447711000001108,Ketoprofen 10% gel (VMP)
3445711000001102,Codeine 15mg/5ml linctus sugar free (A A H Pharmaceuticals Ltd) (AMP)
34462211000001109,Gabapentin 50mg/ml oral solution sugar free (Accord-UK Ltd) (AMP)
3446611000001101,Transtec 35micrograms/hour transdermal patches (Grunenthal Ltd) (AMP)
3446711000001105,Codeine 15mg/5ml linctus sugar free (Vantage) (AMP)
34468511000001109,Nortriptyline 50mg tablets (A A H Pharmaceuticals Ltd) (AMP)
3446911000001107,Galcodine 15mg/5ml linctus (Thornton & Ross Ltd) (AMP)
3447111000001107,Codeine 15mg/5ml linctus sugar free (Kent Pharma (UK) Ltd) (AMP)
3447811000001100,Codeine 15mg/5ml linctus sugar free (Alliance Healthcare (Distribution) Ltd) (AMP)
3448511000001104,Codeine 15mg/5ml linctus sugar free (Thornton & Ross Ltd) (AMP)
3448811000001101,Transtec 52.5micrograms/hour transdermal patches (Grunenthal Ltd) (AMP)
3449311000001104,Transtec 70micrograms/hour transdermal patches (Grunenthal Ltd) (AMP)
3451411000001107,Sevredol 20mg/ml concentrated oral solution (Napp Pharmaceuticals Ltd) (AMP)
345311000001100,Oruvail 200 modified-release capsules (Sanofi) (AMP)
34534911000001109,Zytram SR 150mg tablets (Qdem Pharmaceuticals Ltd) (AMP)
3453511000001105,Oramorph 20mg/ml concentrated oral solution (Glenwood GmbH) (AMP)
34535311000001107,Zytram SR 75mg tablets (Qdem Pharmaceuticals Ltd) (AMP)
34535811000001103,Zytram SR 100mg tablets (Qdem Pharmaceuticals Ltd) (AMP)
34536311000001102,Zytram SR 200mg tablets (Qdem Pharmaceuticals Ltd) (AMP)
34539711000001108,Alfentanil 25mg/50ml solution for injection vials (hameln pharma Ltd) (AMP)
34551811000001100,Bupramyl 5micrograms/hour transdermal patches (Viatris UK Healthcare Ltd) (AMP)
34552011000001103,Bupramyl 10micrograms/hour transdermal patches (Viatris UK Healthcare Ltd) (AMP)
34552211000001108,Bupramyl 20micrograms/hour transdermal patches (Viatris UK Healthcare Ltd) (AMP)
34577211000001109,Eroset 500mg/10mg tablets (GlucoRx Ltd) (AMP)
34584911000001102,Celecoxib 200mg capsules (Milpharm Ltd) (AMP)
34603211000001104,Diclofenac sodium 50mg gastro-resistant tablets (Medreich Plc) (AMP)
34604011000001106,Diclofenac sodium 25mg gastro-resistant tablets (Medreich Plc) (AMP)
34605711000001107,Naproxen 500mg suppositories (Special Order) (AMP)
3460911000001104,Imazin XL tablets (Napp Pharmaceuticals Ltd) (AMP)
34609311000001105,Atransipar 200mg/25mg modified-release capsules (Par Laboratories Europe Ltd) (AMP)
34611011000001105,Co-codamol 15mg/500mg capsules (Galen Ltd) (AMP)
3461511000001104,Imazin XL forte tablets (Napp Pharmaceuticals Ltd) (AMP)
34617911000001101,Co-codamol 60mg/1000mg tablets (Actavis UK Ltd) (AMP)
34618111000001103,Etoricoxib 30mg tablets (Teva UK Ltd) (AMP)
34618311000001101,Etoricoxib 60mg tablets (Teva UK Ltd) (AMP)
34618511000001107,Etoricoxib 90mg tablets (Teva UK Ltd) (AMP)
34618711000001102,Etoricoxib 120mg tablets (Teva UK Ltd) (AMP)
34620211000001100,Etoricoxib 30mg tablets (Aspire Pharma Ltd) (AMP)
34620411000001101,Etoricoxib 60mg tablets (Aspire Pharma Ltd) (AMP)
34620611000001103,Etoricoxib 90mg tablets (Aspire Pharma Ltd) (AMP)
34620811000001104,Etoricoxib 120mg tablets (Aspire Pharma Ltd) (AMP)
34624211000001108,Etoricoxib 30mg tablets (Accord-UK Ltd) (AMP)
34624411000001107,Etoricoxib 60mg tablets (Accord-UK Ltd) (AMP)
34624611000001105,Etoricoxib 90mg tablets (Accord-UK Ltd) (AMP)
34624711000001101,Etoricoxib 120mg tablets (Accord-UK Ltd) (AMP)
34625311000001101,Co-codamol 60mg/1000mg tablets (VMP)
34626511000001100,Co-codamol 15mg/500mg capsules (A A H Pharmaceuticals Ltd) (AMP)
34626711000001105,Oxycodone 15mg modified-release tablets (A A H Pharmaceuticals Ltd) (AMP)
34626911000001107,Oxycodone 30mg modified-release tablets (A A H Pharmaceuticals Ltd) (AMP)
34627111000001107,Oxycodone 60mg modified-release tablets (A A H Pharmaceuticals Ltd) (AMP)
34649811000001105,Ketoprofen 100mg suppositories (Special Order) (AMP)
3466211000001105,Galpamol for Children 120mg/5ml oral suspension 5ml sachets sugar free (Galpharm International Ltd) (AMP)
34677911000001106,Pregabalin 300mg/5ml oral suspension (Special Order) (AMP)
3467811000001108,Disprol Paracetamol 120mg/5ml oral suspension 5ml sachets (Reckitt Benckiser Healthcare (UK) Ltd) (AMP)
34680011000001103,Codeine 60mg tablets (Almus Pharmaceuticals Ltd) (AMP)
34682211000001109,Alfentanil 25mg/50ml solution for injection vials (VMP)
34683911000001107,Pregabalin 300mg/5ml oral suspension (VMP)
34691111000001107,Etoricoxib 30mg tablets (Viatris UK Healthcare Ltd) (AMP)
34691311000001109,Etoricoxib 60mg tablets (Viatris UK Healthcare Ltd) (AMP)
34691511000001103,Etoricoxib 90mg tablets (Viatris UK Healthcare Ltd) (AMP)
34691711000001108,Etoricoxib 120mg tablets (Viatris UK Healthcare Ltd) (AMP)
34694211000001104,Nortriptyline 25mg tablets (Alissa Healthcare Research Ltd) (AMP)
34694411000001100,Nortriptyline 10mg tablets (Alissa Healthcare Research Ltd) (AMP)
34698811000001106,Etoricoxib 30mg tablets (A A H Pharmaceuticals Ltd) (AMP)
34699011000001105,Etoricoxib 60mg tablets (A A H Pharmaceuticals Ltd) (AMP)
34699211000001100,Etoricoxib 90mg tablets (A A H Pharmaceuticals Ltd) (AMP)
34699411000001101,Etoricoxib 120mg tablets (A A H Pharmaceuticals Ltd) (AMP)
34710111000001105,Co-codamol 15mg/500mg capsules (Alliance Healthcare (Distribution) Ltd) (AMP)
34710711000001106,Etoricoxib 30mg tablets (Alliance Healthcare (Distribution) Ltd) (AMP)
34710911000001108,Etoricoxib 60mg tablets (Alliance Healthcare (Distribution) Ltd) (AMP)
34711111000001104,Etoricoxib 90mg tablets (Alliance Healthcare (Distribution) Ltd) (AMP)
34711311000001102,Etoricoxib 120mg tablets (Alliance Healthcare (Distribution) Ltd) (AMP)
34717211000001100,Pregabalin 20mg/ml oral solution sugar free (Advanz Pharma) (AMP)
34733411000001103,Brimisol PR 100mg tablets (Bristol Laboratories Ltd) (AMP)
34745011000001109,Bupivacaine 25mg/10ml (0.25%) solution for injection vials (VMP)
34745211000001104,Bupivacaine 25mg/10ml (0.25%) solution for injection vials (Baxter Healthcare Ltd) (AMP)
34745411000001100,Tramadol 37.5mg / Paracetamol 325mg tablets (Kent Pharma (UK) Ltd) (AMP)
34760811000001104,Codeine 15mg tablets (Sun Pharma UK Ltd) (AMP)
34761111000001100,Codeine 30mg tablets (Sun Pharma UK Ltd) (AMP)
34782811000001100,Co-codamol 60mg/1000mg tablets (A A H Pharmaceuticals Ltd) (AMP)
34790511000001100,Flarin 200mg capsules (infirst Ltd) (AMP)
34793311000001100,Bupivacaine 50mg/20ml (0.25%) solution for injection vials (VMP)
34793511000001106,Bupivacaine 50mg/20ml (0.25%) solution for injection vials (Peckforton Pharmaceuticals Ltd) (AMP)
34794611000001108,Nefopam 30mg tablets (Galen Ltd) (AMP)
34794811000001107,Bupivacaine 50mg/10ml (0.5%) solution for injection vials (VMP)
34795011000001102,Bupivacaine 50mg/10ml (0.5%) solution for injection vials (Peckforton Pharmaceuticals Ltd) (AMP)
34795711000001100,Bupivacaine 100mg/20ml (0.5%) solution for injection vials (VMP)
34795911000001103,Bupivacaine 100mg/20ml (0.5%) solution for injection vials (Baxter Healthcare Ltd) (AMP)
34797311000001107,Co-dydramol 20mg/500mg tablets (M & A Pharmachem Ltd) (AMP)
34797611000001102,Co-dydramol 30mg/500mg tablets (M & A Pharmachem Ltd) (AMP)
34819611000001105,Diamorphine 5mg powder for solution for injection ampoules (VMP)
34824911000001108,Nortriptyline 50mg/5ml oral suspension (Special Order) (AMP)
34838811000001108,Busiete 5micrograms/hour transdermal patches (Teva UK Ltd) (AMP)
34839011000001107,Busiete 10micrograms/hour transdermal patches (Teva UK Ltd) (AMP)
34839211000001102,Busiete 20micrograms/hour transdermal patches (Teva UK Ltd) (AMP)
34841011000001109,Nortriptyline 50mg/5ml oral suspension (VMP)
34862711000001108,Paracetamol 500mg effervescent tablets (A A H Pharmaceuticals Ltd) (AMP)
34878411000001108,Ibuprofen 200mg / Phenylephrine 6.1mg tablets (VMP)
34878611000001106,Paracetamol 500mg effervescent tablets (VMP)
34882211000001103,Bupivacaine 750mg/500ml (0.15%) infusion bags (VMP)
34882311000001106,Bupivacaine 750mg/500ml (0.15%) infusion bags (Special Order) (AMP)
34887511000001102,Paracetamol 100mg/10ml solution for infusion ampoules (VMP)
34887711000001107,Paracetamol 100mg/10ml solution for infusion ampoules (B.Braun Medical Ltd) (AMP)
34911711000001108,Turgeon 35micrograms/hour transdermal patches (Teva UK Ltd) (AMP)
34911911000001105,Turgeon 52.5micrograms/hour transdermal patches (Teva UK Ltd) (AMP)
34912111000001102,Turgeon 70micrograms/hour transdermal patches (Teva UK Ltd) (AMP)
34933211000001109,Gabapentin 400mg capsules (Accord-UK Ltd) (AMP)
34933411000001108,Gabapentin 300mg capsules (Accord-UK Ltd) (AMP)
34933611000001106,Gabapentin 100mg capsules (Accord-UK Ltd) (AMP)
34936411000001103,Paracetamol 500mg effervescent tablets (Accord-UK Ltd) (AMP)
3495511000001103,Calpol Infant 120mg/5ml oral suspension 5ml sachets sugar free (McNeil Products Ltd) (AMP)
34965011000001107,Paracetamol 500mg / Caffeine 65mg tablets (Bristol Laboratories Ltd) (AMP)
34966211000001108,Amitriptyline 10mg tablets (NorthStar Healthcare Unlimited Company) (AMP)
34966411000001107,Amitriptyline 25mg tablets (NorthStar Healthcare Unlimited Company) (AMP)
34966611000001105,Amitriptyline 50mg tablets (NorthStar Healthcare Unlimited Company) (AMP)
349811000001107,Ibuprofen 600mg tablets (Teva UK Ltd) (AMP)
35023611000001106,Diamorphine 300micrograms/0.3ml solution for injection pre-filled syringes (VMP)
35023711000001102,Diamorphine 300micrograms/0.3ml solution for injection pre-filled syringes (Special Order) (AMP)
35024211000001107,Diamorphine 300micrograms/0.5ml solution for injection pre-filled syringes (VMP)
35024311000001104,Diamorphine 300micrograms/0.5ml solution for injection pre-filled syringes (Special Order) (AMP)
35029011000001101,Skudexa 75mg/25mg tablets (A. Menarini Farmaceutica Internazionale SRL) (AMP)
35029711000001104,Tramadol 75mg / Dexketoprofen 25mg tablets (VMP)
35041711000001100,Bupivacaine 200mg/5ml (4%) solution for injection ampoules (VMP)
35041911000001103,Bupivacain Sintetica 40mg/ml (4%) solution for injection ampoules (Imported (Switzerland)) (AMP)
35045211000001105,Paracetamol 10mg suppositories (VMP)
35045311000001102,Paracetamol 10mg suppositories (Special Order) (AMP)
35045811000001106,Paracetamol 20mg suppositories (VMP)
35045911000001101,Paracetamol 20mg suppositories (Special Order) (AMP)
35046411000001100,Paracetamol 25mg suppositories (VMP)
35046511000001101,Paracetamol 25mg suppositories (Special Order) (AMP)
350511000001103,Diclomax Retard 100mg capsules (Galen Ltd) (AMP)
35084611000001102,Pregabalin 20mg/ml oral solution sugar free (Aspire Pharma Ltd) (AMP)
35096411000001107,Seractil 300mg tablets (Gebro Pharma GmbH) (AMP)
35107711000001107,Co-dydramol 20mg/500mg tablets (A A H Pharmaceuticals Ltd) (AMP)
35108011000001106,Co-dydramol 30mg/500mg tablets (A A H Pharmaceuticals Ltd) (AMP)
35110011000001107,Co-dydramol 20mg/500mg tablets (Alliance Healthcare (Distribution) Ltd) (AMP)
35110311000001105,Co-dydramol 30mg/500mg tablets (Alliance Healthcare (Distribution) Ltd) (AMP)
35110911000001106,Paracetamol 500mg effervescent tablets (Alliance Healthcare (Distribution) Ltd) (AMP)
351111000001101,Nabumetone 500mg tablets (Viatris UK Healthcare Ltd) (AMP)
35140711000001104,Celecoxib 100mg capsules (Milpharm Ltd) (AMP)
35157811000001109,Morphine sulfate 500mg/500ml solution for infusion bottles (VMP)
35157911000001104,Morphine sulfate 500mg/500ml solution for infusion bottles (Special Order) (AMP)
35160611000001101,Etoricoxib 30mg tablets (Milpharm Ltd) (AMP)
35160811000001102,Etoricoxib 60mg tablets (Milpharm Ltd) (AMP)
35161011000001104,Etoricoxib 90mg tablets (Milpharm Ltd) (AMP)
35161211000001109,Etoricoxib 120mg tablets (Milpharm Ltd) (AMP)
35162211000001102,Gabapentin 100mg capsules (Milpharm Ltd) (AMP)
35162411000001103,Gabapentin 300mg capsules (Milpharm Ltd) (AMP)
35162611000001100,Gabapentin 400mg capsules (Milpharm Ltd) (AMP)
35176411000001108,Pregabalin 25mg capsules (Milpharm Ltd) (AMP)
35176711000001102,Pregabalin 50mg capsules (Milpharm Ltd) (AMP)
35177111000001100,Pregabalin 75mg capsules (Milpharm Ltd) (AMP)
35177311000001103,Pregabalin 100mg capsules (Milpharm Ltd) (AMP)
35177711000001104,Pregabalin 150mg capsules (Milpharm Ltd) (AMP)
35178011000001100,Pregabalin 200mg capsules (Milpharm Ltd) (AMP)
35178311000001102,Pregabalin 225mg capsules (Milpharm Ltd) (AMP)
35178511000001108,Pregabalin 300mg capsules (Milpharm Ltd) (AMP)
35187411000001102,Tramadol 50mg capsules (Milpharm Ltd) (AMP)
35191811000001108,Gabapentin 10% gel (VMP)
35191911000001103,Gabapentin 10% gel (Special Order) (AMP)
35196711000001106,Morphine sulfate 2.5mg/25ml solution for injection pre-filled syringes (VMP)
35196811000001103,Morphine sulfate 2.5mg/25ml solution for injection pre-filled syringes (Special Order) (AMP)
35208611000001101,Fentanyl 25micrograms/5ml solution for injection pre-filled syringes (VMP)
35208711000001105,Fentanyl 25micrograms/5ml solution for injection pre-filled syringes (Special Order) (AMP)
3521311000001108,Morphine sulfate 10mg/5ml oral solution unit dose vials sugar free (VMP)
35215611000001105,Paracetamol 500mg caplets (Accord-UK Ltd) (AMP)
352411000001101,Co-codamol 30mg/500mg tablets (Wockhardt UK Ltd) (AMP)
35313311000001107,Diclofenac 12.5mg suppositories (VMP)
35323511000001106,Pregabalin 20mg/ml oral solution sugar free (Accord-UK Ltd) (AMP)
35358711000001106,Opiodur 12micrograms/hour transdermal patches (RX Farma) (AMP)
35359311000001101,Opiodur 25micrograms/hour transdermal patches (RX Farma) (AMP)
35359511000001107,Opiodur 50micrograms/hour transdermal patches (RX Farma) (AMP)
35359711000001102,Opiodur 75micrograms/hour transdermal patches (RX Farma) (AMP)
35359911000001100,Opiodur 100micrograms/hour transdermal patches (RX Farma) (AMP)
35360511000001106,Morphine sulfate 2.5mg/50ml solution for infusion vials (VMP)
35360611000001105,Morphine sulfate 2.5mg/50ml solution for infusion vials (Special Order) (AMP)
35361811000001101,Fentanyl 1.25mg/50ml solution for infusion pre-filled syringes (VMP)
35361911000001106,Fentanyl 1.25mg/50ml solution for infusion pre-filled syringes (Special Order) (AMP)
35369011000001106,Paracetamol 120mg soluble tablets sugar free (VMP)
35369111000001107,Mefenamic acid 50mg/5ml oral suspension (VMP)
35370211000001104,Codeine 3mg/5ml linctus paediatric (VMP)
35404011000001103,Akis 75mg/1ml solution for injection ampoules (Flynn Pharma Ltd) (AMP)
35404211000001108,Diclofenac 75mg/1ml solution for injection ampoules (VMP)
3546911000001102,Generic Migraleve Pink tablets (VMP)
354711000001102,Nurofen 5% gel (Reckitt Benckiser Healthcare (UK) Ltd) (AMP)
35526411000001100,Paracetamol 1g tablets (Drugsrus Ltd) (AMP)
35533411000001108,Buprenorphine 8mg / Naloxone 2mg sublingual tablets sugar free (Martindale Pharmaceuticals Ltd) (AMP)
35534711000001100,Buprenorphine 2mg / Naloxone 500microgram sublingual tablets sugar free (Martindale Pharmaceuticals Ltd) (AMP)
35535311000001100,Morphine sulfate 15mg suppositories (Special Order) (AMP)
35535611000001105,Morphine sulfate 30mg suppositories (Special Order) (AMP)
35537411000001101,Oxycodone 10mg/1ml solution for injection ampoules (Healthcare Pharma Ltd) (AMP)
35537611000001103,Oxycodone 20mg/2ml solution for injection ampoules (Healthcare Pharma Ltd) (AMP)
35537811000001104,Oxycodone 50mg/1ml solution for injection ampoules (Healthcare Pharma Ltd) (AMP)
35539211000001106,Morphine sulfate 2.5mg/5ml oral solution (VMP)
35539311000001103,Morphine sulfate 2.5mg/5ml oral solution (Special Order) (AMP)
35541911000001100,Renocontin 5mg modified-release tablets (Glenmark Pharmaceuticals Europe Ltd) (AMP)
35542111000001108,Renocontin 10mg modified-release tablets (Glenmark Pharmaceuticals Europe Ltd) (AMP)
35542311000001105,Renocontin 15mg modified-release tablets (Glenmark Pharmaceuticals Europe Ltd) (AMP)
35542511000001104,Renocontin 20mg modified-release tablets (Glenmark Pharmaceuticals Europe Ltd) (AMP)
35542711000001109,Renocontin 30mg modified-release tablets (Glenmark Pharmaceuticals Europe Ltd) (AMP)
35542911000001106,Renocontin 40mg modified-release tablets (Glenmark Pharmaceuticals Europe Ltd) (AMP)
35543311000001100,Renocontin 60mg modified-release tablets (Glenmark Pharmaceuticals Europe Ltd) (AMP)
35543711000001101,Carlosafine 35micrograms/hour transdermal patches (Glenmark Pharmaceuticals Europe Ltd) (AMP)
35543911000001104,Carlosafine 52.5micrograms/hour transdermal patches (Glenmark Pharmaceuticals Europe Ltd) (AMP)
35544111000001100,Carlosafine 70micrograms/hour transdermal patches (Glenmark Pharmaceuticals Europe Ltd) (AMP)
35544311000001103,Bunov 5micrograms/hour transdermal patches (Glenmark Pharmaceuticals Europe Ltd) (AMP)
35544511000001109,Bunov 10micrograms/hour transdermal patches (Glenmark Pharmaceuticals Europe Ltd) (AMP)
35545111000001101,Bunov 20micrograms/hour transdermal patches (Glenmark Pharmaceuticals Europe Ltd) (AMP)
35550311000001108,Gabapentin 50mg/ml oral solution sugar free (Teva UK Ltd) (AMP)
35571511000001106,Celecoxib 50mg/5ml oral suspension (Special Order) (AMP)
35573711000001100,Celecoxib 50mg/5ml oral suspension (VMP)
35576611000001103,Oxycodone 10mg/1ml solution for injection ampoules (hameln pharma Ltd) (AMP)
35576911000001109,Oxycodone 20mg/2ml solution for injection ampoules (hameln pharma Ltd) (AMP)
35579011000001104,Emcozin 30mg/500mg tablets (GlucoRx Ltd) (AMP)
35581511000001100,Mandaprin 75mg dispersible tablets (M & A Pharmachem Ltd) (AMP)
35584011000001106,Oxycodone 50mg/1ml solution for injection ampoules (hameln pharma Ltd) (AMP)
3559811000001104,Paracetamol 120mg/5ml oral suspension 5ml sachets sugar free (VMP)
35605011000001102,Nortriptyline 50mg/5ml oral solution (Special Order) (AMP)
356111000001105,Diamorphine 10mg tablets (The Boots Company Plc) (AMP)
35611511000001105,Nortriptyline 50mg/5ml oral solution (VMP)
35632711000001103,Buprenorphine 2mg / Naloxone 500microgram sublingual tablets sugar free (Alliance Healthcare (Distribution) Ltd) (AMP)
35632911000001101,Buprenorphine 8mg / Naloxone 2mg sublingual tablets sugar free (Alliance Healthcare (Distribution) Ltd) (AMP)
35671811000001104,Co-codamol 8mg/500mg caplets (A A H Pharmaceuticals Ltd) (AMP)
35672611000001109,Paracetamol 125mg suppositories (A A H Pharmaceuticals Ltd) (AMP)
35689011000001101,Co-codamol 8mg/500mg tablets (Accord-UK Ltd) (AMP)
357011000001107,Codeine 60mg tablets (Sun Pharma UK Ltd) (AMP)
35721411000001107,Gabapentin 100mg capsules (Tillomed Laboratories Ltd) (AMP)
35721611000001105,Gabapentin 300mg capsules (Tillomed Laboratories Ltd) (AMP)
35721811000001109,Gabapentin 400mg capsules (Tillomed Laboratories Ltd) (AMP)
35722411000001102,Pregabalin 25mg capsules (Tillomed Laboratories Ltd) (AMP)
35722811000001100,Pregabalin 50mg capsules (Tillomed Laboratories Ltd) (AMP)
35723111000001101,Pregabalin 75mg capsules (Tillomed Laboratories Ltd) (AMP)
35723411000001106,Pregabalin 100mg capsules (Tillomed Laboratories Ltd) (AMP)
35723611000001109,Pregabalin 150mg capsules (Tillomed Laboratories Ltd) (AMP)
35723811000001108,Pregabalin 200mg capsules (Tillomed Laboratories Ltd) (AMP)
35724011000001100,Pregabalin 225mg capsules (Tillomed Laboratories Ltd) (AMP)
35724211000001105,Pregabalin 300mg capsules (Tillomed Laboratories Ltd) (AMP)
35729311000001101,Flector Tissugel 140mg medicated plasters (Disposable Medical Equipment Ltd) (AMP)
35748611000001104,Nurofen Joint & Muscular Pain Relief 200mg medicated plasters (Reckitt Benckiser Healthcare (UK) Ltd) (AMP)
35776211000001101,Ibuprofen 200mg medicated plasters (VMP)
358311000001106,Co-codamol 8mg/500mg effervescent tablets (The Boots Company Plc) (AMP)
35838111000001106,Pregabalin 20mg/ml oral solution sugar free (Wockhardt UK Ltd) (AMP)
358411000001104,Rhumalgan CR 75 tablets (Sandoz Ltd) (AMP)
35841711000001101,Aspirin 75mg tablets (Kent Pharma (UK) Ltd) (AMP)
35846011000001105,Oxypro 5mg modified-release tablets (Ridge Pharma Ltd) (AMP)
35846211000001100,Oxypro 10mg modified-release tablets (Ridge Pharma Ltd) (AMP)
35846411000001101,Oxypro 15mg modified-release tablets (Ridge Pharma Ltd) (AMP)
35846611000001103,Oxypro 20mg modified-release tablets (Ridge Pharma Ltd) (AMP)
35846811000001104,Oxypro 30mg modified-release tablets (Ridge Pharma Ltd) (AMP)
35847011000001108,Oxypro 40mg modified-release tablets (Ridge Pharma Ltd) (AMP)
35847211000001103,Oxypro 60mg modified-release tablets (Ridge Pharma Ltd) (AMP)
35847411000001104,Oxypro 80mg modified-release tablets (Ridge Pharma Ltd) (AMP)
35851611000001107,Ibuprofen 200mg tablets (Medreich Plc) (AMP)
35853511000001107,Ixyldone 5mg modified-release tablets (Morningside Healthcare Ltd) (AMP)
35856711000001109,Buprenorphine 8mg / Naloxone 2mg sublingual tablets sugar free (A A H Pharmaceuticals Ltd) (AMP)
35856911000001106,Buprenorphine 2mg / Naloxone 500microgram sublingual tablets sugar free (A A H Pharmaceuticals Ltd) (AMP)
35857411000001101,Ixyldone 30mg modified-release tablets (Morningside Healthcare Ltd) (AMP)
35857611000001103,Ixyldone 10mg modified-release tablets (Morningside Healthcare Ltd) (AMP)
35857811000001104,Ixyldone 15mg modified-release tablets (Morningside Healthcare Ltd) (AMP)
35857911000001109,Ixyldone 40mg modified-release tablets (Morningside Healthcare Ltd) (AMP)
35858311000001109,Ixyldone 20mg modified-release tablets (Morningside Healthcare Ltd) (AMP)
35858711000001108,Ixyldone 60mg modified-release tablets (Morningside Healthcare Ltd) (AMP)
35859011000001101,Ixyldone 80mg modified-release tablets (Morningside Healthcare Ltd) (AMP)
35861211000001104,Nabumetone 500mg tablets (Tillomed Laboratories Ltd) (AMP)
35866511000001105,Tramadol 37.5mg / Paracetamol 325mg tablets (Accord-UK Ltd) (AMP)
35896411000001108,Alfentanil 1mg/2ml solution for injection ampoules (VMP)
35896511000001107,Alfentanil 500micrograms/1ml solution for injection ampoules (VMP)
35896611000001106,Alfentanil 5mg/10ml solution for injection ampoules (VMP)
35896711000001102,Alfentanil 5mg/1ml solution for injection ampoules (VMP)
35901211000001108,Amitriptyline 25mg modified-release capsules (VMP)
35901411000001107,Amitriptyline 25mg/5ml oral solution sugar free (VMP)
35901511000001106,Amitriptyline 50mg modified-release capsules (VMP)
35901611000001105,Amitriptyline 50mg/5ml oral solution sugar free (VMP)
35903011000001102,Aspirin 150mg / Isosorbide mononitrate 60mg modified-release tablets (VMP)
35903111000001101,Aspirin 75mg / Isosorbide mononitrate 60mg modified-release tablets (VMP)
35906711000001107,Celecoxib 100mg capsules (Krka UK Ltd) (AMP)
35906911000001109,Celecoxib 200mg capsules (Krka UK Ltd) (AMP)
3591111000001104,Diclofenac 16mg/ml topical solution (VMP)
35913111000001104,Bupivacaine 25mg/10ml (0.25%) solution for injection ampoules (VMP)
35913411000001109,Bupivacaine 312.5mg/250ml (0.125%) infusion bags (VMP)
35913511000001108,Bupivacaine 50mg/10ml (0.5%) solution for injection ampoules (VMP)
35913611000001107,Buprenorphine 300micrograms/1ml solution for injection ampoules (VMP)
35913711000001103,Buprenorphine 35micrograms/hour transdermal patches (VMP)
35913811000001106,Buprenorphine 52.5micrograms/hour transdermal patches (VMP)
35913911000001101,Buprenorphine 70micrograms/hour transdermal patches (VMP)
35915711000001102,Tenoxicam 20mg powder and solvent for solution for injection vials (VMP)
35918311000001105,Tiaprofenic acid 300mg modified-release capsules (VMP)
35920311000001103,Tramadol 100mg modified-release tablets (VMP)
35920411000001105,Tramadol 100mg/2ml solution for injection ampoules (VMP)
35920511000001109,Tramadol 150mg modified-release capsules (VMP)
35920611000001108,Tramadol 150mg modified-release tablets (VMP)
35920711000001104,Tramadol 200mg modified-release capsules (VMP)
35920811000001107,Tramadol 200mg modified-release tablets (VMP)
35920911000001102,Tramadol 300mg modified-release tablets (VMP)
35921011000001105,Tramadol 400mg modified-release tablets (VMP)
35921211000001100,Tramadol 75mg modified-release tablets (VMP)
35940111000001103,Tramadol 50mg modified-release capsules (VMP)
359411000001107,Fenactol 50mg gastro-resistant tablets (Dexcel-Pharma Ltd) (AMP)
3597411000001101,Deep Relief gel (The Mentholatum Company Ltd) (AMP)
36011911000001106,Naproxen 250mg tablets (Genesis Pharmaceuticals Ltd) (AMP)
36017011000001102,Piroxicam 20mg orodispersible tablets sugar free (VMP)
36017111000001101,Piroxicam 20mg/1ml solution for injection ampoules (VMP)
36019811000001100,Paracetamol 500mg tablets (Medreich Plc) (AMP)
36022611000001104,Morphine (Opium tincture) 10mg/ml oral drops sugar free (VMP)
36026111000001106,Naproxen 500mg tablets (Medreich Plc) (AMP)
36026311000001108,Paracetamol 500mg/50ml solution for infusion vials (VMP)
36027611000001101,Pentazocine 30mg/1ml solution for injection ampoules (VMP)
36027711000001105,Pentazocine 60mg/2ml solution for injection ampoules (VMP)
36028111000001105,Pethidine 100mg/10ml solution for injection ampoules (VMP)
36028211000001104,Pethidine 100mg/2ml solution for injection ampoules (VMP)
36028311000001107,Pethidine 50mg/1ml solution for injection ampoules (VMP)
36028411000001100,Pethidine 50mg/5ml solution for injection ampoules (VMP)
36030111000001106,Naproxen 500mg modified-release tablets (VMP)
36030511000001102,Nefopam 20mg/1ml solution for injection ampoules (VMP)
360311000001104,Tylex 30mg/500mg capsules (UCB Pharma Ltd) (AMP)
36032811000001103,Methadone 50mg/5ml solution for injection ampoules (VMP)
36037011000001106,Ketoprofen 100mg modified-release capsules (VMP)
36037111000001107,Ketoprofen 100mg/2ml solution for injection ampoules (VMP)
36037211000001101,Ketoprofen 150mg modified-release capsules (VMP)
36037311000001109,Ketoprofen 200mg modified-release capsules (VMP)
36042811000001102,Ibuprofen 400mg tablets (Medreich Plc) (AMP)
36043011000001104,Ibuprofen 600mg tablets (Medreich Plc) (AMP)
36044611000001109,Nortriptyline 10mg tablets (Medreich Plc) (AMP)
36045011000001103,Ibuprofen 200mg modified-release capsules (VMP)
36045111000001102,Nortriptyline 25mg tablets (Medreich Plc) (AMP)
36045211000001108,Ibuprofen 300mg modified-release / Codeine 20mg tablets (VMP)
36045311000001100,Ibuprofen 300mg modified-release capsules (VMP)
36046611000001100,Indometacin 25mg modified-release tablets (VMP)
36046711000001109,Indometacin 50mg modified-release tablets (VMP)
36046811000001101,Indometacin 75mg modified-release capsules (VMP)
36046911000001106,Indometacin 75mg modified-release tablets (VMP)
36049111000001100,Ipecacuanha and Morphine mixture BP 1980 (VMP)
36057111000001108,Hydromorphone 10mg/1ml solution for injection ampoules (VMP)
36057211000001102,Hydromorphone 16mg modified-release capsules (VMP)
36057311000001105,Hydromorphone 24mg modified-release capsules (VMP)
36057411000001103,Hydromorphone 2mg modified-release capsules (VMP)
36057511000001104,Hydromorphone 2mg/1ml solution for injection ampoules (VMP)
36057611000001100,Hydromorphone 4mg modified-release capsules (VMP)
36057711000001109,Hydromorphone 8mg modified-release capsules (VMP)
36058911000001107,Flurbiprofen 0.03% eye drops 0.4ml unit dose preservative free (VMP)
36059011000001103,Flurbiprofen 200mg modified-release capsules (VMP)
36069111000001106,Dihydrocodeine 50mg/1ml solution for injection ampoules (VMP)
36069911000001109,Dipyridamole 200mg modified-release / Aspirin 25mg capsules (VMP)
36080311000001102,Ibuprofen 600mg tablets (Crescent Pharma Ltd) (AMP)
3608411000001106,Oramorph 100mg/5ml oral solution unit dose vials (Boehringer Ingelheim Ltd) (AMP)
36088811000001109,Paracetamol 500mg/50ml solution for infusion bottles (B.Braun Medical Ltd) (AMP)
36090011000001104,Codeine 60mg/1ml solution for injection ampoules (VMP)
36090911000001100,Paracetamol 1g/100ml solution for infusion bottles (B.Braun Medical Ltd) (AMP)
360911000001103,Naproxen 250mg tablets (Teva UK Ltd) (AMP)
3609711000001109,Oramorph 30mg/5ml oral solution unit dose vials (Boehringer Ingelheim Ltd) (AMP)
36098011000001102,Diclofenac 0.1% eye drops 0.3ml unit dose preservative free (VMP)
36098111000001101,Diclofenac 75mg/3ml solution for injection ampoules (VMP)
36098611000001109,Dihydrocodeine 10mg/5ml oral solution (VMP)
36105911000001102,Ibular 200mg tablets (Ennogen Pharma Ltd) (AMP)
36106111000001106,Ibular 400mg tablets (Ennogen Pharma Ltd) (AMP)
3611411000001101,Temgesic 300micrograms/1ml solution for injection ampoules (Eumedica Pharma Ltd) (AMP)
36119811000001108,Fentanyl 100micrograms/2ml solution for injection ampoules (VMP)
36119911000001103,Fentanyl 100micrograms/hour transdermal patches (VMP)
36120011000001101,Fentanyl 25micrograms/hour transdermal patches (VMP)
36120111000001100,Fentanyl 500micrograms/10ml solution for injection ampoules (VMP)
36120211000001106,Fentanyl 50micrograms/hour transdermal patches (VMP)
36120311000001103,Fentanyl 75micrograms/hour transdermal patches (VMP)
36120511000001109,Methadone 10mg/1ml solution for injection ampoules (VMP)
36120611000001108,Methadone 10mg/ml oral solution sugar free (VMP)
36120711000001104,Methadone 1mg/ml oral solution (VMP)
36120811000001107,Methadone 1mg/ml oral solution sugar free (VMP)
36121011000001105,Methadone 20mg/2ml solution for injection ampoules (VMP)
36122911000001103,Methadone 20mg/ml oral solution sugar free (VMP)
36123011000001106,Methadone 2mg/5ml linctus (VMP)
36123211000001101,Methadone 35mg/3.5ml solution for injection ampoules (VMP)
36125811000001101,Morphine 100mg modified-release capsules (VMP)
36126211000001108,Morphine 100mg modified-release tablets (VMP)
36126411000001107,Morphine 10mg modified-release capsules (VMP)
36126511000001106,Morphine 10mg modified-release tablets (VMP)
36126611000001105,Morphine 120mg modified-release capsules (VMP)
36126711000001101,Morphine 150mg modified-release capsules (VMP)
36126811000001109,Morphine 15mg modified-release tablets (VMP)
36126911000001104,Morphine 200mg modified-release capsules (VMP)
36127011000001100,Morphine 200mg modified-release tablets (VMP)
36127111000001104,Morphine 20mg modified-release capsules (VMP)
36127211000001105,Morphine 30mg modified-release capsules (VMP)
36127311000001102,Morphine 30mg modified-release tablets (VMP)
36127411000001109,Morphine 50mg modified-release capsules (VMP)
36127511000001108,Morphine 5mg modified-release tablets (VMP)
36127611000001107,Morphine 60mg modified-release capsules (VMP)
36127711000001103,Morphine 60mg modified-release tablets (VMP)
36127811000001106,Morphine 90mg modified-release capsules (VMP)
36127911000001101,Morphine and Cocaine elixir (VMP)
36128211000001109,Morphine sulfate 10mg/1ml solution for injection ampoules (VMP)
36128311000001101,Morphine sulfate 10mg/5ml oral solution (VMP)
36128511000001107,Morphine sulfate 20mg/1ml solution for injection ampoules (VMP)
36128611000001106,Morphine sulfate 20mg/ml oral solution sugar free (VMP)
36128711000001102,Morphine sulfate 30mg/1ml solution for injection ampoules (VMP)
36128911000001100,Morphine sulfate 60mg/2ml solution for injection ampoules (VMP)
36129511000001101,Oxycodone 10mg modified-release tablets (VMP)
36129811000001103,Oxycodone 10mg/1ml solution for injection ampoules (VMP)
36130011000001103,Oxycodone 10mg/ml oral solution sugar free (VMP)
36130211000001108,Oxycodone 15mg modified-release tablets (VMP)
36130411000001107,Oxycodone 20mg modified-release tablets (VMP)
36130611000001105,Oxycodone 20mg/2ml solution for injection ampoules (VMP)
36130711000001101,Oxycodone 30mg modified-release tablets (VMP)
36130911000001104,Oxycodone 40mg modified-release tablets (VMP)
36131011000001107,Oxycodone 5mg modified-release tablets (VMP)
36131211000001102,Oxycodone 5mg/5ml oral solution sugar free (VMP)
36131311000001105,Oxycodone 60mg modified-release tablets (VMP)
36131511000001104,Oxycodone 80mg modified-release tablets (VMP)
361811000001100,Piroxicam 10mg dispersible tablets (Alliance Healthcare (Distribution) Ltd) (AMP)
362111000001102,Zydol SR 150mg tablets (Grunenthal Ltd) (AMP)
36238411000001107,Tramadol 50mg capsules (Medreich Plc) (AMP)
3631411000001108,Morphine sulfate 100mg/5ml oral solution unit dose vials sugar free (VMP)
3631511000001107,Morphine sulfate 30mg/5ml oral solution unit dose vials sugar free (VMP)
36322911000001109,Buprenorphine 8mg / Naloxone 2mg sublingual tablets sugar free (Viatris UK Healthcare Ltd) (AMP)
36342811000001101,Buprenorphine 2mg / Naloxone 500microgram sublingual tablets sugar free (Viatris UK Healthcare Ltd) (AMP)
36345111000001101,Pregabalin 25mg capsules (Krka UK Ltd) (AMP)
36349011000001100,Pregabalin 50mg capsules (Krka UK Ltd) (AMP)
36350711000001107,Pregabalin 75mg capsules (Krka UK Ltd) (AMP)
36351511000001109,Pregabalin 100mg capsules (Krka UK Ltd) (AMP)
36353011000001100,Pregabalin 150mg capsules (Krka UK Ltd) (AMP)
36354011000001103,Pregabalin 200mg capsules (Krka UK Ltd) (AMP)
36354411000001107,Pregabalin 225mg capsules (Krka UK Ltd) (AMP)
36355411000001108,Pregabalin 300mg capsules (Krka UK Ltd) (AMP)
3637911000001108,MigraMax oral powder sachets (Zentiva Pharma UK Ltd) (AMP)
363911000001106,Flurbiprofen 100mg tablets (Actavis UK Ltd) (AMP)
36441411000001100,Paracetamol 500mg/50ml solution for infusion bottles (VMP)
36468111000001105,Oxycodone 10mg/ml oral solution sugar free (Alliance Healthcare (Distribution) Ltd) (AMP)
36468311000001107,Oxycodone 5mg/5ml oral solution sugar free (Alliance Healthcare (Distribution) Ltd) (AMP)
3648411000001100,Solaraze 3% gel (Almirall Ltd) (AMP)
36492711000001106,Aspirin 75mg tablets (Medreich Plc) (AMP)
36513111000001106,Ibuprofen 600mg tablets (Dalkeith Laboratories Ltd) (AMP)
36515311000001109,Bupivacaine 2.4g/960ml (0.25%) solution for infusion bottles (VMP)
36515511000001103,Bupivacaine 2.4g/960ml (0.25%) solution for infusion bottles (Special Order) (AMP)
3651611000001107,Zomorph 30mg modified-release capsules (Ethypharm UK Ltd) (AMP)
3651811000001106,MXL 30mg capsules (Napp Pharmaceuticals Ltd) (AMP)
3652111000001109,Zomorph 10mg modified-release capsules (Ethypharm UK Ltd) (AMP)
36530311000001105,Paracetamol 500mg/50ml solution for infusion vials (Fresenius Kabi Ltd) (AMP)
36563711000001106,Diclofenac sodium 100mg modified-release tablets (VMP)
36564511000001103,Naproxen 375mg gastro-resistant tablets (VMP)
36566111000001100,Codeine 25mg/5ml oral solution (VMP)
36566511000001109,Diclofenac sodium 25mg gastro-resistant tablets (VMP)
365911000001107,Ketoprofen 50mg capsules (Kent Pharma (UK) Ltd) (AMP)
36597211000001105,Naproxen 250mg tablets (Bristol Laboratories Ltd) (AMP)
36597611000001107,Naproxen 500mg tablets (Bristol Laboratories Ltd) (AMP)
36603011000001101,Ibuprofen Twelve Plus Pain Relief 200mg/5ml oral suspension (Aspire Pharma Ltd) (AMP)
36608611000001101,Ibuprofen 200mg/5ml oral suspension sugar free (VMP)
36611211000001105,Aspirin 75mg tablets (G.L. Pharma UK Ltd) (AMP)
36612511000001100,Amitriptyline 10mg tablets (Bristol Laboratories Ltd) (AMP)
36613511000001107,Amitriptyline 25mg tablets (Bristol Laboratories Ltd) (AMP)
36613711000001102,Amitriptyline 50mg tablets (Bristol Laboratories Ltd) (AMP)
36617511000001102,Nortriptyline 10mg tablets (Ria Generics Ltd) (AMP)
36618711000001108,Nortriptyline 25mg tablets (Ria Generics Ltd) (AMP)
36620711000001103,Nefopam 30mg tablets (Ria Generics Ltd) (AMP)
36640411000001107,Oxycodone 10mg/1ml solution for injection ampoules (G.L. Pharma UK Ltd) (AMP)
36641311000001105,Oxycodone 20mg/2ml solution for injection ampoules (G.L. Pharma UK Ltd) (AMP)
36700311000001101,Ibuprofen 600mg tablets (Noumed Life Sciences Ltd) (AMP)
3671411000001106,Sulindac 100mg tablets (A A H Pharmaceuticals Ltd) (AMP)
3671811000001108,Sulindac 100mg tablets (Viatris UK Healthcare Ltd) (AMP)
36721211000001106,Nortriptyline 10mg tablets (Flamingo Pharma (UK) Ltd) (AMP)
36721411000001105,Nortriptyline 25mg tablets (Flamingo Pharma (UK) Ltd) (AMP)
36724111000001102,Altridexamol 1000mg effervescent tablets (TriOn Pharma Ltd) (AMP)
36726711000001105,Buvidal 8mg/0.16ml prolonged-release solution for injection pre-filled syringes (Camurus AB) (AMP)
36727911000001105,Buvidal 16mg/0.32ml prolonged-release solution for injection pre-filled syringes (Camurus AB) (AMP)
36728611000001100,Buvidal 24mg/0.48ml prolonged-release solution for injection pre-filled syringes (Camurus AB) (AMP)
36730411000001104,Buvidal 32mg/0.64ml prolonged-release solution for injection pre-filled syringes (Camurus AB) (AMP)
36732011000001107,Buvidal 64mg/0.18ml prolonged-release solution for injection pre-filled syringes (Camurus AB) (AMP)
36732111000001108,Tramadol 50mg capsules (Noumed Life Sciences Ltd) (AMP)
36733711000001101,Buvidal 96mg/0.27ml prolonged-release solution for injection pre-filled syringes (Camurus AB) (AMP)
36734811000001107,Buvidal 128mg/0.36ml prolonged-release solution for injection pre-filled syringes (Camurus AB) (AMP)
36735011000001102,Trapadex 37.5mg/325mg tablets (Noumed Life Sciences Ltd) (AMP)
36736411000001102,Nexocin EC 250mg gastro-resistant tablets (Noumed Life Sciences Ltd) (AMP)
36737011000001109,Nexocin EC 375mg gastro-resistant tablets (Noumed Life Sciences Ltd) (AMP)
3673711000001104,Sulindac 100mg tablets (Kent Pharma (UK) Ltd) (AMP)
36737211000001104,Nexocin EC 500mg gastro-resistant tablets (Noumed Life Sciences Ltd) (AMP)
367411000001105,Codeine 60mg tablets (Kent Pharma (UK) Ltd) (AMP)
36741411000001107,Celecoxib 200mg capsules (Macleods Pharma UK Ltd) (AMP)
3674211000001109,Clinoril 100mg tablets (Organon Pharma (UK) Ltd) (AMP)
3674511000001107,Sulindac 100mg tablets (Alliance Healthcare (Distribution) Ltd) (AMP)
367511000001109,Ibuprofen 200mg tablets (Thornton & Ross Ltd) (AMP)
36751611000001107,Buprenorphine 128mg/0.36ml prolonged-release solution for injection pre-filled syringes (VMP)
36751711000001103,Buprenorphine 16mg/0.32ml prolonged-release solution for injection pre-filled syringes (VMP)
36751811000001106,Celecoxib 100mg capsules (Macleods Pharma UK Ltd) (AMP)
36751911000001101,Buprenorphine 24mg/0.48ml prolonged-release solution for injection pre-filled syringes (VMP)
3675211000001105,Sulindac 200mg tablets (A A H Pharmaceuticals Ltd) (AMP)
36752211000001103,Buprenorphine 32mg/0.64ml prolonged-release solution for injection pre-filled syringes (VMP)
36752311000001106,Buprenorphine 64mg/0.18ml prolonged-release solution for injection pre-filled syringes (VMP)
36752411000001104,Buprenorphine 8mg/0.16ml prolonged-release solution for injection pre-filled syringes (VMP)
36752511000001100,Buprenorphine 96mg/0.27ml prolonged-release solution for injection pre-filled syringes (VMP)
36752911000001107,Paracetamol 1g effervescent tablets sugar free (VMP)
3675511000001108,Sulindac 200mg tablets (Viatris UK Healthcare Ltd) (AMP)
3675811000001106,Sulindac 200mg tablets (Kent Pharma (UK) Ltd) (AMP)
3676011000001109,Clinoril 200mg tablets (Organon Pharma (UK) Ltd) (AMP)
36760411000001109,Ibuprofen Seven Plus Pain Relief 200mg/5ml oral suspension (Aspire Pharma Ltd) (AMP)
3676211000001104,Sulindac 200mg tablets (Alliance Healthcare (Distribution) Ltd) (AMP)
36781911000001106,Naproxen 500mg gastro-resistant tablets (Sovereign Medical Ltd) (AMP)
36782111000001103,Naproxen 250mg gastro-resistant tablets (Sovereign Medical Ltd) (AMP)
36784811000001104,Diclofenac sodium 25mg gastro-resistant tablets (Crescent Pharma Ltd) (AMP)
36785011000001109,Diclofenac sodium 50mg gastro-resistant tablets (Crescent Pharma Ltd) (AMP)
367911000001102,Naproxen 250mg gastro-resistant tablets (A A H Pharmaceuticals Ltd) (AMP)
36793911000001106,Pregabalin 20mg/ml oral solution sugar free (Rosemont Pharmaceuticals Ltd) (AMP)
3679811000001109,Co-codaprin 8mg/400mg dispersible tablets (A A H Pharmaceuticals Ltd) (AMP)
368011000001100,Brufen Retard 800mg tablets (Viatris UK Healthcare Ltd) (AMP)
3680211000001108,Co-codaprin 8mg/400mg dispersible tablets (Actavis UK Ltd) (AMP)
3680611000001105,Co-codaprin 8mg/400mg dispersible tablets (Alliance Healthcare (Distribution) Ltd) (AMP)
36813411000001100,Lyrica 50mg capsules (Originalis B.V.) (AMP)
36813711000001106,Lyrica 75mg capsules (Originalis B.V.) (AMP)
36814111000001107,Lyrica 100mg capsules (Originalis B.V.) (AMP)
36814511000001103,Lyrica 150mg capsules (Originalis B.V.) (AMP)
36814711000001108,Lyrica 300mg capsules (Originalis B.V.) (AMP)
368211000001105,Naproxen 500mg gastro-resistant tablets (Viatris UK Healthcare Ltd) (AMP)
36833011000001101,Etoricoxib 30mg tablets (Torrent Pharma (UK) Ltd) (AMP)
36833211000001106,Etoricoxib 60mg tablets (Torrent Pharma (UK) Ltd) (AMP)
36833411000001105,Etoricoxib 90mg tablets (Torrent Pharma (UK) Ltd) (AMP)
36833611000001108,Etoricoxib 120mg tablets (Torrent Pharma (UK) Ltd) (AMP)
36850311000001105,Piroxicam 0.5% gel (Torrent Pharma (UK) Ltd) (AMP)
36854211000001105,Oxycodone 5mg/5ml oral solution sugar free (G.L. Pharma UK Ltd) (AMP)
36854411000001109,Oxycodone 10mg/ml oral solution sugar free (G.L. Pharma UK Ltd) (AMP)
36859211000001109,Celecoxib 100mg capsules (Torrent Pharma (UK) Ltd) (AMP)
36859611000001106,Celecoxib 200mg capsules (Torrent Pharma (UK) Ltd) (AMP)
36860511000001106,Co-codamol 30mg/500mg tablets (Torrent Pharma (UK) Ltd) (AMP)
36861011000001107,Co-codamol 60mg/1000mg tablets (Torrent Pharma (UK) Ltd) (AMP)
36861411000001103,Pregabalin 25mg capsules (Torrent Pharma (UK) Ltd) (AMP)
36862011000001104,Pregabalin 50mg capsules (Torrent Pharma (UK) Ltd) (AMP)
36862311000001101,Pregabalin 75mg capsules (Torrent Pharma (UK) Ltd) (AMP)
36862711000001102,Pregabalin 100mg capsules (Torrent Pharma (UK) Ltd) (AMP)
36863211000001103,Pregabalin 150mg capsules (Torrent Pharma (UK) Ltd) (AMP)
36863511000001100,Pregabalin 200mg capsules (Torrent Pharma (UK) Ltd) (AMP)
36863911000001107,Pregabalin 225mg capsules (Torrent Pharma (UK) Ltd) (AMP)
36865111000001105,Pregabalin 300mg capsules (Torrent Pharma (UK) Ltd) (AMP)
36877011000001105,Naproxen 60mg/5ml oral suspension (Special Order) (AMP)
36877511000001102,Naproxen 320mg/5ml oral suspension (Special Order) (AMP)
36885711000001109,Buprenorphine 400microgram sublingual tablets sugar free (Torrent Pharma (UK) Ltd) (AMP)
36885911000001106,Buprenorphine 2mg sublingual tablets sugar free (Torrent Pharma (UK) Ltd) (AMP)
36886311000001100,Buprenorphine 8mg sublingual tablets sugar free (Torrent Pharma (UK) Ltd) (AMP)
36888911000001100,Gabapentin 50mg/ml oral solution sugar free (Syri Ltd) (AMP)
36904811000001109,Naproxen 320mg/5ml oral suspension (VMP)
36904911000001104,Naproxen 60mg/5ml oral suspension (VMP)
3690911000001103,Aspav dispersible tablets (Actavis UK Ltd) (AMP)
369111000001106,Ibuspray 5% spray (Dermal Laboratories Ltd) (AMP)
36922011000001100,Paracetamol 500mg tablets (Relonchem Ltd) (AMP)
36925411000001101,Tramadol 50mg capsules (Relonchem Ltd) (AMP)
36926211000001106,Naproxen 500mg tablets (Noumed Life Sciences Ltd) (AMP)
37039311000001100,Cynril 200microgram lozenges with integral oromucosal applicator (Fontus Health Ltd) (AMP)
37039711000001101,Cynril 400microgram lozenges with integral oromucosal applicator (Fontus Health Ltd) (AMP)
37040211000001100,Cynril 600microgram lozenges with integral oromucosal applicator (Fontus Health Ltd) (AMP)
37040511000001102,Cynril 800microgram lozenges with integral oromucosal applicator (Fontus Health Ltd) (AMP)
370411000001104,Aspirin 75mg gastro-resistant tablets (Sterwin Medicines) (AMP)
37042311000001107,Cynril 1.2mg lozenges with integral oromucosal applicator (Fontus Health Ltd) (AMP)
37046711000001105,Cynril 1.6mg lozenges with integral oromucosal applicator (Fontus Health Ltd) (AMP)
37058011000001109,Dihydrocodeine 30mg tablets (Mawdsley-Brooks & Company Ltd) (AMP)
37060711000001101,Paracetamol 500mg effervescent tablets (Cipla EU Ltd) (AMP)
37062811000001105,Ibuprofen 400mg tablets (Relonchem Ltd) (AMP)
37064511000001102,Etoricoxib 30mg tablets (Mawdsley-Brooks & Company Ltd) (AMP)
37065011000001109,Etoricoxib 60mg tablets (Mawdsley-Brooks & Company Ltd) (AMP)
37065411000001100,Etoricoxib 90mg tablets (Mawdsley-Brooks & Company Ltd) (AMP)
37065911000001108,Etoricoxib 120mg tablets (Mawdsley-Brooks & Company Ltd) (AMP)
37079111000001100,Ibuprofen 600mg tablets (Relonchem Ltd) (AMP)
37084611000001101,Diclofenac sodium 100mg modified-release capsules (VMP)
37084911000001107,Diclofenac sodium 75mg modified-release capsules (VMP)
37086211000001108,Gabapentin 100mg capsules (Mawdsley-Brooks & Company Ltd) (AMP)
37086411000001107,Gabapentin 300mg capsules (Mawdsley-Brooks & Company Ltd) (AMP)
37086711000001101,Gabapentin 400mg capsules (Mawdsley-Brooks & Company Ltd) (AMP)
37087011000001100,Gabapentin 600mg tablets (Mawdsley-Brooks & Company Ltd) (AMP)
37105611000001109,Amitriptyline 10mg/5ml oral solution sugar free (DE Pharmaceuticals) (AMP)
37108911000001109,Buprenorphine 2mg / Naloxone 500microgram sublingual tablets sugar free (DE Pharmaceuticals) (AMP)
37109211000001105,Buprenorphine 8mg / Naloxone 2mg sublingual tablets sugar free (DE Pharmaceuticals) (AMP)
37119811000001109,Mefenamic acid 500mg tablets (Mawdsley-Brooks & Company Ltd) (AMP)
37122511000001106,Naproxen 250mg gastro-resistant tablets (Mawdsley-Brooks & Company Ltd) (AMP)
37122911000001104,Dropizol 10mg/ml oral drops (Atnahs Pharma UK Ltd) (AMP)
37123511000001104,Nefopam 30mg tablets (Mawdsley-Brooks & Company Ltd) (AMP)
37131411000001104,Pregabalin 25mg capsules (Mawdsley-Brooks & Company Ltd) (AMP)
37132111000001104,Pregabalin 50mg capsules (Mawdsley-Brooks & Company Ltd) (AMP)
37132311000001102,Pregabalin 75mg capsules (Mawdsley-Brooks & Company Ltd) (AMP)
37132711000001103,Pregabalin 100mg capsules (Mawdsley-Brooks & Company Ltd) (AMP)
37133111000001105,Pregabalin 150mg capsules (Mawdsley-Brooks & Company Ltd) (AMP)
37133511000001101,Pregabalin 200mg capsules (Mawdsley-Brooks & Company Ltd) (AMP)
37133911000001108,Pregabalin 225mg capsules (Mawdsley-Brooks & Company Ltd) (AMP)
37134311000001109,Pregabalin 300mg capsules (Mawdsley-Brooks & Company Ltd) (AMP)
37134711000001108,Pregabalin 20mg/ml oral solution sugar free (Mawdsley-Brooks & Company Ltd) (AMP)
37148811000001109,Aspirin 75mg dispersible tablets (M & A Pharmachem Ltd) (AMP)
37229711000001109,Co-codamol 15mg/500mg capsules (DE Pharmaceuticals) (AMP)
37230511000001109,Etoricoxib 30mg tablets (Brown & Burk UK Ltd) (AMP)
37231511000001102,Co-dydramol 20mg/500mg tablets (DE Pharmaceuticals) (AMP)
37231811000001104,Co-dydramol 30mg/500mg tablets (DE Pharmaceuticals) (AMP)
37236911000001104,Diclofenac sodium 25mg gastro-resistant tablets (Mawdsley-Brooks & Company Ltd) (AMP)
37237411000001109,Diamorphine 5mg powder for solution for injection ampoules (DE Pharmaceuticals) (AMP)
37237711000001103,Diamorphine 10mg powder for solution for injection ampoules (DE Pharmaceuticals) (AMP)
37237911000001101,Diamorphine 30mg powder for solution for injection ampoules (DE Pharmaceuticals) (AMP)
37238111000001103,Diamorphine 100mg powder for solution for injection ampoules (DE Pharmaceuticals) (AMP)
37238311000001101,Diamorphine 500mg powder for solution for injection ampoules (DE Pharmaceuticals) (AMP)
37246611000001106,Paracetamol 500mg capsules (Relonchem Ltd) (AMP)
372911000001106,Ibuprofen 600mg tablets film coated (Alliance Healthcare (Distribution) Ltd) (AMP)
37293811000001108,Pregabalin 300mg capsules (Sciecure Pharma Ltd) (AMP)
37294011000001100,Pregabalin 225mg capsules (Sciecure Pharma Ltd) (AMP)
37294211000001105,Pregabalin 200mg capsules (Sciecure Pharma Ltd) (AMP)
37294411000001109,Pregabalin 150mg capsules (Sciecure Pharma Ltd) (AMP)
37294611000001107,Pregabalin 100mg capsules (Sciecure Pharma Ltd) (AMP)
37294811000001106,Pregabalin 75mg capsules (Sciecure Pharma Ltd) (AMP)
37295011000001101,Pregabalin 50mg capsules (Sciecure Pharma Ltd) (AMP)
37295211000001106,Pregabalin 25mg capsules (Sciecure Pharma Ltd) (AMP)
37299611000001106,Dihydrocodeine 10mg/5ml oral solution (DE Pharmaceuticals) (AMP)
37323411000001106,Pregabalin 20mg/ml oral solution sugar free (Genus Pharmaceuticals Ltd) (AMP)
37327811000001102,Pregabalin 25mg capsules (Creo Pharma Ltd) (AMP)
37329211000001109,Pregabalin 50mg capsules (Creo Pharma Ltd) (AMP)
37329411000001108,Pregabalin 75mg capsules (Creo Pharma Ltd) (AMP)
37329611000001106,Pregabalin 100mg capsules (Creo Pharma Ltd) (AMP)
37330511000001102,Pregabalin 150mg capsules (Creo Pharma Ltd) (AMP)
37331711000001104,Pregabalin 200mg capsules (Creo Pharma Ltd) (AMP)
37332411000001100,Pregabalin 225mg capsules (Creo Pharma Ltd) (AMP)
37332811000001103,Pregabalin 300mg capsules (Creo Pharma Ltd) (AMP)
37336111000001109,Naproxen 375mg gastro-resistant tablets (Sovereign Medical Ltd) (AMP)
37353811000001107,Durogesic DTrans 12micrograms/hour transdermal patches (CST Pharma Ltd) (AMP)
37354011000001104,Etoricoxib 120mg tablets (Zentiva Pharma UK Ltd) (AMP)
37354111000001103,Durogesic DTrans 25micrograms/hour transdermal patches (CST Pharma Ltd) (AMP)
37354411000001108,BuTrans 20micrograms/hour transdermal patches (Mawdsley-Brooks & Company Ltd) (AMP)
37354511000001107,Durogesic DTrans 50micrograms/hour transdermal patches (CST Pharma Ltd) (AMP)
37354711000001102,Etoricoxib 30mg tablets (Zentiva Pharma UK Ltd) (AMP)
37355011000001100,Durogesic DTrans 75micrograms/hour transdermal patches (CST Pharma Ltd) (AMP)
37355211000001105,Etoricoxib 60mg tablets (Zentiva Pharma UK Ltd) (AMP)
37355511000001108,Durogesic DTrans 100micrograms/hour transdermal patches (CST Pharma Ltd) (AMP)
37355811000001106,Etoricoxib 90mg tablets (Zentiva Pharma UK Ltd) (AMP)
37358211000001103,Arcoxia 90mg tablets (CST Pharma Ltd) (AMP)
37358511000001100,Arcoxia 60mg tablets (CST Pharma Ltd) (AMP)
37374811000001107,Transtec 35micrograms/hour transdermal patches (CST Pharma Ltd) (AMP)
37375011000001102,Transtec 52.5micrograms/hour transdermal patches (CST Pharma Ltd) (AMP)
37375211000001107,Transtec 70micrograms/hour transdermal patches (CST Pharma Ltd) (AMP)
37376811000001100,Zamadol SR 50mg capsules (CST Pharma Ltd) (AMP)
37377011000001109,Etoricoxib 30mg tablets (DE Pharmaceuticals) (AMP)
37377411000001100,Etoricoxib 60mg tablets (DE Pharmaceuticals) (AMP)
37377611000001102,Etoricoxib 90mg tablets (DE Pharmaceuticals) (AMP)
37378011000001105,Etoricoxib 120mg tablets (DE Pharmaceuticals) (AMP)
37378211000001100,Zamadol SR 150mg capsules (CST Pharma Ltd) (AMP)
37378711000001107,Zamadol SR 200mg capsules (CST Pharma Ltd) (AMP)
37380011000001100,Brufen Retard 800mg tablets (CST Pharma Ltd) (AMP)
37380211000001105,Brufen 600mg effervescent granules sachets (CST Pharma Ltd) (AMP)
37381811000001103,Matrifen 50micrograms/hour transdermal patches (CST Pharma Ltd) (AMP)
37384411000001103,Matrifen 12micrograms/hour transdermal patches (CST Pharma Ltd) (AMP)
37385211000001101,Matrifen 25micrograms/hour transdermal patches (CST Pharma Ltd) (AMP)
37385611000001104,Matrifen 75micrograms/hour transdermal patches (CST Pharma Ltd) (AMP)
37385811000001100,Matrifen 100micrograms/hour transdermal patches (CST Pharma Ltd) (AMP)
37386211000001107,Preservex 100mg tablets (CST Pharma Ltd) (AMP)
37388511000001106,Paramax tablets (CST Pharma Ltd) (AMP)
37389611000001101,Targinact 5mg/2.5mg modified-release tablets (CST Pharma Ltd) (AMP)
37390111000001103,Targinact 10mg/5mg modified-release tablets (CST Pharma Ltd) (AMP)
37390411000001108,Targinact 20mg/10mg modified-release tablets (CST Pharma Ltd) (AMP)
37391311000001106,Targinact 40mg/20mg modified-release tablets (CST Pharma Ltd) (AMP)
37396511000001109,Subutex 8mg sublingual tablets (CST Pharma Ltd) (AMP)
37399311000001105,Oruvail 200 modified-release capsules (CST Pharma Ltd) (AMP)
37401311000001102,Actiq 400microgram lozenges with integral oromucosal applicator (CST Pharma Ltd) (AMP)
37413211000001107,Fenbid Forte 10% gel (Mawdsley-Brooks & Company Ltd) (AMP)
37413411000001106,Fenbid 5% gel (Mawdsley-Brooks & Company Ltd) (AMP)
37414211000001105,Actiq 200microgram lozenges with integral oromucosal applicator (CST Pharma Ltd) (AMP)
37418911000001108,Actiq 600microgram lozenges with integral oromucosal applicator (CST Pharma Ltd) (AMP)
37419111000001103,Actiq 800microgram lozenges with integral oromucosal applicator (CST Pharma Ltd) (AMP)
37421211000001102,Reltebon 40mg modified-release tablets (CST Pharma Ltd) (AMP)
37421411000001103,Reltebon 10mg modified-release tablets (CST Pharma Ltd) (AMP)
37421611000001100,Reltebon 20mg modified-release tablets (CST Pharma Ltd) (AMP)
37421811000001101,Ibuprofen 100mg/5ml oral suspension sugar free (Relonchem Ltd) (AMP)
37422011000001104,Ibuprofen 600mg tablets (DE Pharmaceuticals) (AMP)
37423711000001105,Nortriptyline 10mg tablets (Viatris UK Healthcare Ltd) (AMP)
37424011000001105,Nortriptyline 25mg tablets (Viatris UK Healthcare Ltd) (AMP)
37424311000001108,Nortriptyline 50mg tablets (Viatris UK Healthcare Ltd) (AMP)
374311000001103,Defanac 50mg gastro-resistant tablets (Sun Pharma UK Ltd) (AMP)
37460211000001103,Nefopam 30mg tablets (DE Pharmaceuticals) (AMP)
37462011000001107,Nortriptyline 10mg tablets (DE Pharmaceuticals) (AMP)
37462411000001103,Nortriptyline 50mg tablets (DE Pharmaceuticals) (AMP)
37502911000001101,Nortriptyline 10mg tablets (Macleods Pharma UK Ltd) (AMP)
37503311000001107,Nortriptyline 25mg tablets (Macleods Pharma UK Ltd) (AMP)
37506511000001109,Gabapentin 100mg capsules (Noumed Life Sciences Ltd) (AMP)
37506711000001104,Gabapentin 300mg capsules (Noumed Life Sciences Ltd) (AMP)
37506911000001102,Gabapentin 400mg capsules (Noumed Life Sciences Ltd) (AMP)
37507111000001102,Dihydrocodeine 30mg tablets (M & A Pharmachem Ltd) (AMP)
37507411000001107,Tramadol 50mg capsules (NorthStar Healthcare Unlimited Company) (AMP)
37516411000001107,Lyrica 100mg capsules (CST Pharma Ltd) (AMP)
37516711000001101,Lyrica 150mg capsules (CST Pharma Ltd) (AMP)
37516911000001104,Lyrica 200mg capsules (CST Pharma Ltd) (AMP)
37517111000001104,Lyrica 25mg capsules (CST Pharma Ltd) (AMP)
37517511000001108,Lyrica 50mg capsules (CST Pharma Ltd) (AMP)
37517711000001103,Lyrica 75mg capsules (CST Pharma Ltd) (AMP)
37530011000001108,Lodine SR 600mg tablets (Mawdsley-Brooks & Company Ltd) (AMP)
37535611000001109,Suboxone 2mg/500microgram sublingual tablets (CST Pharma Ltd) (AMP)
37535811000001108,Suboxone 8mg/2mg sublingual tablets (CST Pharma Ltd) (AMP)
37550711000001106,Oruvail 2.5% gel (Mawdsley-Brooks & Company Ltd) (AMP)
37551511000001108,OxyContin 30mg modified-release tablets (Mawdsley-Brooks & Company Ltd) (AMP)
37551711000001103,Paramax tablets (Mawdsley-Brooks & Company Ltd) (AMP)
3756011000001103,Strefen Honey and Lemon 8.75mg lozenges (Reckitt Benckiser Healthcare (UK) Ltd) (AMP)
37570511000001103,Aspirin 75mg tablets (NorthStar Healthcare Unlimited Company) (AMP)
375811000001108,Amitriptyline 25mg/5ml oral solution sugar free (A A H Pharmaceuticals Ltd) (AMP)
37603211000001107,Diclofenac 0.74mg/ml mouthwash sugar free (DE Pharmaceuticals) (AMP)
37609211000001109,Naproxen 50mg/ml oral suspension (DE Pharmaceuticals) (AMP)
37618911000001106,Solacutan 3% gel (Mibe Pharma UK Ltd) (AMP)
37619111000001101,Actiq 200microgram lozenges with integral oromucosal applicator (Pilsco Ltd) (AMP)
37620411000001105,Arcoxia 60mg tablets (Pilsco Ltd) (AMP)
37620611000001108,Arcoxia 90mg tablets (Pilsco Ltd) (AMP)
37620811000001107,Arthrotec 50 gastro-resistant tablets (Pilsco Ltd) (AMP)
37632111000001103,Durogesic DTrans 100micrograms/hour transdermal patches (Pilsco Ltd) (AMP)
37632311000001101,Durogesic DTrans 12micrograms/hour transdermal patches (Pilsco Ltd) (AMP)
37632611000001106,Durogesic DTrans 25micrograms/hour transdermal patches (Pilsco Ltd) (AMP)
37632811000001105,Durogesic DTrans 50micrograms/hour transdermal patches (Pilsco Ltd) (AMP)
37633011000001108,Durogesic DTrans 75micrograms/hour transdermal patches (Pilsco Ltd) (AMP)
37674211000001102,Matrifen 12micrograms/hour transdermal patches (Pilsco Ltd) (AMP)
37674611000001100,Matrifen 25micrograms/hour transdermal patches (Pilsco Ltd) (AMP)
37689911000001101,Aceclofenac 100mg tablets (CST Pharma Ltd) (AMP)
37696611000001100,OxyNorm 10mg capsules (Pilsco Ltd) (AMP)
37696811000001101,OxyNorm 20mg capsules (Pilsco Ltd) (AMP)
37697011000001105,OxyNorm 5mg capsules (Pilsco Ltd) (AMP)
37703711000001107,Suboxone 2mg/500microgram sublingual tablets (Ethigen Ltd) (AMP)
37703911000001109,Suboxone 8mg/2mg sublingual tablets (Ethigen Ltd) (AMP)
37704111000001108,Subutex 8mg sublingual tablets (Pilsco Ltd) (AMP)
37704311000001105,Targinact 10mg/5mg modified-release tablets (Pilsco Ltd) (AMP)
37704511000001104,Targinact 20mg/10mg modified-release tablets (Pilsco Ltd) (AMP)
37704711000001109,Targinact 40mg/20mg modified-release tablets (Pilsco Ltd) (AMP)
37704911000001106,Targinact 5mg/2.5mg modified-release tablets (Pilsco Ltd) (AMP)
37723411000001105,Mefenamic acid 500mg tablets (Pilsco Ltd) (AMP)
37760211000001106,Nortriptyline 25mg tablets (DE Pharmaceuticals) (AMP)
37760911000001102,Oxycodone 20mg/2ml solution for injection ampoules (DE Pharmaceuticals) (AMP)
37761111000001106,Oxycodone 50mg/1ml solution for injection ampoules (DE Pharmaceuticals) (AMP)
37761311000001108,Oxycodone 10mg/1ml solution for injection ampoules (DE Pharmaceuticals) (AMP)
37767411000001109,Paracetamol 120mg/5ml oral suspension paediatric (DE Pharmaceuticals) (AMP)
37770711000001109,Paracetamol 500mg effervescent tablets (DE Pharmaceuticals) (AMP)
377711000001106,Naproxen 500mg tablets (Kent Pharma (UK) Ltd) (AMP)
37771411000001107,Paracetamol 250mg/5ml oral suspension (DE Pharmaceuticals) (AMP)
37773211000001107,Pentazocine 50mg capsules (DE Pharmaceuticals) (AMP)
37773411000001106,Pentazocine 25mg tablets (DE Pharmaceuticals) (AMP)
3778011000001102,Zomorph 60mg modified-release capsules (Ethypharm UK Ltd) (AMP)
3778211000001107,MXL 60mg capsules (Napp Pharmaceuticals Ltd) (AMP)
37827811000001104,Tramadol 37.5mg / Paracetamol 325mg tablets (DE Pharmaceuticals) (AMP)
37848611000001101,Co-dydramol 10mg/500mg tablets (M & A Pharmachem Ltd) (AMP)
37851711000001102,Diclofenac 1.16% gel (Typharm Ltd) (AMP)
37853811000001109,Pregabalin 75mg tablets (Neuraxpharm UK Ltd) (AMP)
37854111000001100,Pregabalin 150mg tablets (Neuraxpharm UK Ltd) (AMP)
37854411000001105,Pregabalin 225mg tablets (Neuraxpharm UK Ltd) (AMP)
37857311000001107,Nortriptyline 10mg/5ml oral solution sugar free (Colonis Pharma Ltd) (AMP)
37857611000001102,Nortriptyline 25mg/5ml oral solution sugar free (Colonis Pharma Ltd) (AMP)
37861211000001103,Tramadol 37.5mg / Paracetamol 325mg tablets (Somex Pharma) (AMP)
37862011000001100,Ibuprofen 200mg tablets (Actavis UK Ltd) (AMP)
37863911000001108,Co-dydramol 10mg/500mg tablets (Accord-UK Ltd) (AMP)
37868911000001103,Nortriptyline 10mg/5ml oral solution sugar free (VMP)
37869011000001107,Nortriptyline 25mg/5ml oral solution sugar free (VMP)
37875011000001104,Nortriptyline 10mg/5ml oral solution sugar free (Alliance Healthcare (Distribution) Ltd) (AMP)
37875211000001109,Nortriptyline 25mg/5ml oral solution sugar free (Alliance Healthcare (Distribution) Ltd) (AMP)
37879111000001101,Diclofenac 1.16% gel (Actavis UK Ltd) (AMP)
37893811000001100,Celecoxib 100mg capsules (Drugsrus Ltd) (AMP)
37894011000001108,Celecoxib 200mg capsules (Drugsrus Ltd) (AMP)
37897411000001109,Diclofenac 1% gel (Typharm Ltd) (AMP)
37899411000001100,Diclofenac sodium 1% gel (VMP)
37899511000001101,Diclofenac diethylammonium 1.16% gel (VMP)
37902711000001107,Pregabalin 25mg tablets (Neuraxpharm UK Ltd) (AMP)
37903011000001101,Pregabalin 50mg tablets (Neuraxpharm UK Ltd) (AMP)
37903311000001103,Pregabalin 100mg tablets (Neuraxpharm UK Ltd) (AMP)
37903611000001108,Pregabalin 200mg tablets (Neuraxpharm UK Ltd) (AMP)
37903911000001102,Pregabalin 300mg tablets (Neuraxpharm UK Ltd) (AMP)
37907311000001105,Pregabalin 50mg capsules (Sun Pharma UK Ltd) (AMP)
37907611000001100,Pregabalin 75mg capsules (Sun Pharma UK Ltd) (AMP)
37907811000001101,Pregabalin 100mg capsules (Sun Pharma UK Ltd) (AMP)
37908011000001108,Pregabalin 150mg capsules (Sun Pharma UK Ltd) (AMP)
3790811000001102,Pentazocine 25mg tablets (A A H Pharmaceuticals Ltd) (AMP)
37912611000001101,Diclofenac 1% gel (Accord-UK Ltd) (AMP)
3791311000001101,Pentazocine 25mg tablets (Accord-UK Ltd) (AMP)
3791611000001106,Pentazocine 25mg tablets (Viatris UK Healthcare Ltd) (AMP)
3791911000001100,Pentazocine 25mg tablets (Zentiva Pharma UK Ltd) (AMP)
3792211000001102,Pentazocine 25mg tablets (Alliance Healthcare (Distribution) Ltd) (AMP)
3792511000001104,Fortral 25mg tablets (Zentiva Pharma UK Ltd) (AMP)
37926711000001100,Diclofenac sodium 25mg gastro-resistant tablets (Dexcel-Pharma Ltd) (AMP)
37926911000001103,Diclofenac sodium 50mg gastro-resistant tablets (Dexcel-Pharma Ltd) (AMP)
37927211000001109,Aspirin 75mg gastro-resistant tablets (Dexcel-Pharma Ltd) (AMP)
37929611000001101,Co-codamol 30mg/500mg/5ml oral solution sugar free (Wockhardt UK Ltd) (AMP)
3794211000001106,Pentazocine 50mg capsules (A A H Pharmaceuticals Ltd) (AMP)
37942311000001101,Dihydrocodeine 30mg tablets (Accord-UK Ltd) (AMP)
3794711000001104,Pentazocine 50mg capsules (Accord-UK Ltd) (AMP)
3795111000001101,Pentazocine 50mg capsules (Viatris UK Healthcare Ltd) (AMP)
3795311000001104,Pentazocine 50mg capsules (Kent Pharma (UK) Ltd) (AMP)
3795711000001100,Pentazocine 50mg capsules (Sterwin Medicines) (AMP)
3796011000001106,Pentazocine 50mg capsules (Alliance Healthcare (Distribution) Ltd) (AMP)
37972611000001107,Opiodur 12micrograms/hour transdermal patches (Zentiva Pharma UK Ltd) (AMP)
37973911000001108,Opiodur 25micrograms/hour transdermal patches (Zentiva Pharma UK Ltd) (AMP)
37974911000001105,Opiodur 50micrograms/hour transdermal patches (Zentiva Pharma UK Ltd) (AMP)
37975411000001101,Opiodur 75micrograms/hour transdermal patches (Zentiva Pharma UK Ltd) (AMP)
37975711000001107,Opiodur 100micrograms/hour transdermal patches (Zentiva Pharma UK Ltd) (AMP)
37978711000001100,Nefopam 30mg tablets (Medreich Plc) (AMP)
379811000001106,Dihydrocodeine 30mg tablets (Alliance Healthcare (Distribution) Ltd) (AMP)
37995711000001100,Oxycodone 10mg/1ml solution for injection ampoules (AS Kalceks) (AMP)
37995911000001103,Oxycodone 20mg/2ml solution for injection ampoules (AS Kalceks) (AMP)
37996111000001107,Oxycodone 50mg/1ml solution for injection ampoules (AS Kalceks) (AMP)
37999211000001105,Naproxen 250mg gastro-resistant tablets (Medreich Plc) (AMP)
37999411000001109,Naproxen 375mg gastro-resistant tablets (Medreich Plc) (AMP)
37999611000001107,Naproxen 500mg gastro-resistant tablets (Medreich Plc) (AMP)
37999811000001106,Naproxen 500mg tablets (Genesis Pharmaceuticals Ltd) (AMP)
38013611000001105,Fentanyl 2.5mg/50ml solution for infusion pre-filled syringes (Special Order) (AMP)
38018911000001109,Fentanyl 2.5mg/50ml solution for infusion pre-filled syringes (VMP)
38019511000001108,Pregabalin 100mg tablets (VMP)
38019611000001107,Pregabalin 150mg tablets (VMP)
38019711000001103,Pregabalin 200mg tablets (VMP)
38019811000001106,Pregabalin 225mg tablets (VMP)
38019911000001101,Pregabalin 25mg tablets (VMP)
38020011000001104,Pregabalin 300mg tablets (VMP)
38020111000001103,Pregabalin 50mg tablets (VMP)
38020211000001109,Pregabalin 75mg tablets (VMP)
380611000001107,Codeine 30mg tablets (Sun Pharma UK Ltd) (AMP)
38063911000001100,Co-codamol 30mg/500mg/5ml oral solution sugar free (VMP)
38099211000001109,Matrifen 50micrograms/hour transdermal patches (Pilsco Ltd) (AMP)
38099411000001108,Matrifen 75micrograms/hour transdermal patches (Pilsco Ltd) (AMP)
38099611000001106,Matrifen 100micrograms/hour transdermal patches (Pilsco Ltd) (AMP)
38100411000001108,MST Continus 30mg tablets (Pilsco Ltd) (AMP)
38100611000001106,MST Continus 60mg tablets (Pilsco Ltd) (AMP)
3811000001102,Codeine 15mg tablets (Accord-UK Ltd) (AMP)
38113311000001109,Actiq 200microgram lozenges with integral oromucosal applicator (DE Pharmaceuticals) (AMP)
38113511000001103,Actiq 400microgram lozenges with integral oromucosal applicator (DE Pharmaceuticals) (AMP)
38122811000001103,Brufen Retard 800mg tablets (DE Pharmaceuticals) (AMP)
38124011000001103,BuTrans 10micrograms/hour transdermal patches (DE Pharmaceuticals) (AMP)
38124211000001108,BuTrans 15micrograms/hour transdermal patches (DE Pharmaceuticals) (AMP)
38147611000001101,Lyrica 225mg capsules (DE Pharmaceuticals) (AMP)
38152311000001106,MST Continus 10mg tablets (DE Pharmaceuticals) (AMP)
38152511000001100,MST Continus 30mg tablets (DE Pharmaceuticals) (AMP)
38152711000001105,MST Continus 60mg tablets (DE Pharmaceuticals) (AMP)
38153011000001104,MST Continus 100mg tablets (DE Pharmaceuticals) (AMP)
38153211000001109,MST Continus 200mg tablets (DE Pharmaceuticals) (AMP)
38155311000001100,Neurontin 100mg capsules (DE Pharmaceuticals) (AMP)
38155511000001106,Neurontin 300mg capsules (DE Pharmaceuticals) (AMP)
38158211000001101,OxyContin 15mg modified-release tablets (DE Pharmaceuticals) (AMP)
38158411000001102,OxyContin 30mg modified-release tablets (DE Pharmaceuticals) (AMP)
38158711000001108,OxyContin 60mg modified-release tablets (DE Pharmaceuticals) (AMP)
38158911000001105,OxyNorm liquid 1mg/ml oral solution (DE Pharmaceuticals) (AMP)
38167311000001101,Solpadol 30mg/500mg caplets (DE Pharmaceuticals) (AMP)
38168111000001102,Suboxone 8mg/2mg sublingual tablets (DE Pharmaceuticals) (AMP)
38168311000001100,Targinact 5mg/2.5mg modified-release tablets (DE Pharmaceuticals) (AMP)
38168711000001101,Targinact 10mg/5mg modified-release tablets (DE Pharmaceuticals) (AMP)
38168911000001104,Targinact 20mg/10mg modified-release tablets (DE Pharmaceuticals) (AMP)
38169111000001109,Targinact 40mg/20mg modified-release tablets (DE Pharmaceuticals) (AMP)
38171011000001102,Tramacet 37.5mg/325mg tablets (DE Pharmaceuticals) (AMP)
38235811000001106,Nortriptyline 25mg capsules (Kent Pharma (UK) Ltd) (AMP)
38236211000001104,Nortriptyline 10mg capsules (Kent Pharma (UK) Ltd) (AMP)
38285811000001101,Nortriptyline 10mg capsules (VMP)
38285911000001106,Nortriptyline 25mg capsules (VMP)
382911000001102,Paracetamol 500mg tablets (A A H Pharmaceuticals Ltd) (AMP)
38299711000001105,Pregabalin 225mg capsules (Sun Pharma UK Ltd) (AMP)
38300411000001102,Pregabalin 300mg capsules (Sun Pharma UK Ltd) (AMP)
38337211000001106,Diclofenac 1% gel (Alliance Healthcare (Distribution) Ltd) (AMP)
3834811000001100,Voltarol Ophtha 0.1% eye drops 0.3ml unit dose (Thea Pharmaceuticals Ltd) (AMP)
3836411000001105,Palladone 1.3mg capsules (Napp Pharmaceuticals Ltd) (AMP)
3837511000001106,Palladone 2.6mg capsules (Napp Pharmaceuticals Ltd) (AMP)
3838511000001105,Palladone SR 4mg capsules (Napp Pharmaceuticals Ltd) (AMP)
38411000001101,PostMI 75 EC tablets (Ashbourne Pharmaceuticals Ltd) (AMP)
38411011000001109,Diclo-SR 75mg tablets (Strides Pharma UK Ltd) (AMP)
38419711000001105,Myloxifin 10mg/5mg modified-release tablets (Ridge Pharma Ltd) (AMP)
38419911000001107,Myloxifin 20mg/10mg modified-release tablets (Ridge Pharma Ltd) (AMP)
38420111000001105,Myloxifin 5mg/2.5mg modified-release tablets (Ridge Pharma Ltd) (AMP)
38420311000001107,Myloxifin 40mg/20mg modified-release tablets (Ridge Pharma Ltd) (AMP)
38424811000001108,Buprenorphine 400microgram sublingual tablets sugar free (Morningside Healthcare Ltd) (AMP)
38453311000001100,Oxyact 10mg tablets (G.L. Pharma UK Ltd) (AMP)
38455911000001103,Oxyact 20mg tablets (G.L. Pharma UK Ltd) (AMP)
38456711000001108,Oxyact 5mg tablets (G.L. Pharma UK Ltd) (AMP)
38485611000001101,Codasolve 8mg/500mg/30mg effervescent tablets (Kent Pharma (UK) Ltd) (AMP)
385011000001106,Piroxicam 10mg capsules (Alliance Healthcare (Distribution) Ltd) (AMP)
38525011000001108,Co-codamol 8mg/500mg effervescent tablets sugar free (Accord-UK Ltd) (AMP)
38529111000001106,Levobupivacaine 100mg/100ml / Fentanyl 200micrograms/100ml infusion bags (Special Order) (AMP)
38555211000001104,Co-codamol 8mg/500mg effervescent tablets sugar free (VMP)
38555311000001107,Generic Codasolve 8mg/500mg/30mg effervescent tablets sugar free (VMP)
38559411000001102,Levobupivacaine 100mg/100ml / Fentanyl 200micrograms/100ml infusion bags (VMP)
38561311000001100,Co-codamol 30mg/500mg/5ml oral solution sugar free (A A H Pharmaceuticals Ltd) (AMP)
38620211000001101,Tramadol 50mg capsules (Brown & Burk UK Ltd) (AMP)
38622111000001106,Buprenorphine 2mg sublingual tablets sugar free (Morningside Healthcare Ltd) (AMP)
38622711000001107,Buprenorphine 8mg sublingual tablets sugar free (Morningside Healthcare Ltd) (AMP)
386511000001105,Defanac 25mg gastro-resistant tablets (Sun Pharma UK Ltd) (AMP)
3865511000001109,Methadone 2mg/5ml linctus (A A H Pharmaceuticals Ltd) (AMP)
3866111000001106,Methadone 2mg/5ml linctus (Thornton & Ross Ltd) (AMP)
3866711000001107,Methadone 2mg/5ml linctus (Alliance Healthcare (Distribution) Ltd) (AMP)
38686511000001109,Pregabalin 25mg tablets (A A H Pharmaceuticals Ltd) (AMP)
38686711000001104,Pregabalin 50mg tablets (A A H Pharmaceuticals Ltd) (AMP)
38686911000001102,Pregabalin 100mg tablets (A A H Pharmaceuticals Ltd) (AMP)
38687111000001102,Pregabalin 150mg tablets (A A H Pharmaceuticals Ltd) (AMP)
38687311000001100,Pregabalin 200mg tablets (A A H Pharmaceuticals Ltd) (AMP)
38687511000001106,Pregabalin 225mg tablets (A A H Pharmaceuticals Ltd) (AMP)
38687711000001101,Pregabalin 300mg tablets (A A H Pharmaceuticals Ltd) (AMP)
3869111000001103,Nurofen Meltlets 200mg tablets (Reckitt Benckiser Healthcare (UK) Ltd) (AMP)
38692711000001102,Nurofen for Children 200mg/5ml oral suspension orange (Reckitt Benckiser Healthcare (UK) Ltd) (AMP)
38692911000001100,Nurofen for Children 200mg/5ml oral suspension strawberry (Reckitt Benckiser Healthcare (UK) Ltd) (AMP)
3869411000001108,Palladone SR 2mg capsules (Napp Pharmaceuticals Ltd) (AMP)
38695211000001104,Ibuprofen 400mg tablets (Noumed Life Sciences Ltd) (AMP)
38695411000001100,Ibuprofen 200mg tablets (Noumed Life Sciences Ltd) (AMP)
3870411000001105,Palladone SR 8mg capsules (Napp Pharmaceuticals Ltd) (AMP)
387211000001109,Indometacin 25mg capsules (Alliance Healthcare (Distribution) Ltd) (AMP)
38728711000001102,Rebrikel 5micrograms/hour transdermal patches (Zentiva Pharma UK Ltd) (AMP)
38741511000001100,Co-codamol 8mg/500mg effervescent tablets sugar free (A A H Pharmaceuticals Ltd) (AMP)
38742611000001107,Paracetamol 1g suppositories (Alliance Healthcare (Distribution) Ltd) (AMP)
38743511000001101,Pregabalin 75mg tablets (A A H Pharmaceuticals Ltd) (AMP)
38745611000001103,Rebrikel 10micrograms/hour transdermal patches (Zentiva Pharma UK Ltd) (AMP)
38746011000001101,Rebrikel 20micrograms/hour transdermal patches (Zentiva Pharma UK Ltd) (AMP)
38752211000001108,Oxycodone 10mg tablets (VMP)
38752311000001100,Oxycodone 20mg tablets (VMP)
38752411000001107,Oxycodone 5mg tablets (VMP)
3875511000001104,Ibuprofen 200mg orodispersible tablets sugar free (VMP)
38763711000001104,Aceclofenac 100mg tablets (Medihealth (Northern) Ltd) (AMP)
38783111000001102,Amitriptyline 25mg/5ml oral solution sugar free (Medihealth (Northern) Ltd) (AMP)
38783611000001105,Amitriptyline 10mg/5ml oral solution sugar free (Medihealth (Northern) Ltd) (AMP)
38784011000001101,Amitriptyline 25mg tablets (Medihealth (Northern) Ltd) (AMP)
38784211000001106,Amitriptyline 50mg tablets (Medihealth (Northern) Ltd) (AMP)
38784411000001105,Amitriptyline 50mg/5ml oral solution sugar free (Medihealth (Northern) Ltd) (AMP)
38784611000001108,Amitriptyline 10mg tablets (Medihealth (Northern) Ltd) (AMP)
38796211000001102,Aspirin 300mg dispersible tablets (Medihealth (Northern) Ltd) (AMP)
38796411000001103,Aspirin 300mg tablets (Medihealth (Northern) Ltd) (AMP)
38796611000001100,Aspirin 75mg dispersible tablets (Medihealth (Northern) Ltd) (AMP)
38796811000001101,Aspirin 75mg tablets (Medihealth (Northern) Ltd) (AMP)
38797111000001106,Aspirin 300mg gastro-resistant tablets (Medihealth (Northern) Ltd) (AMP)
38797311000001108,Aspirin 75mg gastro-resistant tablets (Medihealth (Northern) Ltd) (AMP)
38801811000001106,Oxyargin 10mg/5mg modified-release tablets (Viatris UK Healthcare Ltd) (AMP)
38802411000001104,Oxyargin 20mg/10mg modified-release tablets (Viatris UK Healthcare Ltd) (AMP)
38802811000001102,Oxyargin 40mg/20mg modified-release tablets (Viatris UK Healthcare Ltd) (AMP)
38803111000001103,Oxyargin 5mg/2.5mg modified-release tablets (Viatris UK Healthcare Ltd) (AMP)
38811311000001100,Brimisol PR 200mg tablets (Bristol Laboratories Ltd) (AMP)
38813511000001105,Buprenorphine 400microgram sublingual tablets sugar free (Medihealth (Northern) Ltd) (AMP)
38813711000001100,Buprenorphine 2mg sublingual tablets sugar free (Medihealth (Northern) Ltd) (AMP)
38813911000001103,Buprenorphine 8mg sublingual tablets sugar free (Medihealth (Northern) Ltd) (AMP)
38814511000001108,Buprenorphine 2mg / Naloxone 500microgram sublingual tablets sugar free (Medihealth (Northern) Ltd) (AMP)
38814811000001106,Buprenorphine 8mg / Naloxone 2mg sublingual tablets sugar free (Medihealth (Northern) Ltd) (AMP)
3881611000001107,Zomorph 100mg modified-release capsules (Ethypharm UK Ltd) (AMP)
3881711000001103,Morcap SR 20mg capsules (Hospira UK Ltd) (AMP)
3882211000001103,Morcap SR 100mg capsules (Hospira UK Ltd) (AMP)
3882611000001101,MXL 90mg capsules (Napp Pharmaceuticals Ltd) (AMP)
38826811000001106,Celecoxib 200mg capsules (Medihealth (Northern) Ltd) (AMP)
38827111000001101,Celecoxib 100mg capsules (Medihealth (Northern) Ltd) (AMP)
3882911000001107,MXL 150mg capsules (Napp Pharmaceuticals Ltd) (AMP)
3883211000001109,MXL 120mg capsules (Napp Pharmaceuticals Ltd) (AMP)
3884611000001109,Cyclimorph 15 solution for injection 1ml ampoules (Advanz Pharma) (AMP)
38848711000001102,Co-codamol 30mg/500mg/5ml oral solution sugar free (Alliance Healthcare (Distribution) Ltd) (AMP)
38849711000001106,Pregabalin 100mg tablets (Alliance Healthcare (Distribution) Ltd) (AMP)
38849911000001108,Pregabalin 150mg tablets (Alliance Healthcare (Distribution) Ltd) (AMP)
38850111000001103,Pregabalin 200mg tablets (Alliance Healthcare (Distribution) Ltd) (AMP)
38850311000001101,Pregabalin 225mg tablets (Alliance Healthcare (Distribution) Ltd) (AMP)
38850711000001102,Pregabalin 25mg tablets (Alliance Healthcare (Distribution) Ltd) (AMP)
3885111000001102,Cyclimorph 10 solution for injection 1ml ampoules (Advanz Pharma) (AMP)
38851111000001109,Pregabalin 300mg tablets (Alliance Healthcare (Distribution) Ltd) (AMP)
38851311000001106,Pregabalin 50mg tablets (Alliance Healthcare (Distribution) Ltd) (AMP)
38851911000001107,Pregabalin 75mg tablets (Alliance Healthcare (Distribution) Ltd) (AMP)
38853311000001107,Diclofenac 1% gel (A A H Pharmaceuticals Ltd) (AMP)
38854711000001108,Co-codamol 8mg/500mg effervescent tablets (Medihealth (Northern) Ltd) (AMP)
38854911000001105,Co-codamol 8mg/500mg capsules (Medihealth (Northern) Ltd) (AMP)
38855311000001108,Co-codamol 8mg/500mg tablets (Medihealth (Northern) Ltd) (AMP)
38856111000001100,Co-dydramol 10mg/500mg tablets (Medihealth (Northern) Ltd) (AMP)
38856911000001102,Co-dydramol 20mg/500mg tablets (Medihealth (Northern) Ltd) (AMP)
38857311000001100,Co-codamol 30mg/500mg tablets (Medihealth (Northern) Ltd) (AMP)
38857711000001101,Co-dydramol 30mg/500mg tablets (Medihealth (Northern) Ltd) (AMP)
38858011000001102,Co-codamol 30mg/500mg caplets (Medihealth (Northern) Ltd) (AMP)
38858411000001106,Co-codamol 15mg/500mg capsules (Medihealth (Northern) Ltd) (AMP)
38859811000001101,Co-codamol 30mg/500mg capsules (Medihealth (Northern) Ltd) (AMP)
38860011000001108,Codeine 15mg/5ml linctus sugar free (Medihealth (Northern) Ltd) (AMP)
38862111000001108,Codeine 30mg tablets (Medihealth (Northern) Ltd) (AMP)
38869711000001103,Diclofenac potassium 50mg tablets (Medihealth (Northern) Ltd) (AMP)
38869911000001101,Diclofenac sodium 25mg gastro-resistant tablets (Medihealth (Northern) Ltd) (AMP)
38870111000001101,Diclofenac sodium 50mg gastro-resistant tablets (Medihealth (Northern) Ltd) (AMP)
38872711000001101,Dihydrocodeine 30mg tablets (Medihealth (Northern) Ltd) (AMP)
38895511000001108,Morphine sulfate 15mg/1ml solution for injection ampoules (VMP)
38896411000001100,Codeine 15mg/5ml linctus sugar free (VMP)
38902311000001104,Etoricoxib 120mg tablets (Medihealth (Northern) Ltd) (AMP)
38902611000001109,Etoricoxib 30mg tablets (Medihealth (Northern) Ltd) (AMP)
38902811000001108,Etoricoxib 60mg tablets (Medihealth (Northern) Ltd) (AMP)
38903011000001106,Etoricoxib 90mg tablets (Medihealth (Northern) Ltd) (AMP)
38910911000001104,Sevodyne 15micrograms/hour transdermal patches (Aspire Pharma Ltd) (AMP)
38911111000001108,Mezolar Matrix 12micrograms/hour transdermal patches (Pilsco Ltd) (AMP)
38911311000001105,Mezolar Matrix 25micrograms/hour transdermal patches (Pilsco Ltd) (AMP)
38911511000001104,Mezolar Matrix 50micrograms/hour transdermal patches (Pilsco Ltd) (AMP)
38911711000001109,Mezolar Matrix 75micrograms/hour transdermal patches (Pilsco Ltd) (AMP)
38911911000001106,Mezolar Matrix 100micrograms/hour transdermal patches (Pilsco Ltd) (AMP)
38920811000001101,Flurbiprofen 100mg tablets (Medihealth (Northern) Ltd) (AMP)
38928311000001107,Gabapentin 100mg capsules (Medihealth (Northern) Ltd) (AMP)
38928511000001101,Gabapentin 300mg capsules (Medihealth (Northern) Ltd) (AMP)
38928711000001106,Gabapentin 400mg capsules (Medihealth (Northern) Ltd) (AMP)
38928911000001108,Gabapentin 600mg tablets (Medihealth (Northern) Ltd) (AMP)
38929111000001103,Gabapentin 800mg tablets (Medihealth (Northern) Ltd) (AMP)
38929311000001101,Gabapentin 50mg/ml oral solution sugar free (Medihealth (Northern) Ltd) (AMP)
38938711000001109,Pregabalin 25mg capsules (Relonchem Ltd) (AMP)
38939511000001105,Pregabalin 50mg capsules (Relonchem Ltd) (AMP)
38940111000001105,Pregabalin 75mg capsules (Relonchem Ltd) (AMP)
38940711000001106,Pregabalin 100mg capsules (Relonchem Ltd) (AMP)
38940911000001108,Pregabalin 150mg capsules (Relonchem Ltd) (AMP)
38941111000001104,Pregabalin 200mg capsules (Relonchem Ltd) (AMP)
38941711000001103,Pregabalin 225mg capsules (Relonchem Ltd) (AMP)
38941911000001101,Pregabalin 300mg capsules (Relonchem Ltd) (AMP)
389511000001100,Arthrofen 200 tablets (Ashbourne Pharmaceuticals Ltd) (AMP)
38953411000001105,Morphine sulfate 10mg/10ml solution for injection ampoules (A A H Pharmaceuticals Ltd) (AMP)
38956411000001100,Pethidine 50mg tablets (Imported) (AMP)
38957111000001108,Nabumetone 500mg tablets (Imported) (AMP)
38968711000001103,Ibuprofen 200mg tablets (Medihealth (Northern) Ltd) (AMP)
3897311000001109,Morphine tartrate 10mg/1ml / Cyclizine tartrate 50mg/1ml solution for injection ampoules (VMP)
3897411000001102,Morphine tartrate 15mg/1ml / Cyclizine tartrate 50mg/1ml solution for injection ampoules (VMP)
38991111000001109,Ibuprofen 400mg tablets (Medihealth (Northern) Ltd) (AMP)
38991811000001102,Ibuprofen 600mg tablets (Medihealth (Northern) Ltd) (AMP)
38992011000001100,Ibuprofen 10% gel (Medihealth (Northern) Ltd) (AMP)
38992411000001109,Ibuprofen 5% gel (Medihealth (Northern) Ltd) (AMP)
38997011000001103,Ibuprofen 100mg/5ml oral suspension sugar free (Medihealth (Northern) Ltd) (AMP)
39000711000001105,Indometacin 25mg capsules (Medihealth (Northern) Ltd) (AMP)
39000911000001107,Indometacin 50mg capsules (Medihealth (Northern) Ltd) (AMP)
39009511000001108,Ketoprofen 2.5% gel (Medihealth (Northern) Ltd) (AMP)
39024511000001101,Diclofenac sodium 75mg modified-release tablets (VMP)
39024611000001102,Paracetamol 250mg/5ml oral suspension sugar free (VMP)
39024711000001106,Paracetamol 120mg/5ml oral suspension paediatric sugar free (VMP)
39024911000001108,Indometacin 25mg modified-release capsules (VMP)
39025411000001104,Paracetamol 120mg/5ml oral solution paediatric sugar free (VMP)
390311000001101,Indometacin 100mg suppositories (Alliance Healthcare (Distribution) Ltd) (AMP)
39033511000001101,Ibuprofen 400mg/100ml infusion bags (Dr Reddy's Laboratories (UK) Ltd) (AMP)
39035311000001108,Mefenamic acid 250mg capsules (Medihealth (Northern) Ltd) (AMP)
39035511000001102,Mefenamic acid 500mg tablets (Medihealth (Northern) Ltd) (AMP)
39035911000001109,Meloxicam 15mg tablets (Medihealth (Northern) Ltd) (AMP)
39036111000001100,Meloxicam 7.5mg tablets (Medihealth (Northern) Ltd) (AMP)
39051211000001102,Morphine sulfate 10mg/5ml oral solution (Medihealth (Northern) Ltd) (AMP)
39052111000001103,Nefopam 30mg tablets (Medihealth (Northern) Ltd) (AMP)
39053211000001103,Nabumetone 500mg tablets (Medihealth (Northern) Ltd) (AMP)
39053611000001101,Naproxen 250mg tablets (Medihealth (Northern) Ltd) (AMP)
39053811000001102,Naproxen 375mg gastro-resistant tablets (Medihealth (Northern) Ltd) (AMP)
39054011000001105,Naproxen 500mg tablets (Medihealth (Northern) Ltd) (AMP)
39054211000001100,Naproxen 250mg gastro-resistant tablets (Medihealth (Northern) Ltd) (AMP)
39054411000001101,Naproxen 500mg gastro-resistant tablets (Medihealth (Northern) Ltd) (AMP)
39061111000001102,Nortriptyline 50mg tablets (Medihealth (Northern) Ltd) (AMP)
39061311000001100,Nortriptyline 10mg tablets (Medihealth (Northern) Ltd) (AMP)
39061511000001106,Nortriptyline 25mg tablets (Medihealth (Northern) Ltd) (AMP)
39070911000001102,Paracetamol 500mg tablets (Medihealth (Northern) Ltd) (AMP)
39071111000001106,Paracetamol 120mg/5ml oral solution paediatric sugar free (Medihealth (Northern) Ltd) (AMP)
39071411000001101,Paracetamol 500mg caplets (Medihealth (Northern) Ltd) (AMP)
39071911000001109,Paracetamol 500mg suppositories (Medihealth (Northern) Ltd) (AMP)
39072711000001100,Oxycodone 10mg/1ml solution for injection ampoules (Medihealth (Northern) Ltd) (AMP)
39072911000001103,Oxycodone 20mg/2ml solution for injection ampoules (Medihealth (Northern) Ltd) (AMP)
39073111000001107,Oxycodone 50mg/1ml solution for injection ampoules (Medihealth (Northern) Ltd) (AMP)
39073311000001109,Oxycodone 10mg/ml oral solution sugar free (Medihealth (Northern) Ltd) (AMP)
39073511000001103,Oxycodone 5mg/5ml oral solution sugar free (Medihealth (Northern) Ltd) (AMP)
39081211000001105,Nortriptyline 10mg capsules (Alliance Healthcare (Distribution) Ltd) (AMP)
39081411000001109,Nortriptyline 25mg capsules (Alliance Healthcare (Distribution) Ltd) (AMP)
39108111000001104,Ibuprofen 100mg/5ml oral suspension sugar free (VMP)
39109711000001107,Etodolac 600mg modified-release tablets (VMP)
39110311000001101,Ibuprofen 800mg modified-release tablets (VMP)
39112411000001109,Dihydrocodeine 60mg modified-release tablets (VMP)
39112511000001108,Dihydrocodeine 90mg modified-release tablets (VMP)
39112611000001107,Dihydrocodeine 120mg modified-release tablets (VMP)
39122311000001105,MST Continus 60mg tablets (CST Pharma Ltd) (AMP)
39122511000001104,MST Continus 100mg tablets (CST Pharma Ltd) (AMP)
39137311000001105,Voltarol 12 Hour Emulgel P 2.32% gel (Pilsco Ltd) (AMP)
39143711000001103,Alfentanil 5mg/10ml solution for injection ampoules (AS Kalceks) (AMP)
39143911000001101,Alfentanil 1mg/2ml solution for injection ampoules (AS Kalceks) (AMP)
39145611000001106,Tramadol 100mg/2ml solution for injection ampoules (AS Kalceks) (AMP)
39146511000001100,Morphine sulfate 15mg/1ml solution for injection ampoules (AS Kalceks) (AMP)
39146711000001105,Morphine sulfate 10mg/1ml solution for injection ampoules (AS Kalceks) (AMP)
39146811000001102,Morphine sulfate 30mg/1ml solution for injection ampoules (AS Kalceks) (AMP)
3915411000001104,Nurofen Plus tablets (Reckitt Benckiser Healthcare (UK) Ltd) (AMP)
39161211000001102,Ibuprofen 400mg/100ml infusion bags (VMP)
3916211000001109,Solpaflex tablets (Haleon UK Trading Ltd) (AMP)
39162411000001108,Piroxicam 10mg capsules (Medihealth (Northern) Ltd) (AMP)
39162711000001102,Piroxicam 20mg capsules (Medihealth (Northern) Ltd) (AMP)
39162911000001100,Piroxicam 0.5% gel (Medihealth (Northern) Ltd) (AMP)
39171511000001108,Paracetamol 500mg capsules (Medihealth (Northern) Ltd) (AMP)
39172411000001104,Paracetamol 500mg effervescent tablets (Medihealth (Northern) Ltd) (AMP)
39172611000001101,Paracetamol 250mg/5ml oral suspension (Medihealth (Northern) Ltd) (AMP)
39173211000001109,Paracetamol 500mg/5ml oral suspension sugar free (Medihealth (Northern) Ltd) (AMP)
39173711000001102,Paracetamol 120mg/5ml oral suspension paediatric sugar free (Medihealth (Northern) Ltd) (AMP)
39174311000001104,Paracetamol 250mg/5ml oral suspension sugar free (Medihealth (Northern) Ltd) (AMP)
39174611000001109,Paracetamol 500mg soluble tablets (Medihealth (Northern) Ltd) (AMP)
3917611000001108,Nurofen 200mg liquid capsules (Reckitt Benckiser Healthcare (UK) Ltd) (AMP)
39178011000001106,Pentazocine 25mg tablets (Medihealth (Northern) Ltd) (AMP)
39178211000001101,Pregabalin 200mg capsules (Medihealth (Northern) Ltd) (AMP)
39178411000001102,Pregabalin 20mg/ml oral solution sugar free (Medihealth (Northern) Ltd) (AMP)
39178611000001104,Pregabalin 225mg capsules (Medihealth (Northern) Ltd) (AMP)
39178811000001100,Pregabalin 25mg capsules (Medihealth (Northern) Ltd) (AMP)
39179111000001100,Pregabalin 300mg capsules (Medihealth (Northern) Ltd) (AMP)
39180311000001103,Pregabalin 100mg capsules (Medihealth (Northern) Ltd) (AMP)
39180511000001109,Pregabalin 150mg capsules (Medihealth (Northern) Ltd) (AMP)
39180711000001104,Pregabalin 50mg capsules (Medihealth (Northern) Ltd) (AMP)
39180911000001102,Pregabalin 75mg capsules (Medihealth (Northern) Ltd) (AMP)
39182911000001103,Pregabalin 50mg capsules (Bristol Laboratories Ltd) (AMP)
39183111000001107,Pregabalin 100mg capsules (Bristol Laboratories Ltd) (AMP)
39183411000001102,Pregabalin 150mg capsules (Bristol Laboratories Ltd) (AMP)
39183611000001104,Pregabalin 200mg capsules (Bristol Laboratories Ltd) (AMP)
39186011000001103,Pethidine 50mg tablets (Medihealth (Northern) Ltd) (AMP)
3918911000001101,Anadin Ultra 200mg capsules (Haleon UK Trading Ltd) (AMP)
39206611000001109,Codeine 15mg tablets (Medihealth (Northern) Ltd) (AMP)
392111000001104,Pardelprin MR 75mg capsules (Actavis UK Ltd) (AMP)
39218711000001103,Nefopam 30mg tablets (Brown & Burk UK Ltd) (AMP)
39250111000001106,Pregabalin 25mg capsules (Bristol Laboratories Ltd) (AMP)
39250511000001102,Pregabalin 75mg capsules (Bristol Laboratories Ltd) (AMP)
39258411000001103,Sulindac 100mg tablets (Medihealth (Northern) Ltd) (AMP)
39258711000001109,Sulindac 200mg tablets (Medihealth (Northern) Ltd) (AMP)
39320911000001104,Codeine 60mg tablets (Medihealth (Northern) Ltd) (AMP)
393211000001104,Mefenamic acid 500mg tablets (Alliance Healthcare (Distribution) Ltd) (AMP)
39327711000001100,Diclofenac 1% gel (Medihealth (Northern) Ltd) (AMP)
39356911000001102,Pregabalin 150mg capsules (Noumed Life Sciences Ltd) (AMP)
394011000001106,MST Continus 200mg tablets (Napp Pharmaceuticals Ltd) (AMP)
39407011000001100,Longtec 30mg modified-release tablets (Pilsco Ltd) (AMP)
39407211000001105,Longtec 40mg modified-release tablets (Pilsco Ltd) (AMP)
39407411000001109,Longtec 80mg modified-release tablets (Pilsco Ltd) (AMP)
39407611000001107,Longtec 120mg modified-release tablets (Pilsco Ltd) (AMP)
39411000001109,Ketoprofen 100mg capsules (Viatris UK Healthcare Ltd) (AMP)
39413511000001100,Paracetamol 500mg tablets (Flamingo Pharma (UK) Ltd) (AMP)
39414411000001101,Ibuprofen 200mg tablets (Flamingo Pharma (UK) Ltd) (AMP)
39415111000001105,Ibuprofen 400mg tablets (Flamingo Pharma (UK) Ltd) (AMP)
394411000001102,Co-codamol 8mg/500mg effervescent tablets (Zentiva Pharma UK Ltd) (AMP)
39476211000001101,Pregabalin 225mg capsules (Bristol Laboratories Ltd) (AMP)
39492211000001105,Pregabalin 20mg/ml oral solution sugar free (Aristo Pharma Ltd) (AMP)
3953411000001109,Motifene 75mg modified-release capsules (Glenwood GmbH) (AMP)
39558211000001109,Paracetamol 250mg/5ml oral suspension sugar free (Crescent Pharma Ltd) (AMP)
39560011000001105,Fennings Paracetamol 120mg/5ml oral suspension (Crescent Pharma Ltd) (AMP)
39560211000001100,Fennings Paracetamol 250mg/5ml oral suspension (Crescent Pharma Ltd) (AMP)
39574111000001107,Methadone 5mg tablets (Martindale Pharmaceuticals Ltd) (AMP)
39584511000001108,Ationdo SR 50mg tablets (Grunenthal Ltd) (AMP)
39584711000001103,Ationdo SR 100mg tablets (Grunenthal Ltd) (AMP)
39585511000001109,Ationdo SR 150mg tablets (Grunenthal Ltd) (AMP)
39585711000001104,Ationdo SR 200mg tablets (Grunenthal Ltd) (AMP)
39585911000001102,Ationdo SR 250mg tablets (Grunenthal Ltd) (AMP)
39611611000001102,Methadone 5mg tablets (Alliance Healthcare (Distribution) Ltd) (AMP)
396311000001103,Oruvail IM 100mg/2ml solution for injection ampoules (Sanofi) (AMP)
396511000001109,Diamorphine 10mg tablets (Alliance Healthcare (Distribution) Ltd) (AMP)
396811000001107,Naproxen 500mg tablets (A A H Pharmaceuticals Ltd) (AMP)
39689711000001107,Dipipanone 10mg / Cyclizine 30mg tablets (VMP)
39690211000001106,Dexketoprofen 25mg tablets (VMP)
39690311000001103,Co-proxamol 32.5mg/325mg tablets (VMP)
39690411000001105,Paracetamol 500mg / Diphenhydramine 25mg tablets (VMP)
39692711000001100,Nortriptyline 30mg / Fluphenazine 1.5mg tablets (VMP)
39692911000001103,Nortriptyline 10mg / Fluphenazine 500microgram tablets (VMP)
39693611000001104,Ibuprofen 200mg / Pseudoephedrine hydrochloride 30mg tablets (VMP)
39695111000001108,Co-codaprin 8mg/400mg dispersible tablets (VMP)
39695211000001102,Aspirin 300mg dispersible tablets (VMP)
39695311000001105,Aspirin 500mg / Papaveretum 7.71mg dispersible tablets sugar free (VMP)
39700411000001101,Meptazinol 200mg tablets (VMP)
39700511000001102,Paracetamol 500mg / Metoclopramide 5mg tablets (VMP)
39701411000001105,Nortriptyline 10mg tablets (VMP)
39701511000001109,Nortriptyline 25mg tablets (VMP)
39702511000001101,Pethidine 50mg tablets (VMP)
39707511000001103,Kaolin light 1.5g/5ml / Codeine 5mg/5ml oral suspension sugar free (VMP)
39708511000001104,Dihydrocodeine 30mg tablets (VMP)
39708711000001109,Dihydrocodeine 40mg tablets (VMP)
39709911000001103,Diclofenac 50mg dispersible tablets sugar free (VMP)
39711611000001106,Fentanyl 40micrograms/dose transdermal system (VMP)
39714911000001102,Tramadol 50mg soluble tablets sugar free (VMP)
39718711000001107,Meptazinol 100mg/1ml solution for injection ampoules (VMP)
39719311000001102,Nabumetone 500mg dispersible tablets sugar free (VMP)
39720311000001101,Paracetamol 500mg soluble tablets (VMP)
39720511000001107,Paracetamol 500mg / Caffeine 65mg effervescent tablets sugar free (VMP)
39721011000001108,Piroxicam 10mg dispersible tablets (VMP)
39721211000001103,Piroxicam 20mg dispersible tablets (VMP)
39731711000001107,Amitriptyline 10mg / Perphenazine 2mg tablets (VMP)
39731811000001104,Amitriptyline 25mg / Perphenazine 2mg tablets (VMP)
39737111000001104,Ibuprofen 400mg capsules (Resolution Chemicals Ltd) (AMP)
397811000001109,Diamorphine 100mg powder for solution for injection ampoules (Alliance Healthcare (Distribution) Ltd) (AMP)
3978211000001104,Ocufen 0.03% eye drops 0.4ml unit dose (AbbVie Ltd) (AMP)
3979111000001103,Ebretin 200mg capsules (Sun Pharma UK Ltd) (AMP)
3979611000001106,Ebretin 300mg capsules (Sun Pharma UK Ltd) (AMP)
39815511000001107,Methadone 5mg tablets (A A H Pharmaceuticals Ltd) (AMP)
3982611000001107,Fentanyl 100micrograms/2ml solution for injection ampoules (A A H Pharmaceuticals Ltd) (AMP)
3982811000001106,Sublimaze 100micrograms/2ml solution for injection ampoules (Janssen-Cilag Ltd) (AMP)
3983011000001109,Fentanyl 100micrograms/2ml solution for injection ampoules (Martindale Pharmaceuticals Ltd) (AMP)
39847111000001102,Codeine 25mg/5ml oral solution (Medihealth (Northern) Ltd) (AMP)
39858211000001105,Longtec 20mg modified-release tablets (CST Pharma Ltd) (AMP)
39858411000001109,Longtec 10mg modified-release tablets (CST Pharma Ltd) (AMP)
3986711000001104,Pamergan P100 solution for injection 2ml ampoules (Martindale Pharmaceuticals Ltd) (AMP)
3987111000001102,Dihydrocodeine 50mg/1ml solution for injection ampoules (A A H Pharmaceuticals Ltd) (AMP)
39879911000001107,Meloxicam 15mg orodispersible tablets sugar free (Alliance Healthcare (Distribution) Ltd) (AMP)
39880111000001109,Meloxicam 7.5mg orodispersible tablets sugar free (Alliance Healthcare (Distribution) Ltd) (AMP)
39885011000001102,Nortriptyline 10mg capsules (Medihealth (Northern) Ltd) (AMP)
39885211000001107,Nortriptyline 25mg capsules (Medihealth (Northern) Ltd) (AMP)
39887111000001105,Paracetamol 125mg suppositories (Medihealth (Northern) Ltd) (AMP)
39887711000001106,Pentazocine 50mg capsules (Medihealth (Northern) Ltd) (AMP)
3988811000001108,Dihydrocodeine 50mg/1ml solution for injection ampoules (Martindale Pharmaceuticals Ltd) (AMP)
39888511000001102,Pregabalin 100mg tablets (Medihealth (Northern) Ltd) (AMP)
39888711000001107,Pregabalin 150mg tablets (Medihealth (Northern) Ltd) (AMP)
39888911000001109,Pregabalin 200mg tablets (Medihealth (Northern) Ltd) (AMP)
39889111000001104,Pregabalin 225mg tablets (Medihealth (Northern) Ltd) (AMP)
39889311000001102,Pregabalin 25mg tablets (Medihealth (Northern) Ltd) (AMP)
39889511000001108,Pregabalin 300mg tablets (Medihealth (Northern) Ltd) (AMP)
39889711000001103,Pregabalin 50mg tablets (Medihealth (Northern) Ltd) (AMP)
39889911000001101,Pregabalin 75mg tablets (Medihealth (Northern) Ltd) (AMP)
39891711000001103,Paracetamol 500mg tablets (Ipca Laboratories UK Ltd) (AMP)
3989911000001106,Dihydrocodeine 50mg/1ml solution for injection ampoules (Alliance Healthcare (Distribution) Ltd) (AMP)
39914711000001105,Tramadol 37.5mg / Paracetamol 325mg tablets (Medihealth (Northern) Ltd) (AMP)
39915011000001107,Tramadol 50mg capsules (Medihealth (Northern) Ltd) (AMP)
3991511000001104,Diocalm Dual Action chewable tablets (SSL International Plc) (AMP)
39932111000001108,Pregabalin 75mg capsules (Dr Reddy's Laboratories (UK) Ltd) (AMP)
39932311000001105,Pregabalin 100mg capsules (Dr Reddy's Laboratories (UK) Ltd) (AMP)
39932511000001104,Pregabalin 150mg capsules (Dr Reddy's Laboratories (UK) Ltd) (AMP)
39932711000001109,Pregabalin 225mg capsules (Dr Reddy's Laboratories (UK) Ltd) (AMP)
39932911000001106,Pregabalin 200mg capsules (Dr Reddy's Laboratories (UK) Ltd) (AMP)
39933111000001102,Pregabalin 300mg capsules (Dr Reddy's Laboratories (UK) Ltd) (AMP)
3996111000001104,Galprofen Long Lasting 200mg capsules (Galpharm International Ltd) (AMP)
3996611000001107,Ultramol Soluble tablets (Zentiva Pharma UK Ltd) (AMP)
39968211000001108,Zydol SR 200mg tablets (CST Pharma Ltd) (AMP)
39969111000001109,Longtec 40mg modified-release tablets (CST Pharma Ltd) (AMP)
39977211000001102,Ibuprofen 400mg tablets (Accord-UK Ltd) (AMP)
40013611000001106,Pregabalin 25mg capsules (Dr Reddy's Laboratories (UK) Ltd) (AMP)
40013811000001105,Pregabalin 50mg capsules (Dr Reddy's Laboratories (UK) Ltd) (AMP)
4001411000001107,Palladone SR 16mg capsules (Napp Pharmaceuticals Ltd) (AMP)
40033711000001109,Co-codamol 8mg/500mg capsules (Zentiva Pharma UK Ltd) (AMP)
4004111000001104,Palladone SR 24mg capsules (Napp Pharmaceuticals Ltd) (AMP)
4006711000001107,Co-codamol 30mg/500mg capsules (Kent Pharma (UK) Ltd) (AMP)
4007811000001102,Ibuprofen 5% gel (Kent Pharma (UK) Ltd) (AMP)
40088711000001106,Diclofenac sodium 3% gel (A A H Pharmaceuticals Ltd) (AMP)
400911000001108,Zamadol 50mg capsules (Viatris UK Healthcare Ltd) (AMP)
40091911000001100,Amitriptyline 10mg tablets (Flamingo Pharma (UK) Ltd) (AMP)
40092111000001108,Amitriptyline 50mg tablets (Flamingo Pharma (UK) Ltd) (AMP)
4009611000001106,Generic Ultramol Soluble tablets sugar free (VMP)
40116611000001106,Ibuleve Pain Relief 5% Spray (Diomed Developments Ltd) (AMP)
40116811000001105,Ibuleve Pain Relief 5% Gel (Diomed Developments Ltd) (AMP)
40117511000001109,Ibuleve Max Strength Pain Relief 10% Gel (Diomed Developments Ltd) (AMP)
40123111000001100,Longtec 5mg modified-release tablets (Pilsco Ltd) (AMP)
40123311000001103,Longtec 60mg modified-release tablets (Pilsco Ltd) (AMP)
40123511000001109,MST Continus 10mg tablets (Pilsco Ltd) (AMP)
4014511000001106,Dozol liquid (Manx Healthcare Ltd) (AMP)
401511000001108,Neurontin 300mg capsules (Viatris UK Healthcare Ltd) (AMP)
40201211000001102,Paracetamol 120mg/5ml oral suspension paediatric sugar free (Crescent Pharma Ltd) (AMP)
4021011000001105,Medised For Children oral solution (SSL International Plc) (AMP)
40248011000001108,Zipamol Plus 8mg/500mg effervescent tablets (Accord-UK Ltd) (AMP)
4026811000001109,Pethidine 100mg/2ml / Promethazine 50mg/2ml solution for injection ampoules (VMP)
4030411000001107,Paracetamol 120mg/5ml / Diphenhydramine 12.5mg/5ml oral solution (VMP)
403111000001103,Ketozip 200 XL capsules (Ashbourne Pharmaceuticals Ltd) (AMP)
403211000001109,Pirozip 10 capsules (Ashbourne Pharmaceuticals Ltd) (AMP)
4032811000001105,Generic Diocalm Dual Action chewable tablets (VMP)
40335111000001105,Diclofenac 1% gel (DE Pharmaceuticals) (AMP)
4035011000001109,Morcap SR 50mg capsules (Hospira UK Ltd) (AMP)
4035511000001101,Zomorph 200mg modified-release capsules (Ethypharm UK Ltd) (AMP)
4036011000001100,Morphine sulfate 10mg suppositories (A A H Pharmaceuticals Ltd) (AMP)
4036211000001105,Morphine sulfate 10mg suppositories (Martindale Pharmaceuticals Ltd) (AMP)
40364111000001103,Nortriptyline 10mg capsules (DE Pharmaceuticals) (AMP)
40364611000001106,Nortriptyline 25mg capsules (DE Pharmaceuticals) (AMP)
40364811000001105,Methadone 1mg/ml oral solution (DE Pharmaceuticals) (AMP)
40365311000001102,Methadone 1mg/ml oral solution sugar free (DE Pharmaceuticals) (AMP)
4036711000001103,Morphine sulfate 10mg suppositories (Alliance Healthcare (Distribution) Ltd) (AMP)
40368811000001102,Pregabalin 100mg tablets (DE Pharmaceuticals) (AMP)
40369311000001100,Pregabalin 150mg tablets (DE Pharmaceuticals) (AMP)
40369511000001106,Pregabalin 200mg tablets (DE Pharmaceuticals) (AMP)
40369711000001101,Pregabalin 225mg tablets (DE Pharmaceuticals) (AMP)
40369911000001104,Pregabalin 25mg tablets (DE Pharmaceuticals) (AMP)
40370311000001102,Pregabalin 300mg tablets (DE Pharmaceuticals) (AMP)
40370611000001107,Pregabalin 50mg tablets (DE Pharmaceuticals) (AMP)
40370911000001101,Pregabalin 75mg tablets (DE Pharmaceuticals) (AMP)
4037411000001106,Morphine sulfate 15mg suppositories (A A H Pharmaceuticals Ltd) (AMP)
4037811000001108,Morphine sulfate 15mg suppositories (Martindale Pharmaceuticals Ltd) (AMP)
4038111000001100,Morphine sulfate 15mg suppositories (Alliance Healthcare (Distribution) Ltd) (AMP)
4038911000001102,Morphine sulfate 30mg suppositories (Aurum Pharmaceuticals Ltd) (AMP)
4039411000001102,Morphine sulfate 30mg suppositories (Martindale Pharmaceuticals Ltd) (AMP)
4039811000001100,Morphine sulfate 30mg suppositories (Alliance Healthcare (Distribution) Ltd) (AMP)
4045011000001105,Morphine sulfate 15mg/1ml solution for injection ampoules (A A H Pharmaceuticals Ltd) (AMP)
40460811000001106,Longtec 10mg modified-release tablets (DE Pharmaceuticals) (AMP)
40461011000001109,Longtec 15mg modified-release tablets (DE Pharmaceuticals) (AMP)
40461211000001104,Longtec 20mg modified-release tablets (DE Pharmaceuticals) (AMP)
40461411000001100,Longtec 30mg modified-release tablets (DE Pharmaceuticals) (AMP)
40461711000001106,Longtec 40mg modified-release tablets (DE Pharmaceuticals) (AMP)
40461911000001108,Longtec 5mg modified-release tablets (DE Pharmaceuticals) (AMP)
40462111000001100,Longtec 60mg modified-release tablets (DE Pharmaceuticals) (AMP)
40462311000001103,Longtec 80mg modified-release tablets (DE Pharmaceuticals) (AMP)
4046311000001103,Morphine sulfate 15mg/1ml solution for injection ampoules (UCB Pharma Ltd) (AMP)
4046711000001104,Morphine sulfate 15mg/1ml solution for injection ampoules (Wockhardt UK Ltd) (AMP)
4047011000001103,Morphine sulfate 15mg/1ml solution for injection ampoules (Martindale Pharmaceuticals Ltd) (AMP)
4047511000001106,Morphine sulfate 15mg/1ml solution for injection ampoules (Alliance Healthcare (Distribution) Ltd) (AMP)
4048411000001106,Morphine sulfate 30mg/1ml solution for injection ampoules (A A H Pharmaceuticals Ltd) (AMP)
40484411000001101,Pregabalin 300mg capsules (Bristol Laboratories Ltd) (AMP)
4048911000001103,Morphine sulfate 30mg/1ml solution for injection ampoules (UCB Pharma Ltd) (AMP)
4049211000001102,Morphine sulfate 30mg/1ml solution for injection ampoules (Wockhardt UK Ltd) (AMP)
4049411000001103,Morphine sulfate 30mg/1ml solution for injection ampoules (Martindale Pharmaceuticals Ltd) (AMP)
4049611000001100,Morphine sulfate 30mg/1ml solution for injection ampoules (Alliance Healthcare (Distribution) Ltd) (AMP)
40508211000001101,Co-codamol 8mg/500mg capsules (Rosemont Pharmaceuticals Ltd) (AMP)
40538911000001104,Oxycodone 10mg/ml oral solution sugar free (Martindale Pharmaceuticals Ltd) (AMP)
4054311000001107,Acupan 20mg/1ml solution for injection ampoules (3M Health Care Ltd) (AMP)
40589011000001102,Tramadol 50mg modified-release capsules (Morningside Healthcare Ltd) (AMP)
40589411000001106,Tramadol 100mg modified-release capsules (Morningside Healthcare Ltd) (AMP)
40589611000001109,Tramadol 150mg modified-release capsules (Morningside Healthcare Ltd) (AMP)
40589811000001108,Tramadol 200mg modified-release capsules (Morningside Healthcare Ltd) (AMP)
40611000001100,Amitriptyline 25mg tablets (Teva UK Ltd) (AMP)
40612311000001101,Fenhuma 100microgram sublingual tablets (Glenmark Pharmaceuticals Europe Ltd) (AMP)
40619711000001108,Diclofenac sodium 25mg gastro-resistant tablets (Genesis Pharmaceuticals Ltd) (AMP)
40629711000001102,Fenhuma 800microgram sublingual tablets (Glenmark Pharmaceuticals Europe Ltd) (AMP)
40629911000001100,Fenhuma 600microgram sublingual tablets (Glenmark Pharmaceuticals Europe Ltd) (AMP)
40630111000001106,Fenhuma 400microgram sublingual tablets (Glenmark Pharmaceuticals Europe Ltd) (AMP)
40630611000001103,Fenhuma 300microgram sublingual tablets (Glenmark Pharmaceuticals Europe Ltd) (AMP)
40631111000001100,Fenhuma 200microgram sublingual tablets (Glenmark Pharmaceuticals Europe Ltd) (AMP)
40669611000001103,Nortriptyline 10mg/5ml oral solution sugar free (A A H Pharmaceuticals Ltd) (AMP)
40669811000001104,Nortriptyline 25mg/5ml oral solution sugar free (A A H Pharmaceuticals Ltd) (AMP)
40685111000001107,Etoricoxib 60mg tablets (Bristol Laboratories Ltd) (AMP)
40685311000001109,Etoricoxib 90mg tablets (Bristol Laboratories Ltd) (AMP)
40685511000001103,Etoricoxib 120mg tablets (Bristol Laboratories Ltd) (AMP)
40689411000001104,Etoricoxib 90mg tablets (Crescent Pharma Ltd) (AMP)
40692911000001101,Etoricoxib 60mg tablets (Crescent Pharma Ltd) (AMP)
40693711000001106,Etoricoxib 30mg tablets (Crescent Pharma Ltd) (AMP)
40694111000001107,Etoricoxib 120mg tablets (Crescent Pharma Ltd) (AMP)
40694811000001100,Naproxen 250mg tablets (RX Farma) (AMP)
40695011000001105,Naproxen 500mg tablets (RX Farma) (AMP)
40702811000001101,Paracetamol 500mg tablets (RX Farma) (AMP)
40703011000001103,Tramadol 50mg capsules (RX Farma) (AMP)
40708511000001102,Nortriptyline 10mg tablets (Wockhardt UK Ltd) (AMP)
40708711000001107,Nortriptyline 25mg tablets (Wockhardt UK Ltd) (AMP)
40708911000001109,Nortriptyline 50mg tablets (Wockhardt UK Ltd) (AMP)
40715611000001107,Bupivacaine Heavy 20mg/4ml solution for injection ampoules (Panpharma UK Ltd) (AMP)
40733311000001107,Motusol 1.16% gel (Teva UK Ltd) (AMP)
40733711000001106,Motusol Max 2.32% gel (Teva UK Ltd) (AMP)
4074911000001106,OxyContin 5mg modified-release tablets (Napp Pharmaceuticals Ltd) (AMP)
40756311000001102,Bupivacaine 25mg/10ml (0.25%) solution for injection ampoules (Kent Pharma (UK) Ltd) (AMP)
40756611000001107,Bupivacaine 50mg/10ml (0.5%) solution for injection ampoules (Kent Pharma (UK) Ltd) (AMP)
40760211000001102,Fentanyl 100micrograms/2ml solution for injection ampoules (Kent Pharma (UK) Ltd) (AMP)
407711000001107,Diclovol 50mg gastro-resistant tablets (Arun Pharmaceuticals Ltd) (AMP)
40787711000001107,Espranor 8mg oral lyophilisates (Pilsco Ltd) (AMP)
4079111000001109,Fortral 30mg/1ml solution for injection ampoules (Zentiva Pharma UK Ltd) (AMP)
4079311000001106,Pentazocine 30mg/1ml solution for injection ampoules (Zentiva Pharma UK Ltd) (AMP)
4079511000001100,Pentazocine 30mg/1ml solution for injection ampoules (Alliance Healthcare (Distribution) Ltd) (AMP)
4079811000001102,Fortral 60mg/2ml solution for injection ampoules (Zentiva Pharma UK Ltd) (AMP)
4080011000001108,Pentazocine 60mg/2ml solution for injection ampoules (Zentiva Pharma UK Ltd) (AMP)
40829711000001109,Etoricoxib 30mg tablets (Bristol Laboratories Ltd) (AMP)
40835211000001102,Alfentanil 1mg/2ml solution for injection ampoules (Kent Pharma (UK) Ltd) (AMP)
40835411000001103,Alfentanil 5mg/10ml solution for injection ampoules (Kent Pharma (UK) Ltd) (AMP)
40838611000001106,Morphine sulfate 10mg/1ml solution for injection ampoules (Kent Pharma (UK) Ltd) (AMP)
40839011000001109,Morphine sulfate 15mg/1ml solution for injection ampoules (Kent Pharma (UK) Ltd) (AMP)
40839211000001104,Morphine sulfate 30mg/1ml solution for injection ampoules (Kent Pharma (UK) Ltd) (AMP)
4084011000001101,Fortral 50mg suppositories (Sterwin Medicines) (AMP)
4084211000001106,Pentazocine 50mg suppositories (Sterwin Medicines) (AMP)
4084711000001104,Pentazocine 50mg suppositories (Alliance Healthcare (Distribution) Ltd) (AMP)
40848511000001108,Parasolve 500mg effervescent tablets (Kent Pharma (UK) Ltd) (AMP)
40855211000001101,Mefenamic acid 500mg tablets (Tillomed Laboratories Ltd) (AMP)
40858811000001109,Fentanyl 100micrograms/2ml solution for injection ampoules (AS Kalceks) (AMP)
40859011000001108,Fentanyl 500micrograms/10ml solution for injection ampoules (AS Kalceks) (AMP)
40865111000001102,Paracetamol 500mg capsules (Noumed Life Sciences Ltd) (AMP)
40866211000001102,Pregabalin 100mg capsules (Noumed Life Sciences Ltd) (AMP)
40866411000001103,Pregabalin 200mg capsules (Noumed Life Sciences Ltd) (AMP)
40866611000001100,Pregabalin 225mg capsules (Noumed Life Sciences Ltd) (AMP)
40866811000001101,Pregabalin 25mg capsules (Noumed Life Sciences Ltd) (AMP)
40867011000001105,Pregabalin 300mg capsules (Noumed Life Sciences Ltd) (AMP)
40867211000001100,Pregabalin 50mg capsules (Noumed Life Sciences Ltd) (AMP)
40867411000001101,Pregabalin 75mg capsules (Noumed Life Sciences Ltd) (AMP)
408811000001100,Naproxen 500mg tablets (IVAX Pharmaceuticals UK Ltd) (AMP)
4088311000001108,MST Continus suspension 60mg granules sachets (Napp Pharmaceuticals Ltd) (AMP)
4088611000001103,MST Continus suspension 100mg granules sachets (Napp Pharmaceuticals Ltd) (AMP)
4089211000001105,MST Continus suspension 200mg granules sachets (Napp Pharmaceuticals Ltd) (AMP)
40906711000001102,Pregabalin 25mg capsules (Aristo Pharma Ltd) (AMP)
40907411000001105,Pregabalin 50mg capsules (Aristo Pharma Ltd) (AMP)
40908211000001105,Pregabalin 75mg capsules (Aristo Pharma Ltd) (AMP)
40908811000001106,Pregabalin 100mg capsules (Aristo Pharma Ltd) (AMP)
40909011000001105,Pregabalin 150mg capsules (Aristo Pharma Ltd) (AMP)
40909711000001107,Pregabalin 200mg capsules (Aristo Pharma Ltd) (AMP)
40910211000001109,Pregabalin 225mg capsules (Aristo Pharma Ltd) (AMP)
40910411000001108,Pregabalin 300mg capsules (Aristo Pharma Ltd) (AMP)
40910911000001100,Galpharm Rapid Ibuprofen lysine 342mg tablets (Galpharm International Ltd) (AMP)
40913711000001106,Noubid 200mg tablets (Noumed Life Sciences Ltd) (AMP)
40913911000001108,Paracetamol 500mg tablets (Noumed Life Sciences Ltd) (AMP)
40927611000001102,Ibuprofen 200mg tablets (Ennogen Healthcare International Ltd) (AMP)
40928011000001105,Ibuprofen 400mg tablets (Ennogen Healthcare International Ltd) (AMP)
410011000001107,Diclofenac 100mg suppositories (Kent Pharma (UK) Ltd) (AMP)
41014211000001102,Ibuprofen 400mg capsules (A A H Pharmaceuticals Ltd) (AMP)
410711000001109,Flurbiprofen 100mg tablets (Alliance Healthcare (Distribution) Ltd) (AMP)
41090411000001105,"Bell's All In One oral solution (Bell,Sons & Co (Druggists) Ltd) (AMP)"
41091211000001100,"Bell's Children's Pain & Fever Relief 100mg/5ml oral suspension (Bell,Sons & Co (Druggists) Ltd) (AMP)"
41091811000001104,"Paracetamol 500mg capsules (Bell,Sons & Co (Druggists) Ltd) (AMP)"
4110711000001101,Morphine 100mg modified-release granules sachets sugar free (VMP)
4110811000001109,Morphine 200mg modified-release granules sachets sugar free (VMP)
4110911000001104,Morphine 60mg modified-release granules sachets sugar free (VMP)
411211000001108,Mefenamic acid 500mg tablets (A A H Pharmaceuticals Ltd) (AMP)
41143311000001109,Co-codamol 8mg/500mg effervescent tablets (Cipla EU Ltd) (AMP)
41159411000001103,Paracetamol 500mg tablets (Medley Pharma Ltd) (AMP)
41169911000001101,Period Pain Reliever 250mg gastro-resistant tablets (Accord-UK Ltd) (AMP)
41171111000001107,Nortriptyline 10mg tablets (Milpharm Ltd) (AMP)
41171311000001109,Nortriptyline 25mg tablets (Milpharm Ltd) (AMP)
41181211000001106,Paracetamol 500mg tablets (Milpharm Ltd) (AMP)
41188211000001102,Gabapentin 100mg capsules (Amarox Ltd) (AMP)
41188411000001103,Gabapentin 300mg capsules (Amarox Ltd) (AMP)
41188611000001100,Gabapentin 400mg capsules (Amarox Ltd) (AMP)
41209111000001102,Tramadol 37.5mg / Paracetamol 325mg tablets (Milpharm Ltd) (AMP)
41209311000001100,Tramadol 100mg/2ml solution for injection ampoules (Milpharm Ltd) (AMP)
41218911000001105,Pregabalin 100mg capsules (Amarox Ltd) (AMP)
41219511000001109,Pregabalin 150mg capsules (Amarox Ltd) (AMP)
41249411000001102,Aspirin 75mg gastro-resistant tablets (Galpharm International Ltd) (AMP)
41262411000001100,Pregabalin 200mg capsules (Amarox Ltd) (AMP)
41263211000001105,Pregabalin 225mg capsules (Amarox Ltd) (AMP)
41263911000001101,Pregabalin 25mg capsules (Amarox Ltd) (AMP)
41291011000001104,Pregabalin 300mg capsules (Amarox Ltd) (AMP)
41292311000001105,Pregabalin 50mg capsules (Amarox Ltd) (AMP)
41296111000001107,Pregabalin 75mg capsules (Amarox Ltd) (AMP)
41324711000001104,Galpharm Children's Paracetamol 120mg/5ml oral suspension (Galpharm International Ltd) (AMP)
41343411000001109,Aspirin 75mg tablets (Key Pharmaceuticals Ltd) (AMP)
41351211000001108,Mefenamic acid 500mg tablets (Drugsrus Ltd) (AMP)
414311000001102,Nu-Seals 75 gastro-resistant tablets (Alliance Pharmaceuticals Ltd) (AMP)
41437211000001105,Etoricoxib 30mg tablets (Glenmark Pharmaceuticals Europe Ltd) (AMP)
41437411000001109,Etoricoxib 60mg tablets (Glenmark Pharmaceuticals Europe Ltd) (AMP)
41437611000001107,Etoricoxib 90mg tablets (Glenmark Pharmaceuticals Europe Ltd) (AMP)
41437911000001101,Etoricoxib 120mg tablets (Glenmark Pharmaceuticals Europe Ltd) (AMP)
41464111000001101,Gabapentin 600mg tablets (Glenmark Pharmaceuticals Europe Ltd) (AMP)
41464411000001106,Gabapentin 800mg tablets (Glenmark Pharmaceuticals Europe Ltd) (AMP)
41464611000001109,Gabapentin 100mg capsules (Glenmark Pharmaceuticals Europe Ltd) (AMP)
41464811000001108,Gabapentin 300mg capsules (Glenmark Pharmaceuticals Europe Ltd) (AMP)
41465111000001102,Gabapentin 400mg capsules (Glenmark Pharmaceuticals Europe Ltd) (AMP)
41465711000001101,Gabapentin 50mg/ml oral solution sugar free (Glenmark Pharmaceuticals Europe Ltd) (AMP)
41496511000001102,Gabapentin 100mg capsules (Relonchem Ltd) (AMP)
41496811000001104,Gabapentin 300mg capsules (Relonchem Ltd) (AMP)
41497111000001109,Gabapentin 400mg capsules (Relonchem Ltd) (AMP)
41506011000001102,Nortriptyline 10mg tablets (Glenmark Pharmaceuticals Europe Ltd) (AMP)
41506211000001107,Nortriptyline 25mg tablets (Glenmark Pharmaceuticals Europe Ltd) (AMP)
41506811000001108,Nefopam 30mg tablets (Glenmark Pharmaceuticals Europe Ltd) (AMP)
41512211000001108,Pregabalin 20mg/ml oral solution sugar free (Neuraxpharm UK Ltd) (AMP)
41536411000001103,Gabapentin 50mg/ml oral solution sugar free (Brown & Burk UK Ltd) (AMP)
41543311000001100,Amitriptyline 10mg tablets (Brown & Burk UK Ltd) (AMP)
41544011000001101,Amitriptyline 25mg tablets (Brown & Burk UK Ltd) (AMP)
41544211000001106,Amitriptyline 50mg tablets (Brown & Burk UK Ltd) (AMP)
415611000001108,Arthrofen 600 tablets (Ashbourne Pharmaceuticals Ltd) (AMP)
41577011000001108,Oxycodone 50mg/1ml solution for injection ampoules (Kent Pharma (UK) Ltd) (AMP)
41579211000001109,Co-dydramol 10mg/500mg tablets (Bristol Laboratories Ltd) (AMP)
415811000001107,Ibuprofen 400mg tablets sugar coated (Actavis UK Ltd) (AMP)
41614111000001103,Ibuprofen 200mg tablets (Medley Pharma Ltd) (AMP)
41614311000001101,Ibuprofen 400mg tablets (Medley Pharma Ltd) (AMP)
41614611000001106,Paracetamol 500mg effervescent tablets (Medley Pharma Ltd) (AMP)
41615111000001104,Ibuprofen 200mg tablets (Milpharm Ltd) (AMP)
41615411000001109,Ibuprofen 400mg tablets (Milpharm Ltd) (AMP)
41620411000001106,Buprenorphine 2mg sublingual tablets sugar free (G.L. Pharma UK Ltd) (AMP)
41620611000001109,Buprenorphine 8mg sublingual tablets sugar free (G.L. Pharma UK Ltd) (AMP)
4162111000001102,Paradote 100mg/500mg tablets (Sinclair IS Pharma Plc) (AMP)
4171411000001108,Co-methiamol 100mg/500mg tablets (VMP)
41723111000001101,Nefopam 30mg tablets (Tillomed Laboratories Ltd) (AMP)
41738811000001101,Diclofenac sodium 3% gel (VMP)
41740611000001102,Ibuprofen 10% gel (VMP)
41740711000001106,Ibuprofen 5% / Levomenthol 3% gel (VMP)
41740811000001103,Ibuprofen 5% gel (VMP)
41741511000001108,Ketoprofen 2.5% gel (VMP)
41743811000001105,Piroxicam 0.5% gel (VMP)
41782011000001101,Pregabalin 25mg capsules (Crescent Pharma Ltd) (AMP)
41782411000001105,Pregabalin 50mg capsules (Crescent Pharma Ltd) (AMP)
41782611000001108,Pregabalin 75mg capsules (Crescent Pharma Ltd) (AMP)
41782811000001107,Pregabalin 100mg capsules (Crescent Pharma Ltd) (AMP)
41797411000001107,Nortriptyline 50mg tablets (Macleods Pharma UK Ltd) (AMP)
41797711000001101,Ibuprofen 200mg/5ml oral suspension sugar free (Galpharm International Ltd) (AMP)
41808111000001101,Paracetamol 500mg tablets (Drugsrus Ltd) (AMP)
418211000001104,Ketoprofen 2.5% gel (Alliance Healthcare (Distribution) Ltd) (AMP)
4184011000001107,Bupivacaine 50mg/10ml (0.5%) solution for injection ampoules (A A H Pharmaceuticals Ltd) (AMP)
4184711000001109,Bupivacaine 0.5% solution for injection 10ml Sure-Amp ampoules (Advanz Pharma) (AMP)
41847311000001106,Tramadol 50mg capsules (Genesis Pharmaceuticals Ltd) (AMP)
4185711000001108,Marcain 0.5% solution for injection 10ml Polyamp Steripack ampoules (Aspen Pharma Trading Ltd) (AMP)
41878411000001104,Indometacin 1mg powder for solution for injection vials (VMP)
418811000001103,Diclofenac sodium 100mg modified-release tablets (Alliance Healthcare (Distribution) Ltd) (AMP)
4189311000001106,Bupivacaine 25mg/10ml (0.25%) solution for injection ampoules (A A H Pharmaceuticals Ltd) (AMP)
4189711000001105,Bupivacaine 0.25% solution for injection 10ml Sure-Amp ampoules (Advanz Pharma) (AMP)
4190111000001103,Marcain 0.25% solution for injection 10ml Polyamp Steripack ampoules (Aspen Pharma Trading Ltd) (AMP)
41901911000001104,Ibuprofen 5% cream (VMP)
41926811000001109,Codeine 60mg tablets (Milpharm Ltd) (AMP)
41927111000001104,Codeine 15mg tablets (Milpharm Ltd) (AMP)
41927511000001108,Codeine 30mg tablets (Milpharm Ltd) (AMP)
41938511000001109,Oxycodone 10mg/1ml solution for injection ampoules (Alliance Healthcare (Distribution) Ltd) (AMP)
41938911000001102,Oxycodone 20mg/2ml solution for injection ampoules (Alliance Healthcare (Distribution) Ltd) (AMP)
41940311000001101,Ibuprofen 600mg tablets (Milpharm Ltd) (AMP)
41961411000001106,Pregabalin 100mg capsules (MSN Laboratories Europe Ltd) (AMP)
41961611000001109,Pregabalin 150mg capsules (MSN Laboratories Europe Ltd) (AMP)
41961811000001108,Pregabalin 200mg capsules (MSN Laboratories Europe Ltd) (AMP)
41962011000001105,Pregabalin 225mg capsules (MSN Laboratories Europe Ltd) (AMP)
41962211000001100,Pregabalin 25mg capsules (MSN Laboratories Europe Ltd) (AMP)
41962511000001102,Pregabalin 300mg capsules (MSN Laboratories Europe Ltd) (AMP)
41962711000001107,Pregabalin 50mg capsules (MSN Laboratories Europe Ltd) (AMP)
41962911000001109,Pregabalin 75mg capsules (MSN Laboratories Europe Ltd) (AMP)
419711000001102,Ketovail 100mg modified-release capsules (Teva UK Ltd) (AMP)
419911000001100,Remedeine Forte tablets (Crescent Pharma Ltd) (AMP)
41991711000001103,Paracetamol 500mg tablets (Ria Generics Ltd) (AMP)
42009011000001107,Buprenorphine 200microgram sublingual tablets sugar free (VMP)
42009111000001108,Buprenorphine 2mg sublingual tablets sugar free (VMP)
42009211000001102,Buprenorphine 400microgram sublingual tablets sugar free (VMP)
42009311000001105,Buprenorphine 8mg sublingual tablets sugar free (VMP)
42009411000001103,Co-codamol 12.8mg/500mg tablets (VMP)
42009511000001104,Co-codamol 30mg/500mg capsules (VMP)
42009611000001100,Co-codamol 30mg/500mg effervescent powder sachets sugar free (VMP)
42009811000001101,Co-codamol 30mg/500mg tablets (VMP)
42009911000001106,Co-codamol 60mg/1000mg effervescent powder sachets sugar free (VMP)
42010011000001101,Co-codamol 8mg/500mg capsules (VMP)
42010111000001100,Co-codamol 8mg/500mg effervescent tablets (VMP)
42010211000001106,Co-codamol 8mg/500mg tablets (VMP)
42010311000001103,Codeine 15mg tablets (VMP)
42010411000001105,Codeine 30mg tablets (VMP)
42010511000001109,Codeine 60mg tablets (VMP)
42010611000001108,Co-dydramol 10mg/500mg tablets (VMP)
42010711000001104,Co-dydramol 20mg/500mg tablets (VMP)
42010811000001107,Co-dydramol 30mg/500mg tablets (VMP)
42011211000001100,Diamorphine 100mg powder for solution for injection ampoules (VMP)
42011311000001108,Diamorphine 10mg powder for solution for injection ampoules (VMP)
42011411000001101,Diamorphine 10mg tablets (VMP)
42011511000001102,Diamorphine 30mg powder for solution for injection ampoules (VMP)
42011611000001103,Diamorphine 500mg powder for solution for injection ampoules (VMP)
42011711000001107,Fentanyl 1.2mg lozenges (VMP)
42011811000001104,Fentanyl 1.6mg lozenges (VMP)
42011911000001109,Fentanyl 200microgram lozenges (VMP)
42012011000001102,Fentanyl 400microgram lozenges (VMP)
42012111000001101,Fentanyl 600microgram lozenges (VMP)
42012211000001107,Fentanyl 800microgram lozenges (VMP)
42012811000001108,Hydromorphone 1.3mg capsules (VMP)
42012911000001103,Hydromorphone 2.6mg capsules (VMP)
42014811000001102,Morphine 10mg tablets (VMP)
42014911000001107,Morphine 20mg tablets (VMP)
42015011000001107,Morphine 50mg tablets (VMP)
42015111000001108,Morphine hydrochloride 15mg suppositories (VMP)
42015211000001102,Morphine hydrochloride 30mg suppositories (VMP)
42015311000001105,Morphine sulfate 10mg suppositories (VMP)
42015411000001103,Morphine sulfate 15mg suppositories (VMP)
42015511000001104,Morphine sulfate 20mg suppositories (VMP)
42015611000001100,Morphine sulfate 30mg suppositories (VMP)
42015711000001109,Morphine sulfate 5mg suppositories (VMP)
42015811000001101,Oxycodone 10mg capsules (VMP)
42015911000001106,Oxycodone 20mg capsules (VMP)
42016011000001103,Oxycodone 5mg capsules (VMP)
42016211000001108,Pentazocine 25mg tablets (VMP)
42016311000001100,Pentazocine 50mg capsules (VMP)
42016411000001107,Pentazocine 50mg suppositories (VMP)
42017511000001108,Tapentadol 50mg tablets (VMP)
42017611000001107,Tapentadol 75mg tablets (VMP)
42017711000001103,Tramadol 100mg effervescent powder sachets sugar free (VMP)
42017811000001106,Tramadol 50mg capsules (VMP)
42017911000001101,Tramadol 50mg effervescent powder sachets sugar free (VMP)
42027411000001102,Bupivacaine 50mg/10ml (0.5%) solution for injection ampoules (Aspen Pharma Trading Ltd) (AMP)
42054011000001102,Paracetamol 250mg/5ml oral suspension sugar free (Almus Pharmaceuticals Ltd) (AMP)
42055911000001104,Paracetamol 120mg/5ml oral suspension paediatric sugar free (Almus Pharmaceuticals Ltd) (AMP)
42065911000001105,Shortec 20mg capsules (CST Pharma Ltd) (AMP)
420711000001101,Aspirin 300mg dispersible tablets (Aspar Pharmaceuticals Ltd) (AMP)
420811000001109,Ibuprofen 400mg tablets sugar coated (Kent Pharma (UK) Ltd) (AMP)
42094411000001100,Bupivacaine 20mg/4ml (0.5%) / Glucose 320mg/4ml solution for injection ampoules (Aspen Pharma Trading Ltd) (AMP)
42099211000001100,Aceclofenac 100mg tablets (VMP)
42099611000001103,Aspirin 900mg / Metoclopramide 10mg oral powder sachets sugar free (VMP)
42100411000001101,Celecoxib 100mg capsules (VMP)
42100511000001102,Celecoxib 200mg capsules (VMP)
42100611000001103,Celecoxib 400mg capsules (VMP)
42101111000001100,Dexibuprofen 300mg tablets (VMP)
42101211000001106,Dexibuprofen 400mg tablets (VMP)
42101311000001103,Diclofenac 100mg suppositories (VMP)
42101411000001105,Diclofenac 25mg suppositories (VMP)
42101511000001109,Diclofenac 50mg suppositories (VMP)
42101611000001108,Diclofenac potassium 25mg tablets (VMP)
42101711000001104,Diclofenac potassium 50mg tablets (VMP)
42101811000001107,Diclofenac sodium 50mg gastro-resistant / Misoprostol 200microgram tablets (VMP)
42101911000001102,Diclofenac sodium 50mg gastro-resistant tablets (VMP)
42102011000001109,Diclofenac sodium 75mg gastro-resistant / Misoprostol 200microgram tablets (VMP)
42102111000001105,Diclofenac sodium 75mg gastro-resistant modified-release capsules (VMP)
42103011000001100,Etodolac 200mg capsules (VMP)
42103111000001104,Etodolac 300mg capsules (VMP)
42103211000001105,Etoricoxib 120mg tablets (VMP)
42103311000001102,Etoricoxib 60mg tablets (VMP)
42103411000001109,Etoricoxib 90mg tablets (VMP)
42104111000001102,Flurbiprofen 100mg suppositories (VMP)
42104211000001108,Flurbiprofen 100mg tablets (VMP)
42104311000001100,Flurbiprofen 50mg tablets (VMP)
42104411000001107,Flurbiprofen 8.75mg lozenges (VMP)
42104511000001106,Ibuprofen 100mg/5ml oral suspension (VMP)
42104611000001105,Ibuprofen 200mg / Codeine 12.8mg tablets (VMP)
42104711000001101,Ibuprofen 200mg capsules (VMP)
42104811000001109,Ibuprofen 200mg tablets (VMP)
42104911000001104,Ibuprofen 400mg tablets (VMP)
42105011000001104,Ibuprofen 5% foam (VMP)
42105111000001103,Ibuprofen 5% spray (VMP)
42105211000001109,Ibuprofen 600mg effervescent granules sachets (VMP)
42105311000001101,Ibuprofen 600mg tablets (VMP)
42105411000001108,Ibuprofen 800mg tablets (VMP)
42105511000001107,Indometacin 100mg suppositories (VMP)
42105611000001106,Indometacin 25mg capsules (VMP)
42105711000001102,Indometacin 25mg/5ml oral suspension (VMP)
42105811000001105,Indometacin 50mg capsules (VMP)
42105911000001100,Ketoprofen 100mg suppositories (VMP)
42106011000001108,Ketoprofen 50mg capsules (VMP)
42106311000001106,Mefenamic acid 250mg capsules (VMP)
42106411000001104,Mefenamic acid 500mg tablets (VMP)
42106511000001100,Meloxicam 15mg suppositories (VMP)
42106611000001101,Meloxicam 15mg tablets (VMP)
42106711000001105,Meloxicam 7.5mg suppositories (VMP)
42106811000001102,Meloxicam 7.5mg tablets (VMP)
42107211000001101,Nabumetone 500mg tablets (VMP)
42107311000001109,Naproxen 125mg/5ml oral suspension (VMP)
42107411000001102,Naproxen 250mg gastro-resistant tablets (VMP)
42107511000001103,Naproxen 250mg tablets (VMP)
42107611000001104,Naproxen 500mg gastro-resistant tablets (VMP)
42107711000001108,Naproxen 500mg suppositories (VMP)
42107811000001100,Naproxen 500mg tablets (VMP)
42107911000001105,Naproxen sodium 275mg tablets (VMP)
42108111000001108,Paracetamol 100mg/ml oral solution sugar free (VMP)
42108211000001102,Paracetamol 120mg suppositories (VMP)
42108311000001105,Paracetamol 120mg/5ml oral solution paediatric (VMP)
42108411000001103,Paracetamol 120mg/5ml oral suspension paediatric (VMP)
42108511000001104,Paracetamol 125mg suppositories (VMP)
42108611000001100,Paracetamol 150mg / Sodium salicylate 100mg tablets (VMP)
42108711000001109,Paracetamol 240mg suppositories (VMP)
42108811000001101,Paracetamol 250mg suppositories (VMP)
42108911000001106,Paracetamol 250mg/5ml oral suspension (VMP)
42109011000001102,Paracetamol 325mg / Isometheptene 65mg capsules (VMP)
42109111000001101,Paracetamol 500mg / Caffeine 65mg tablets (VMP)
42109211000001107,Paracetamol 500mg / Domperidone 10mg tablets (VMP)
42109311000001104,Paracetamol 500mg / Metoclopramide 5mg effervescent powder sachets sugar free (VMP)
42109411000001106,Paracetamol 500mg capsules (VMP)
42109511000001105,Paracetamol 500mg suppositories (VMP)
42109611000001109,Paracetamol 500mg tablets (VMP)
42109711000001100,Paracetamol 60mg suppositories (VMP)
42110111000001109,Piroxicam 10mg capsules (VMP)
42110211000001103,Piroxicam 20mg capsules (VMP)
42110311000001106,Piroxicam 20mg suppositories (VMP)
42111611000001106,Sulindac 100mg tablets (VMP)
42111711000001102,Sulindac 200mg tablets (VMP)
42112011000001107,Tenoxicam 20mg tablets (VMP)
42112111000001108,Tiaprofenic acid 200mg tablets (VMP)
42112211000001102,Tiaprofenic acid 300mg tablets (VMP)
42129511000001104,Gabapentin 100mg capsules (VMP)
42129611000001100,Gabapentin 250mg/5ml oral solution (VMP)
42129711000001109,Gabapentin 300mg capsules (VMP)
42129811000001101,Gabapentin 400mg capsules (VMP)
42129911000001106,Gabapentin 600mg tablets (VMP)
42130011000001101,Gabapentin 800mg tablets (VMP)
42135011000001107,Pregabalin 100mg capsules (VMP)
42135111000001108,Pregabalin 150mg capsules (VMP)
42135211000001102,Pregabalin 200mg capsules (VMP)
42135311000001105,Pregabalin 225mg capsules (VMP)
42135411000001103,Pregabalin 25mg capsules (VMP)
42135511000001104,Pregabalin 300mg capsules (VMP)
42135611000001100,Pregabalin 50mg capsules (VMP)
42135711000001109,Pregabalin 75mg capsules (VMP)
42141111000001107,Amitriptyline 10mg tablets (Strides Pharma UK Ltd) (AMP)
42141911000001105,Amitriptyline 50mg tablets (Strides Pharma UK Ltd) (AMP)
42142311000001100,Amitriptyline 25mg tablets (Strides Pharma UK Ltd) (AMP)
42144311000001107,Mefenamic acid 250mg capsules (Strides Pharma UK Ltd) (AMP)
42153411000001101,Naproxen 250mg tablets (Strides Pharma UK Ltd) (AMP)
42153711000001107,Naproxen 500mg tablets (Strides Pharma UK Ltd) (AMP)
42161611000001107,Pethidine 50mg tablets (Imported (United States)) (AMP)
42199711000001102,Iremia 133microgram sublingual tablets (Kent Pharma (UK) Ltd) (AMP)
42200211000001102,Iremia 267microgram sublingual tablets (Kent Pharma (UK) Ltd) (AMP)
42200511000001104,Iremia 400microgram sublingual tablets (Kent Pharma (UK) Ltd) (AMP)
42200811000001101,Iremia 533microgram sublingual tablets (Kent Pharma (UK) Ltd) (AMP)
42204911000001101,Iremia 800microgram sublingual tablets (Kent Pharma (UK) Ltd) (AMP)
42205611000001108,Bupivacaine 25mg/10ml (0.25%) solution for injection ampoules (Aspen Pharma Trading Ltd) (AMP)
42219211000001107,Etoricoxib 120mg tablets (Brown & Burk UK Ltd) (AMP)
42219411000001106,Etoricoxib 60mg tablets (Brown & Burk UK Ltd) (AMP)
42224211000001103,Etoricoxib 90mg tablets (Brown & Burk UK Ltd) (AMP)
42242211000001105,Nortriptyline 10mg tablets (Brown & Burk UK Ltd) (AMP)
42242711000001103,Nortriptyline 25mg tablets (Brown & Burk UK Ltd) (AMP)
42243311000001107,Nortriptyline 50mg tablets (Brown & Burk UK Ltd) (AMP)
42244111000001107,Pregabalin 225mg capsules (Brown & Burk UK Ltd) (AMP)
42250011000001102,Tramadol 37.5mg / Paracetamol 325mg tablets (Brown & Burk UK Ltd) (AMP)
42252911000001104,Pregabalin 300mg capsules (Brown & Burk UK Ltd) (AMP)
42291111000001104,Amitriptyline 10mg tablets (VMP)
42291211000001105,Amitriptyline 25mg tablets (VMP)
42291311000001102,Amitriptyline 50mg tablets (VMP)
42291411000001109,Aspirin 150mg suppositories (VMP)
42291511000001108,Aspirin 300mg gastro-resistant tablets (VMP)
42291611000001107,Aspirin 300mg suppositories (VMP)
42291711000001103,Aspirin 300mg tablets (VMP)
42291811000001106,Aspirin 75mg dispersible tablets (VMP)
42291911000001101,Aspirin 75mg gastro-resistant tablets (VMP)
42292011000001108,Aspirin 75mg tablets (VMP)
42296811000001101,Nefopam 30mg tablets (VMP)
42309311000001109,Indometacin 100mg suppositories (Aspen Pharma Trading Ltd) (AMP)
42315211000001101,Celecoxib 100mg capsules (Key Pharmaceuticals Ltd) (AMP)
42317511000001107,Celecoxib 200mg capsules (Key Pharmaceuticals Ltd) (AMP)
42324011000001102,Galpharm Six Plus Pain Relief 250mg/5ml oral suspension (Galpharm International Ltd) (AMP)
42325211000001108,Nefopam 30mg tablets (Key Pharmaceuticals Ltd) (AMP)
42326811000001101,Nortriptyline 10mg tablets (Key Pharmaceuticals Ltd) (AMP)
42332111000001107,Nortriptyline 25mg tablets (Key Pharmaceuticals Ltd) (AMP)
42337711000001105,Ibuprofen sodium dihydrate 256mg tablets (Strides Pharma UK Ltd) (AMP)
42342211000001100,Diclofenac 2.32% gel (Zentiva Pharma UK Ltd) (AMP)
42362511000001108,Tramadol 50mg capsules (Amarox Ltd) (AMP)
42369411000001103,"Bell's Back & Muscle Pain Relief 200mg capsules (Bell,Sons & Co (Druggists) Ltd) (AMP)"
42385211000001103,Methadone 10mg/5ml oral solution (VMP)
42385311000001106,Methadone 5mg tablets (VMP)
42387711000001104,Indometacin 100mg suppositories (Drugsrus Ltd) (AMP)
42392111000001101,Diclofenac 2.32% gel (A A H Pharmaceuticals Ltd) (AMP)
42407911000001106,Diclofenac 2.32% gel (Drugsrus Ltd) (AMP)
42412711000001105,Methadone 50mg/1ml solution for injection ampoules (Martindale Pharmaceuticals Ltd) (AMP)
42432711000001101,Meloxicam 7.5mg tablets (Manx Healthcare Ltd) (AMP)
42433511000001104,Meloxicam 15mg tablets (Manx Healthcare Ltd) (AMP)
42445711000001106,Gabapentin 100mg capsules (Strides Pharma UK Ltd) (AMP)
42445811000001103,Ibuprofen 400mg tablets (Strides Pharma UK Ltd) (AMP)
42446311000001102,Gabapentin 300mg capsules (Strides Pharma UK Ltd) (AMP)
42446611000001107,Gabapentin 400mg capsules (Strides Pharma UK Ltd) (AMP)
42447511000001105,Gabapentin 600mg tablets (Strides Pharma UK Ltd) (AMP)
42457211000001105,Gabapentin 800mg tablets (Strides Pharma UK Ltd) (AMP)
424611000001103,Dromadol SR 75mg tablets (IVAX Pharmaceuticals UK Ltd) (AMP)
42481011000001103,Mefenamic acid 500mg tablets (Strides Pharma UK Ltd) (AMP)
42490111000001109,Tramadol 100mg modified-release tablets (Krka UK Ltd) (AMP)
42490811000001102,Tramadol 150mg modified-release tablets (Krka UK Ltd) (AMP)
42491611000001106,Tramadol 200mg modified-release tablets (Krka UK Ltd) (AMP)
42493811000001109,Oxycodone 10mg/ml oral solution sugar free (Rosemont Pharmaceuticals Ltd) (AMP)
42496511000001103,Diclofenac 2.32% gel (Alliance Healthcare (Distribution) Ltd) (AMP)
42507811000001106,Parasolve Extra 500mg/65mg effervescent tablets (Kent Pharma (UK) Ltd) (AMP)
42510211000001108,Oxycodone 5mg/5ml oral solution sugar free (Rosemont Pharmaceuticals Ltd) (AMP)
42527211000001103,Oxycodone 5mg/5ml oral solution sugar free (Martindale Pharmaceuticals Ltd) (AMP)
42540411000001100,Tapentadol 50mg modified-release tablets (Krka UK Ltd) (AMP)
42540711000001106,Tapentadol 100mg modified-release tablets (Krka UK Ltd) (AMP)
42540911000001108,Tapentadol 150mg modified-release tablets (Krka UK Ltd) (AMP)
42541111000001104,Tapentadol 200mg modified-release tablets (Krka UK Ltd) (AMP)
42543311000001101,Paracetamol 500mg effervescent tablets (Key Pharmaceuticals Ltd) (AMP)
42543811000001105,Amitriptyline 25mg tablets (Flamingo Pharma (UK) Ltd) (AMP)
42564311000001107,Nortriptyline 10mg tablets (Rudipharm Ltd) (AMP)
42564511000001101,Nortriptyline 25mg tablets (Rudipharm Ltd) (AMP)
42564711000001106,Diclofenac sodium 25mg gastro-resistant tablets (Rudipharm Ltd) (AMP)
42564911000001108,Diclofenac sodium 50mg gastro-resistant tablets (Rudipharm Ltd) (AMP)
42578711000001107,Nortriptyline 10mg tablets (Rivopharm (UK) Ltd) (AMP)
42578911000001109,Nortriptyline 25mg tablets (Rivopharm (UK) Ltd) (AMP)
42585611000001104,Meloxicam 7.5mg tablets (Flamingo Pharma (UK) Ltd) (AMP)
42586011000001102,Meloxicam 15mg tablets (Flamingo Pharma (UK) Ltd) (AMP)
42587411000001108,Nortriptyline 50mg tablets (Flamingo Pharma (UK) Ltd) (AMP)
42590811000001105,Paracetamol 500mg caplets (Flamingo Pharma (UK) Ltd) (AMP)
42596811000001107,Co-codamol 8mg/500mg effervescent tablets sugar free (Key Pharmaceuticals Ltd) (AMP)
42617711000001105,Tapentadol 50mg modified-release tablets (Alliance Healthcare (Distribution) Ltd) (AMP)
42618511000001101,Tapentadol 200mg modified-release tablets (Alliance Healthcare (Distribution) Ltd) (AMP)
42618811000001103,Tapentadol 150mg modified-release tablets (Alliance Healthcare (Distribution) Ltd) (AMP)
42619011000001104,Tapentadol 100mg modified-release tablets (Alliance Healthcare (Distribution) Ltd) (AMP)
426311000001102,Methadone 50mg/5ml solution for injection ampoules (Wockhardt UK Ltd) (AMP)
42641811000001104,Methadone 5mg tablets (Imported) (AMP)
42662211000001102,BuTrans 5micrograms/hour transdermal patches (Pilsco Ltd) (AMP)
42662411000001103,BuTrans 10micrograms/hour transdermal patches (Pilsco Ltd) (AMP)
42674611000001102,Tadomon 50mg prolonged-release tablets (G.L. Pharma UK Ltd) (AMP)
42674911000001108,Tadomon 100mg prolonged-release tablets (G.L. Pharma UK Ltd) (AMP)
42675111000001109,Tadomon 150mg prolonged-release tablets (G.L. Pharma UK Ltd) (AMP)
42675311000001106,Tadomon 200mg prolonged-release tablets (G.L. Pharma UK Ltd) (AMP)
42675511000001100,Tadomon 250mg prolonged-release tablets (G.L. Pharma UK Ltd) (AMP)
42687211000001101,Naproxen 500mg gastro-resistant tablets (AAH Hillcross) (AMP)
42687411000001102,Naproxen 250mg gastro-resistant tablets (AAH Hillcross) (AMP)
42726711000001108,Oxylan 15mg prolonged-release tablets (G.L. Pharma UK Ltd) (AMP)
42726911000001105,Oxylan 30mg prolonged-release tablets (G.L. Pharma UK Ltd) (AMP)
42727311000001107,Oxylan 60mg prolonged-release tablets (G.L. Pharma UK Ltd) (AMP)
4273611000001108,Morphine sulfate 30mg suppositories (A A H Pharmaceuticals Ltd) (AMP)
42755711000001104,Amitriptyline 10mg tablets (AAH Hillcross) (AMP)
42755911000001102,Amitriptyline 25mg tablets (AAH Hillcross) (AMP)
42756111000001106,Co-codamol 8mg/500mg tablets (AAH Hillcross) (AMP)
42756311000001108,Co-dydramol 10mg/500mg tablets (AAH Hillcross) (AMP)
42757411000001104,Sofonac 5mg/2.5mg modified-release tablets (G.L. Pharma UK Ltd) (AMP)
42757611000001101,Sofonac 10mg/5mg modified-release tablets (G.L. Pharma UK Ltd) (AMP)
42757811000001102,Sofonac 20mg/10mg modified-release tablets (G.L. Pharma UK Ltd) (AMP)
42758011000001109,Sofonac 40mg/20mg modified-release tablets (G.L. Pharma UK Ltd) (AMP)
42769611000001104,Tapentadol 50mg modified-release tablets (Viatris UK Healthcare Ltd) (AMP)
42770411000001100,Tapentadol 100mg modified-release tablets (Viatris UK Healthcare Ltd) (AMP)
42770611000001102,Tapentadol 150mg modified-release tablets (Viatris UK Healthcare Ltd) (AMP)
42770911000001108,Tapentadol 200mg modified-release tablets (Viatris UK Healthcare Ltd) (AMP)
42771111000001104,Tapentadol 250mg modified-release tablets (Viatris UK Healthcare Ltd) (AMP)
42781211000001100,BuTrans 20micrograms/hour transdermal patches (Pilsco Ltd) (AMP)
42795111000001107,Paracetamol 250mg/5ml oral suspension sugar free (Medley Pharma Ltd) (AMP)
42810611000001109,Bupivacaine 20mg/4ml (0.5%) / Glucose 320mg/4ml solution for injection ampoules (A A H Pharmaceuticals Ltd) (AMP)
42811811000001100,Paracetamol 1g tablets (Alliance Healthcare (Distribution) Ltd) (AMP)
42812811000001109,Bupivacaine 25mg/10ml (0.25%) solution for injection ampoules (Alliance Healthcare (Distribution) Ltd) (AMP)
42835211000001108,Co-codamol 30mg/500mg tablets (Novumgen Ltd) (AMP)
42841211000001109,Amitriptyline 50mg tablets (AAH Hillcross) (AMP)
42852611000001102,Indocid 100mg suppositories (Necessity Supplies Ltd) (AMP)
42868711000001102,Ponstan Forte 500mg tablets (Necessity Supplies Ltd) (AMP)
42869711000001106,OxyContin 5mg modified-release tablets (Necessity Supplies Ltd) (AMP)
42869911000001108,Co-codamol 8mg/500mg tablets (JCSH Pharma Ltd) (AMP)
428811000001107,Paracetamol 250mg/5ml oral suspension sugar free (The Boots Company Plc) (AMP)
42882411000001109,Solaraze 3% gel (Necessity Supplies Ltd) (AMP)
42883911000001108,Targinact 5mg/2.5mg modified-release tablets (Necessity Supplies Ltd) (AMP)
42890011000001103,Iremia 133microgram sublingual tablets (Kent Pharma (UK) Ltd) (AMP)
42890811000001109,Iremia 267microgram sublingual tablets (Kent Pharma (UK) Ltd) (AMP)
42891211000001102,Iremia 400microgram sublingual tablets (Kent Pharma (UK) Ltd) (AMP)
42892011000001104,Iremia 533microgram sublingual tablets (Kent Pharma (UK) Ltd) (AMP)
42892611000001106,Iremia 800microgram sublingual tablets (Kent Pharma (UK) Ltd) (AMP)
42897711000001100,Tapentadol 250mg modified-release tablets (Alliance Healthcare (Distribution) Ltd) (AMP)
42898711000001104,Tapentadol 100mg modified-release tablets (A A H Pharmaceuticals Ltd) (AMP)
42898911000001102,Tapentadol 150mg modified-release tablets (A A H Pharmaceuticals Ltd) (AMP)
42899111000001107,Tapentadol 200mg modified-release tablets (A A H Pharmaceuticals Ltd) (AMP)
42899511000001103,Tapentadol 250mg modified-release tablets (A A H Pharmaceuticals Ltd) (AMP)
42899711000001108,Tapentadol 50mg modified-release tablets (A A H Pharmaceuticals Ltd) (AMP)
42901111000001103,Zamadol SR 150mg capsules (Necessity Supplies Ltd) (AMP)
42901511000001107,Zamadol SR 200mg capsules (Necessity Supplies Ltd) (AMP)
42901911000001100,Zamadol SR 50mg capsules (Necessity Supplies Ltd) (AMP)
42943811000001104,SolpaOne 1000mg effervescent tablets (Omega Pharma Ltd) (AMP)
429511000001103,Orudis 50mg capsules (Sanofi) (AMP)
42959611000001104,Paracetamol 500mg tablets (Manx Healthcare Ltd) (AMP)
42976811000001109,Ultravana Period Pain Relief 250mg gastro-resistant tablets (Maxwellia Ltd) (AMP)
429811000001100,Diconal tablets (Amdipharm Plc) (AMP)
42993911000001101,Nefopam 30mg tablets (Drugsrus Ltd) (AMP)
42995811000001105,Tapentadol 50mg modified-release tablets (Aspire Pharma Ltd) (AMP)
42996411000001104,Tapentadol 100mg modified-release tablets (Aspire Pharma Ltd) (AMP)
42997711000001108,Tapentadol 150mg modified-release tablets (Aspire Pharma Ltd) (AMP)
42997911000001105,Tapentadol 200mg modified-release tablets (Aspire Pharma Ltd) (AMP)
42998411000001103,Lupaxis 50mg prolonged-release tablets (Dr Reddy's Laboratories (UK) Ltd) (AMP)
42998711000001109,Lupaxis 100mg prolonged-release tablets (Dr Reddy's Laboratories (UK) Ltd) (AMP)
42998911000001106,Tapentadol 250mg modified-release tablets (Aspire Pharma Ltd) (AMP)
43000011000001105,Lupaxis 150mg prolonged-release tablets (Dr Reddy's Laboratories (UK) Ltd) (AMP)
43000311000001108,Lupaxis 200mg prolonged-release tablets (Dr Reddy's Laboratories (UK) Ltd) (AMP)
43000611000001103,Lupaxis 250mg prolonged-release tablets (Dr Reddy's Laboratories (UK) Ltd) (AMP)
430611000001107,Ketoprofen 200mg modified-release capsules (A A H Pharmaceuticals Ltd) (AMP)
43130211000001103,Ibuprofen 200mg tablets (Relonchem Ltd) (AMP)
43142211000001101,Tapentadol 50mg modified-release tablets (Medical Valley Invest AB) (AMP)
43142411000001102,Tapentadol 100mg modified-release tablets (Medical Valley Invest AB) (AMP)
43142611000001104,Tapentadol 150mg modified-release tablets (Medical Valley Invest AB) (AMP)
43142811000001100,Tapentadol 200mg modified-release tablets (Medical Valley Invest AB) (AMP)
43143011000001102,Tapentadol 250mg modified-release tablets (Medical Valley Invest AB) (AMP)
43150611000001102,Indometacin 100mg suppositories (Medihealth (Northern) Ltd) (AMP)
43157511000001102,Tapentadol 100mg modified-release tablets (Medihealth (Northern) Ltd) (AMP)
43157711000001107,Tapentadol 150mg modified-release tablets (Medihealth (Northern) Ltd) (AMP)
43157911000001109,Tapentadol 200mg modified-release tablets (Medihealth (Northern) Ltd) (AMP)
43158111000001107,Tapentadol 50mg modified-release tablets (Medihealth (Northern) Ltd) (AMP)
43166811000001108,Indometacin 100mg suppositories (A A H Pharmaceuticals Ltd) (AMP)
43182211000001109,Dihydrocodeine 60mg modified-release tablets (Ennogen Healthcare International Ltd) (AMP)
43182411000001108,Dihydrocodeine 90mg modified-release tablets (Ennogen Healthcare International Ltd) (AMP)
43182611000001106,Dihydrocodeine 120mg modified-release tablets (Ennogen Healthcare International Ltd) (AMP)
43213511000001101,Vecicom 50mg prolonged-release tablets (Celix Pharma Ltd) (AMP)
43214311000001109,Vecicom 100mg prolonged-release tablets (Celix Pharma Ltd) (AMP)
43215111000001106,Vecicom 150mg prolonged-release tablets (Celix Pharma Ltd) (AMP)
43215811000001104,Vecicom 200mg prolonged-release tablets (Celix Pharma Ltd) (AMP)
43216011000001101,Vecicom 250mg prolonged-release tablets (Celix Pharma Ltd) (AMP)
4331311000001106,Indometacin 25mg capsules (Sandoz Ltd) (AMP)
4331511000001100,Indometacin 50mg capsules (Sandoz Ltd) (AMP)
43372111000001104,Paracetamol 250mg suppositories (Necessity Supplies Ltd) (AMP)
43397511000001101,Targinact 10mg/5mg modified-release tablets (Necessity Supplies Ltd) (AMP)
43399011000001100,Targinact 20mg/10mg modified-release tablets (Necessity Supplies Ltd) (AMP)
43400311000001100,Targinact 40mg/20mg modified-release tablets (Necessity Supplies Ltd) (AMP)
434011000001107,Naprosyn EC 500mg tablets (Atnahs Pharma UK Ltd) (AMP)
434411000001103,Valdic 100 Retard tablets (Fannin (UK) Ltd) (AMP)
434811000001101,Ibuprofen 400mg tablets (Sterwin Medicines) (AMP)
435111000001107,Diamorphine 500mg powder for solution for injection ampoules (Wockhardt UK Ltd) (AMP)
43555011000001109,Nortriptyline 10mg capsules (A A H Pharmaceuticals Ltd) (AMP)
43555311000001107,Nortriptyline 25mg capsules (A A H Pharmaceuticals Ltd) (AMP)
43555411000001100,Dihydrocodeine 120mg modified-release tablets (A A H Pharmaceuticals Ltd) (AMP)
43557511000001105,Tramadol 50mg modified-release capsules (A A H Pharmaceuticals Ltd) (AMP)
43567511000001100,Tramadol 100mg modified-release capsules (A A H Pharmaceuticals Ltd) (AMP)
43567711000001105,Tramadol 150mg modified-release capsules (A A H Pharmaceuticals Ltd) (AMP)
43568111000001105,Tramadol 200mg modified-release capsules (A A H Pharmaceuticals Ltd) (AMP)
436011000001102,Nabumetone 500mg tablets (Alliance Healthcare (Distribution) Ltd) (AMP)
4362711000001108,J Collis Browne's tablets (Thornton & Ross Ltd) (AMP)
4363611000001109,J Collis Browne's mixture (Thornton & Ross Ltd) (AMP)
43650211000001100,Motusol Max 12 Hour Pain Relief 2.32% gel (Teva UK Ltd) (AMP)
43659411000001106,Strefen Eucalyptus and Manuka Honey 8.75mg lozenges (Reckitt Benckiser Healthcare (UK) Ltd) (AMP)
4367211000001103,Generic J Collis Browne's tablets (VMP)
4367311000001106,Morphine 1mg/5ml / Peppermint oil 1.5microlitres/5ml oral solution (VMP)
437011000001104,Actiq 400microgram lozenges with integral oromucosal applicator (Teva UK Ltd) (AMP)
43727211000001105,BuTrans 15micrograms/hour transdermal patches (Pilsco Ltd) (AMP)
43762111000001106,Ibuprofen 200mg tablets (Brown & Burk UK Ltd) (AMP)
43762311000001108,Ibuprofen 400mg tablets (Brown & Burk UK Ltd) (AMP)
43762511000001102,Ibuprofen 600mg tablets (Brown & Burk UK Ltd) (AMP)
43787411000001100,Nefopam 30mg tablets (Novumgen Ltd) (AMP)
43787711000001106,Nortriptyline 10mg tablets (Novumgen Ltd) (AMP)
43787911000001108,Nortriptyline 25mg tablets (Novumgen Ltd) (AMP)
4379311000001107,MST Continus suspension 20mg granules sachets (Napp Pharmaceuticals Ltd) (AMP)
4379411000001100,Mobiflex 20mg powder and solvent for solution for injection vials (Roche Products Ltd) (AMP)
4380011000001109,MST Continus suspension 30mg granules sachets (Napp Pharmaceuticals Ltd) (AMP)
43803011000001104,Paracetamol 500mg effervescent tablets (Kent Pharma (UK) Ltd) (AMP)
4381311000001102,Piroxicam 0.5% gel (A A H Pharmaceuticals Ltd) (AMP)
4382711000001105,Morphine sulfate 10mg/1ml solution for injection ampoules (A A H Pharmaceuticals Ltd) (AMP)
4383011000001104,Morphine sulfate 10mg/1ml solution for injection ampoules (UCB Pharma Ltd) (AMP)
4383211000001109,Morphine sulfate 10mg/1ml solution for injection ampoules (Wockhardt UK Ltd) (AMP)
4383411000001108,Morphine sulfate 10mg/1ml solution for injection ampoules (Martindale Pharmaceuticals Ltd) (AMP)
4383611000001106,Morphine sulfate 10mg/1ml solution for injection ampoules (Alliance Healthcare (Distribution) Ltd) (AMP)
438511000001106,Codeine 30mg tablets (Wockhardt UK Ltd) (AMP)
4388011000001106,MXL 200mg capsules (Napp Pharmaceuticals Ltd) (AMP)
43883811000001106,Oxycodone 5mg capsules (Accord-UK Ltd) (AMP)
43886611000001101,Oxycodone 10mg capsules (Accord-UK Ltd) (AMP)
4389411000001105,Morphine 20mg modified-release granules sachets sugar free (VMP)
4389511000001109,Morphine 30mg modified-release granules sachets sugar free (VMP)
43927311000001106,Pregabalin 25mg capsules (Brown & Burk UK Ltd) (AMP)
43927611000001101,Pregabalin 50mg capsules (Brown & Burk UK Ltd) (AMP)
43927911000001107,Dihydrocodeine 30mg tablets (Crescent Pharma Ltd) (AMP)
43929411000001108,Gabapentin 100mg capsules (Crescent Pharma Ltd) (AMP)
43929911000001100,Gabapentin 300mg capsules (Crescent Pharma Ltd) (AMP)
43963511000001104,Pregabalin 25mg capsules (Manx Healthcare Ltd) (AMP)
43964211000001104,Pregabalin 50mg capsules (Manx Healthcare Ltd) (AMP)
43965611000001101,Pregabalin 75mg capsules (Manx Healthcare Ltd) (AMP)
43965811000001102,Gabapentin 400mg capsules (Crescent Pharma Ltd) (AMP)
43965911000001107,Pregabalin 100mg capsules (Manx Healthcare Ltd) (AMP)
43966611000001106,Pregabalin 150mg capsules (Manx Healthcare Ltd) (AMP)
43967711000001104,Pregabalin 200mg capsules (Manx Healthcare Ltd) (AMP)
43968011000001100,Pregabalin 300mg capsules (Manx Healthcare Ltd) (AMP)
43973811000001109,Voltarol 12 Hour Emulgel P 2.32% gel (Necessity Supplies Ltd) (AMP)
4398211000001102,Ibuleve 5% Mousse (Dendron Brands Ltd) (AMP)
4398411000001103,Ibumousse 5% (Dermal Laboratories Ltd) (AMP)
43990611000001106,Pregabalin 75mg capsules (Brown & Burk UK Ltd) (AMP)
43991011000001108,Pregabalin 100mg capsules (Brown & Burk UK Ltd) (AMP)
43991411000001104,Pregabalin 150mg capsules (Brown & Burk UK Ltd) (AMP)
43991811000001102,Pregabalin 200mg capsules (Brown & Burk UK Ltd) (AMP)
4400611000001107,Rapifen 1mg/2ml solution for injection ampoules (Piramal Critical Care Ltd) (AMP)
4401111000001105,Rapifen 5mg/10ml solution for injection ampoules (Piramal Critical Care Ltd) (AMP)
44014911000001100,Fenylat 12micrograms/hour transdermal patches (Luye Pharma Ltd) (AMP)
44015111000001104,Fenylat 25micrograms/hour transdermal patches (Luye Pharma Ltd) (AMP)
44015811000001106,Fenylat 50micrograms/hour transdermal patches (Luye Pharma Ltd) (AMP)
44016211000001104,Fenylat 75micrograms/hour transdermal patches (Luye Pharma Ltd) (AMP)
44016611000001102,Fenylat 100micrograms/hour transdermal patches (Luye Pharma Ltd) (AMP)
44023511000001104,Indometacin 100mg suppositories (Alliance Healthcare (Distribution) Ltd) (AMP)
44049111000001109,Oxycodone 10mg capsules (A A H Pharmaceuticals Ltd) (AMP)
44049311000001106,Oxycodone 5mg capsules (A A H Pharmaceuticals Ltd) (AMP)
44080711000001106,Morphine sulfate 10mg/10ml solution for injection pre-filled syringes (Special Order) (AMP)
440811000001107,Amitriptyline 25mg tablets (Kent Pharma (UK) Ltd) (AMP)
44086811000001101,Paracetamol 125mg suppositories (Alliance Healthcare (Distribution) Ltd) (AMP)
44087111000001106,Paracetamol 250mg suppositories (Alliance Healthcare (Distribution) Ltd) (AMP)
44087711000001107,Ibuprofen 10% gel (Alliance Healthcare (Distribution) Ltd) (AMP)
440911000001102,Defanac Retard 100mg tablets (Sun Pharma UK Ltd) (AMP)
4410411000001106,Rapifen Intensive Care 5mg/1ml solution for injection ampoules (Piramal Critical Care Ltd) (AMP)
44104611000001102,Flarin Joint & Muscular Pain Relief 200mg capsules (infirst Ltd) (AMP)
44124211000001106,Dihydrocodeine 60mg modified-release tablets (A A H Pharmaceuticals Ltd) (AMP)
44124411000001105,Dihydrocodeine 90mg modified-release tablets (A A H Pharmaceuticals Ltd) (AMP)
44153911000001103,Co-codamol 8mg/500mg effervescent tablets sugar free (Cipla EU Ltd) (AMP)
44162111000001103,Paracetamol 500mg capsules (Flamingo Pharma (UK) Ltd) (AMP)
44165011000001109,Diclofenac sodium 3% gel (Stirling Anglian Pharmaceuticals Ltd) (AMP)
44174211000001107,Etoricoxib 90mg tablets (Krka UK Ltd) (AMP)
442511000001105,Aspirin 300mg dispersible tablets (Accord-UK Ltd) (AMP)
44289211000001102,Etoricoxib 120mg tablets (Novumgen Ltd) (AMP)
44289811000001101,Etoricoxib 30mg tablets (Novumgen Ltd) (AMP)
44290411000001107,Etoricoxib 60mg tablets (Novumgen Ltd) (AMP)
44291011000001107,Etoricoxib 90mg tablets (Novumgen Ltd) (AMP)
44291111000001108,Tramadol 50mg modified-release capsules (Noumed Life Sciences Ltd) (AMP)
44292711000001102,Tramadol 150mg modified-release capsules (Noumed Life Sciences Ltd) (AMP)
44295011000001109,Tramadol 200mg modified-release capsules (Noumed Life Sciences Ltd) (AMP)
443311000001109,Aspirin 300mg suppositories (The Boots Company Plc) (AMP)
44333811000001104,Pregabalin 50mg capsules (Medical Valley Invest AB) (AMP)
44371211000001101,Ibuprofen 400mg tablets (RX Farma) (AMP)
444111000001109,Feldene P 0.5% gel (Pfizer Ltd) (AMP)
444411000001104,Physeptone 50mg/5ml solution for injection ampoules (Martindale Pharmaceuticals Ltd) (AMP)
44457811000001101,Etoricoxib 30mg tablets (Krka UK Ltd) (AMP)
44458311000001106,Etoricoxib 60mg tablets (Krka UK Ltd) (AMP)
44458511000001100,Etoricoxib 120mg tablets (Krka UK Ltd) (AMP)
44511000001108,Lofensaid 50mg gastro-resistant tablets (Opus Pharmaceuticals Ltd) (AMP)
445511000001104,Gencardia 75mg gastro-resistant tablets (Genus Pharmaceuticals Ltd) (AMP)
445711000001109,Brufen 100mg/5ml syrup (Viatris UK Healthcare Ltd) (AMP)
44611000001107,Voltarol 50mg suppositories (Novartis Pharmaceuticals UK Ltd) (AMP)
446111000001102,Pethidine 100mg/10ml solution for injection ampoules (Alliance Healthcare (Distribution) Ltd) (AMP)
44680211000001107,Diclofenac 2.32% gel (Teva UK Ltd) (AMP)
4472411000001102,Beechams All-In-One oral solution (Haleon UK Trading Ltd) (AMP)
447511000001108,Naproxen 500mg tablets (Viatris UK Healthcare Ltd) (AMP)
4475211000001106,Marcain Heavy 0.5% solution for injection 4ml ampoules (Aspen Pharma Trading Ltd) (AMP)
4476211000001100,Morphine sulfate 60mg/2ml solution for injection ampoules (A A H Pharmaceuticals Ltd) (AMP)
4476511000001102,Morphine sulfate 60mg/2ml solution for injection ampoules (UCB Pharma Ltd) (AMP)
4477011000001108,Morphine sulfate 60mg/2ml solution for injection ampoules (Wockhardt UK Ltd) (AMP)
4477511000001100,Morphine sulfate 60mg/2ml solution for injection ampoules (Alliance Healthcare (Distribution) Ltd) (AMP)
447811000001106,Codeine 60mg/1ml solution for injection ampoules (Martindale Pharmaceuticals Ltd) (AMP)
4478411000001100,Morphine sulfate 20mg/1ml solution for injection ampoules (A A H Pharmaceuticals Ltd) (AMP)
4478911000001108,Morphine sulfate 20mg/1ml solution for injection ampoules (Martindale Pharmaceuticals Ltd) (AMP)
4481411000001104,Bupivacaine 20mg/4ml (0.5%) / Glucose 320mg/4ml solution for injection ampoules (VMP)
4481811000001102,Generic Beechams All-In-One oral solution sugar free (VMP)
448311000001101,Methadone 50mg/5ml solution for injection ampoules (Martindale Pharmaceuticals Ltd) (AMP)
4490411000001107,Panadol NightPain tablets (Haleon UK Trading Ltd) (AMP)
44932011000001107,Paracetamol 500mg / Ibuprofen 200mg tablets (Galpharm International Ltd) (AMP)
44952911000001107,Oxycodone 20mg capsules (Accord-UK Ltd) (AMP)
44956511000001104,Combogesic Pain Relief 500mg/150mg tablets (AFT Pharma UK Ltd) (AMP)
44966511000001105,Voltarol 12 Hour Emulgel P 2.32% gel (Drugsrus Ltd) (AMP)
44975911000001101,Diclofenac 1.16% gel (Teva UK Ltd) (AMP)
44978311000001106,Diclofenac sodium 100mg modified-release tablets (Dexcel-Pharma Ltd) (AMP)
44978511000001100,Diclofenac sodium 75mg modified-release tablets (Dexcel-Pharma Ltd) (AMP)
450411000001108,Piroxicam 20mg capsules (Approved Prescription Services Ltd) (AMP)
45050211000001102,Paracetamol 500mg / Ibuprofen 200mg tablets (A A H Pharmaceuticals Ltd) (AMP)
45051811000001109,Oxycodone 20mg capsules (A A H Pharmaceuticals Ltd) (AMP)
450611000001106,Lofensaid 25mg gastro-resistant tablets (Opus Pharmaceuticals Ltd) (AMP)
45078111000001107,Tramadol 50mg modified-release capsules (Alliance Healthcare (Distribution) Ltd) (AMP)
45078211000001101,Dihydrocodeine 120mg modified-release tablets (Alliance Healthcare (Distribution) Ltd) (AMP)
45078511000001103,Tramadol 200mg modified-release capsules (Alliance Healthcare (Distribution) Ltd) (AMP)
45078711000001108,Tramadol 150mg modified-release capsules (Alliance Healthcare (Distribution) Ltd) (AMP)
45078811000001100,Dihydrocodeine 60mg modified-release tablets (Alliance Healthcare (Distribution) Ltd) (AMP)
45079111000001100,Tramadol 100mg modified-release capsules (Alliance Healthcare (Distribution) Ltd) (AMP)
45079211000001106,Dihydrocodeine 90mg modified-release tablets (Alliance Healthcare (Distribution) Ltd) (AMP)
45087711000001103,Transtec 35micrograms/hour transdermal patches (Pilsco Ltd) (AMP)
45087911000001101,Transtec 52.5micrograms/hour transdermal patches (Pilsco Ltd) (AMP)
45088111000001103,Transtec 70micrograms/hour transdermal patches (Pilsco Ltd) (AMP)
45103211000001108,Paracetamol 500mg capsules (Somex Pharma) (AMP)
451211000001103,Ibuprofen 600mg tablets (A A H Pharmaceuticals Ltd) (AMP)
451511000001100,Tramake 50mg capsules (Galen Ltd) (AMP)
45151911000001106,Naproxen 250mg tablets (Flamingo Pharma (UK) Ltd) (AMP)
45152111000001103,Naproxen 500mg tablets (Flamingo Pharma (UK) Ltd) (AMP)
45162011000001106,Paracetamol 1g tablets (RX Farma) (AMP)
451911000001107,Piroxicam 20mg dispersible tablets (Alliance Healthcare (Distribution) Ltd) (AMP)
45198311000001105,Paracetamol 1g tablets (A A H Pharmaceuticals Ltd) (AMP)
4521711000001105,Fentanyl 500micrograms/10ml solution for injection ampoules (A A H Pharmaceuticals Ltd) (AMP)
4522311000001102,Sublimaze 500micrograms/10ml solution for injection ampoules (Piramal Critical Care Ltd) (AMP)
4523111000001105,Fentanyl 500micrograms/10ml solution for injection ampoules (Martindale Pharmaceuticals Ltd) (AMP)
45235011000001107,Nefopam 30mg tablets (Rudipharm Ltd) (AMP)
45252711000001104,Aspirin 75mg tablets (Rudipharm Ltd) (AMP)
45256011000001102,Celecoxib 100mg capsules (Necessity Supplies Ltd) (AMP)
45256511000001105,Celecoxib 200mg capsules (Necessity Supplies Ltd) (AMP)
4525911000001109,Morphgesic SR 10mg tablets (Advanz Pharma) (AMP)
4526211000001106,Morphine sulfate 20mg suppositories (A A H Pharmaceuticals Ltd) (AMP)
4526311000001103,Rhotard Morphine SR 10mg tablets (Sovereign Medical Ltd) (AMP)
4526611000001108,Morphine sulfate 20mg suppositories (Martindale Pharmaceuticals Ltd) (AMP)
45266411000001103,Ibuprofen 200mg tablets (Numark Ltd) (AMP)
45267611000001103,Paracetamol 250mg/5ml oral suspension sugar free (Numark Ltd) (AMP)
45267911000001109,Paracetamol 120mg/5ml oral suspension paediatric sugar free (Numark Ltd) (AMP)
4526811000001107,Morphgesic SR 30mg tablets (Advanz Pharma) (AMP)
4527011000001103,Rhotard Morphine SR 30mg tablets (Sovereign Medical Ltd) (AMP)
4527211000001108,Morphgesic SR 60mg tablets (Advanz Pharma) (AMP)
4527411000001107,Rhotard Morphine SR 60mg tablets (Sovereign Medical Ltd) (AMP)
45278411000001105,Amitriptyline 10mg tablets (Amarox Ltd) (AMP)
45278611000001108,Amitriptyline 25mg tablets (Amarox Ltd) (AMP)
45278811000001107,Amitriptyline 50mg tablets (Amarox Ltd) (AMP)
4527911000001104,Morphgesic SR 100mg tablets (Advanz Pharma) (AMP)
4528311000001104,Rhotard Morphine SR 100mg tablets (Sovereign Medical Ltd) (AMP)
4532311000001104,Disprin CV 300mg modified-release tablets (Reckitt Benckiser Healthcare (UK) Ltd) (AMP)
4533611000001104,Lentizol 50mg modified-release capsules (Pfizer Ltd) (AMP)
4534311000001106,Lentizol 25mg modified-release capsules (Pfizer Ltd) (AMP)
4535711000001109,Fenpaed 100mg/5ml oral suspension (Pinewood Healthcare) (AMP)
4541711000001108,Indocid 5mg/ml oral suspension (Organon Pharma (UK) Ltd) (AMP)
4545511000001100,Nurofen Advance 200mg tablets (Crookes Healthcare Ltd) (AMP)
4549711000001107,Naprosyn 500mg suppositories (Roche Products Ltd) (AMP)
4550611000001107,Naprosyn 125mg/5ml oral suspension (Roche Products Ltd) (AMP)
455111000001106,Ketoprofen 200mg modified-release capsules (Alliance Healthcare (Distribution) Ltd) (AMP)
4557011000001104,Ibuprofen lysine 342mg tablets (VMP)
4558011000001103,Aspirin 300mg modified-release tablets (VMP)
455811000001104,Piroxicam 10mg dispersible tablets (Viatris UK Healthcare Ltd) (AMP)
4562011000001108,Indometacin 25mg/5ml oral suspension sugar free (VMP)
4572011000001104,Diclofenac sodium 75mg modified-release tablets (A A H Pharmaceuticals Ltd) (AMP)
4572311000001101,Diclofenac sodium 100mg modified-release tablets (A A H Pharmaceuticals Ltd) (AMP)
4573211000001103,Indometacin 75mg modified-release capsules (A A H Pharmaceuticals Ltd) (AMP)
4575711000001106,Ketoprofen 100mg modified-release capsules (A A H Pharmaceuticals Ltd) (AMP)
458511000001105,Orudis 100mg capsules (Sanofi) (AMP)
4585211000001105,Calprofen 100mg/5ml oral suspension (McNeil Products Ltd) (AMP)
4589811000001109,Lemsip Pharmacy Non-Decongestant Formula 1g oral powder sachets (Reckitt Benckiser Healthcare (UK) Ltd) (AMP)
459211000001102,Neurontin 100mg capsules (Viatris UK Healthcare Ltd) (AMP)
4599611000001106,"Bupivacaine 25mg/10ml (0.25%) / Adrenaline (base) 50micrograms/10ml (1 in 200,000) solution for injection ampoules (A A H Pharmaceuticals Ltd) (AMP)"
4600111000001101,"Marcain 0.25% with Adrenaline 50micrograms/10ml (1 in 200,000) solution for injection ampoules (AstraZeneca UK Ltd) (AMP)"
4601011000001106,Paracetamol 1g / Phenylephrine 12.2mg oral powder sachets (VMP)
4601111000001107,Paracetamol 1g oral powder sachets (VMP)
4603011000001107,Ibuprofen 200mg tablets (Sussex Pharmaceutical Ltd) (AMP)
4603411000001103,Nurofen Recovery 200mg orodispersible tablets (Reckitt Benckiser Healthcare (UK) Ltd) (AMP)
4604211000001104,Ibuprofen 400mg tablets (Sussex Pharmaceutical Ltd) (AMP)
4605611000001101,Nurofen for Children Singles 100mg/5ml oral suspension 5ml sachets orange (Reckitt Benckiser Healthcare (UK) Ltd) (AMP)
4607711000001104,"Bupivacaine 50mg/10ml (0.5%) / Adrenaline (base) 50micrograms/10ml (1 in 200,000) solution for injection ampoules (A A H Pharmaceuticals Ltd) (AMP)"
4608211000001105,"Marcain 0.5% with Adrenaline 50micrograms/10ml (1 in 200,000) solution for injection ampoules (AstraZeneca UK Ltd) (AMP)"
461011000001104,Piroxicam 0.5% gel (Alliance Healthcare (Distribution) Ltd) (AMP)
46111000001106,Fenbid Forte 10% gel (Advanz Pharma) (AMP)
461411000001108,Zydol XL 400mg tablets (Grunenthal Ltd) (AMP)
4615511000001102,Ibuprofen 100mg/5ml oral suspension 5ml sachets sugar free (VMP)
4616011000001101,"Bupivacaine 25mg/10ml (0.25%) / Adrenaline (base) 50micrograms/10ml (1 in 200,000) solution for injection ampoules (VMP)"
4616111000001100,"Bupivacaine 50mg/10ml (0.5%) / Adrenaline (base) 50micrograms/10ml (1 in 200,000) solution for injection ampoules (VMP)"
4616511000001109,Lemsip Ibuprofen modified-release capsules (Reckitt Benckiser Healthcare (UK) Ltd) (AMP)
462111000001108,Physeptone 5mg tablets (Martindale Pharmaceuticals Ltd) (AMP)
4621811000001105,Panadol ActiFast 500mg tablets (Haleon UK Trading Ltd) (AMP)
4623511000001106,Ibuprofen 300mg / Pseudoephedrine 45mg modified-release capsules (VMP)
4626911000001105,Eccoxolac 300mg capsules (Meda Pharmaceuticals Ltd) (AMP)
4632211000001100,Feverfen 100mg/5ml oral suspension (Wise Pharmaceuticals Ltd) (AMP)
4635211000001105,OxyNorm 10mg/1ml solution for injection ampoules (Napp Pharmaceuticals Ltd) (AMP)
4636011000001109,OxyNorm 20mg/2ml solution for injection ampoules (Napp Pharmaceuticals Ltd) (AMP)
4637411000001103,Voltarol Ophtha Multidose 0.1% eye drops (Thea Pharmaceuticals Ltd) (AMP)
4646411000001104,Dimotane Co oral solution paediatric sugar free (Wyeth Consumer Healthcare) (AMP)
4647211000001101,Dimotane Co oral solution sugar free (Wyeth Consumer Healthcare) (AMP)
4648711000001109,Maximum Strength Aspro Clear 500mg effervescent tablets (Bayer Plc) (AMP)
4649111000001101,Aspro Clear 300mg effervescent tablets (Bayer Plc) (AMP)
4650611000001100,Aspirin 500mg effervescent tablets sugar free (VMP)
4651111000001102,Generic Dimotane Co oral solution sugar free (VMP)
4652311000001109,Diclofenac 0.1% eye drops (VMP)
4656111000001106,Paramol tablets (Reckitt Benckiser Healthcare (UK) Ltd) (AMP)
4660511000001106,Co-dydramol 7.46mg/500mg tablets (VMP)
4660611000001105,Aspirin 300mg effervescent tablets sugar free (VMP)
4660711000001101,Generic Dimotane Co oral solution paediatric sugar free (VMP)
466311000001109,Methadone 1mg/ml oral solution (A A H Pharmaceuticals Ltd) (AMP)
46711000001107,Pethidine 100mg/10ml solution for injection ampoules (Martindale Pharmaceuticals Ltd) (AMP)
467511000001101,Methadone 35mg/3.5ml solution for injection ampoules (A A H Pharmaceuticals Ltd) (AMP)
468211000001100,Piroxicam 10mg capsules (Accord-UK Ltd) (AMP)
468511000001102,Paracetamol 120mg suppositories (Martindale Pharmaceuticals Ltd) (AMP)
471711000001108,Co-proxamol 32.5mg/325mg tablets (Kent Pharma (UK) Ltd) (AMP)
4721411000001103,Kaodene oral suspension (Sovereign Medical Ltd) (AMP)
473411000001103,Feldene 10mg dispersible tablets (Pfizer Ltd) (AMP)
473711000001109,Enprin 75mg gastro-resistant tablets (Galpharm International Ltd) (AMP)
473811000001101,Zamadol 100mg/2ml solution for injection ampoules (Viatris UK Healthcare Ltd) (AMP)
474111000001105,Galprofen 200mg tablets (Galpharm International Ltd) (AMP)
4742711000001100,Sinutab Non-Drowsy tablets (McNeil Products Ltd) (AMP)
4743711000001108,Pentazocine 25mg tablets (Kent Pharma (UK) Ltd) (AMP)
4747911000001101,Paracetamol 500mg / Pseudoephedrine hydrochloride 30mg tablets (VMP)
474911000001108,Co-dydramol 10mg/500mg tablets (Zentiva Pharma UK Ltd) (AMP)
47511000001100,Amitriptyline 10mg tablets (Kent Pharma (UK) Ltd) (AMP)
476711000001102,Aspirin 75mg gastro-resistant tablets (Sandoz Ltd) (AMP)
4769311000001102,Propain caplets (Ceuta Healthcare Ltd) (AMP)
477011000001101,Orbifen For Children 100mg/5ml oral suspension (Orbis Consumer Products Ltd) (AMP)
477611000001108,Flurbiprofen 50mg tablets (A A H Pharmaceuticals Ltd) (AMP)
4777011000001101,Generic Propain caplets (VMP)
479411000001101,Triptafen-M tablets (Mercury Pharma Group Ltd) (AMP)
481611000001108,Naproxen 500mg tablets (Wockhardt UK Ltd) (AMP)
482011000001109,Larafen CR 200mg capsules (Ennogen Pharma Ltd) (AMP)
4820811000001106,Flurbiprofen 50mg tablets (Genus Pharmaceuticals Ltd) (AMP)
4821011000001109,Flurbiprofen 100mg tablets (Genus Pharmaceuticals Ltd) (AMP)
4821211000001104,Tramadol 50mg capsules (Genus Pharmaceuticals Ltd) (AMP)
4825211000001101,Indocid PDA 1mg powder for solution for injection vials (Lundbeck Pharmaceuticals Ireland Ltd) (AMP)
4831411000001102,Methadone 10mg/1ml solution for injection ampoules (Rosemont Pharmaceuticals Ltd) (AMP)
4831911000001105,Methadone 20mg/2ml solution for injection ampoules (Rosemont Pharmaceuticals Ltd) (AMP)
4832211000001108,Methadone 35mg/3.5ml solution for injection ampoules (Rosemont Pharmaceuticals Ltd) (AMP)
4832411000001107,Methadone 50mg/5ml solution for injection ampoules (Rosemont Pharmaceuticals Ltd) (AMP)
483511000001108,Paracetamol 500mg capsules (Aspar Pharmaceuticals Ltd) (AMP)
484911000001104,Tiloket 2.5% gel (Tillomed Laboratories Ltd) (AMP)
4868911000001106,Co-codamol 30mg/500mg tablets (IVAX Pharmaceuticals UK Ltd) (AMP)
4870111000001103,Nabumetone 500mg tablets (Sandoz Ltd) (AMP)
4871811000001102,Resolve effervescent granules 8.09g sachets (G.R. Lane Health Products Ltd) (AMP)
4872311000001102,Resolve Extra effervescent granules sachets (G.R. Lane Health Products Ltd) (AMP)
4874811000001100,Generic Resolve Extra effervescent granules sachets (VMP)
4874911000001105,Generic Resolve effervescent granules 8.09g sachets (VMP)
488611000001100,Paracetamol 500mg soluble tablets (Zentiva Pharma UK Ltd) (AMP)
4890011000001108,Alka Rapid Crystals 500mg granules sachets (Bayer Plc) (AMP)
4897611000001102,Aspirin 500mg granules sachets sugar free (VMP)
4903911000001107,Paracetamol 500mg / Diphenhydramine 25mg tablets (McNeil Products Ltd) (AMP)
490411000001102,Lofensaid Retard 100 tablets (Opus Pharmaceuticals Ltd) (AMP)
4906811000001106,Disprin Direct 300mg orodispersible tablets (Reckitt Benckiser Healthcare (UK) Ltd) (AMP)
491111000001101,Methadone 20mg/2ml solution for injection ampoules (A A H Pharmaceuticals Ltd) (AMP)
4911611000001102,Disprin Extra dispersible tablets (Reckitt Benckiser Healthcare (UK) Ltd) (AMP)
4914411000001103,Anadin Extra soluble tablets (Haleon UK Trading Ltd) (AMP)
4915111000001107,Anadin Extra tablets (Haleon UK Trading Ltd) (AMP)
491811000001108,Motipress tablets (Sanofi-Synthelabo Ltd) (AMP)
491911000001103,Ibuprofen 400mg tablets (Kent Pharma (UK) Ltd) (AMP)
4920611000001102,Feminax tablets (Bayer Plc) (AMP)
4923111000001103,Dolvan tablets (Norma Chemicals Ltd) (AMP)
4924611000001109,Solpadeine Plus capsules (Omega Pharma Ltd) (AMP)
4925311000001100,Vicks Medinite syrup (Procter & Gamble (Health & Beauty Care) Ltd) (AMP)
4925711000001101,Alka-Seltzer effervescent tablets original (Bayer Plc) (AMP)
4926011000001107,Alka-Seltzer effervescent tablets lemon (Bayer Plc) (AMP)
4928511000001103,Panadol Extra soluble tablets (Haleon UK Trading Ltd) (AMP)
4929311000001103,Hedex Extra tablets (Omega Pharma Ltd) (AMP)
4929511000001109,Panadol Extra tablets (Haleon UK Trading Ltd) (AMP)
4930811000001101,Aspirin 300mg / Paracetamol 200mg dispersible tablets sugar free (VMP)
4930911000001106,Aspirin 300mg orodispersible tablets sugar free (VMP)
4931111000001102,De Witt's Analgesic Pills (E.C. DeWitt and Company Ltd) (AMP)
4932311000001109,Generic Alka-Seltzer effervescent tablets sugar free (VMP)
4932411000001102,Generic Anadin Extra soluble tablets sugar free (VMP)
4932511000001103,Generic Anadin Extra tablets (VMP)
4933811000001108,Generic Dolvan tablets (VMP)
4933911000001103,Generic Feminax tablets (VMP)
4934311000001102,Generic Solpadeine Plus capsules (VMP)
4934611000001107,Generic Vicks Medinite syrup (VMP)
493511000001109,Aspirin 300mg tablets (Alliance Healthcare (Distribution) Ltd) (AMP)
4935111000001100,Paracetamol 367mg / Caffeine 30mg tablets (VMP)
4937411000001104,Beechams Powders oral powder sachets (Haleon UK Trading Ltd) (AMP)
4939011000001104,Aspirin 600mg / Caffeine 50mg oral powder sachets sugar free (VMP)
4942811000001104,Terpin 32.5mg/5ml / Codeine 16mg/5ml linctus (A A H Pharmaceuticals Ltd) (AMP)
4943111000001100,Terpin 32.5mg/5ml / Codeine 16mg/5ml linctus (Thornton & Ross Ltd) (AMP)
494511000001107,Piroxicam 10mg capsules (Approved Prescription Services Ltd) (AMP)
4949511000001106,Calpol Six Plus 250mg/5ml oral suspension 5ml sachets sugar free (McNeil Products Ltd) (AMP)
4951811000001105,Codis 500 dispersible tablets (Reckitt Benckiser Healthcare (UK) Ltd) (AMP)
495411000001109,Surgam SA 300mg capsules (Sanofi) (AMP)
4956111000001107,Aspirin 500mg / Codeine 8mg dispersible tablets sugar free (VMP)
4957511000001101,Paracetamol 250mg/5ml oral suspension 5ml sachets sugar free (VMP)
4957811000001103,Terpin 32.5mg/5ml / Codeine 16mg/5ml linctus (VMP)
4958711000001107,Morphine hydrochloride 15mg suppositories (A A H Pharmaceuticals Ltd) (AMP)
496611000001102,Pethidine 100mg/2ml solution for injection ampoules (Wockhardt UK Ltd) (AMP)
497011000001107,Closteril 100 modified-release tablets (Pharmalife Healthcare Services Ltd) (AMP)
49711000001102,Flamrase 75mg SR tablets (Teva UK Ltd) (AMP)
497111000001108,Ibuprofen 400mg tablets (Alliance Healthcare (Distribution) Ltd) (AMP)
497711000001109,Piroxicam 20mg dispersible tablets (A A H Pharmaceuticals Ltd) (AMP)
4980711000001100,Opium tincture (Alliance Healthcare (Distribution) Ltd) (AMP)
4986211000001109,Opazimes chewable tablets (Strides Pharma UK Ltd) (AMP)
4999811000001103,Generic Opazimes chewable tablets (VMP)
5003211000001101,Nabumetone 500mg tablets (IVAX Pharmaceuticals UK Ltd) (AMP)
5014211000001100,Paracetamol 120mg/5ml / Diphenhydramine 7mg/5ml oral suspension sugar free (VMP)
5019911000001105,Aspirin 300mg tablets (Vantage) (AMP)
5020311000001105,Co-codamol 8mg/500mg tablets (Vantage) (AMP)
5021111000001102,Ibuprofen 100mg/5ml oral suspension sugar free (Vantage) (AMP)
503111000001105,Paracetamol 250mg/5ml oral suspension sugar free (Approved Prescription Services Ltd) (AMP)
50411000001100,Indometacin 100mg suppositories (A A H Pharmaceuticals Ltd) (AMP)
505311000001108,Pethidine 50mg/5ml solution for injection ampoules (Alliance Healthcare (Distribution) Ltd) (AMP)
505411000001101,Paracetamol 120mg/5ml oral suspension paediatric sugar free (Kent Pharma (UK) Ltd) (AMP)
505811000001104,Ketoprofen 100mg modified-release capsules (Alliance Healthcare (Distribution) Ltd) (AMP)
50611000001102,Aspirin 75mg gastro-resistant tablets (Kent Pharma (UK) Ltd) (AMP)
509511000001104,Miradol 500mg tablets (Durbin Plc) (AMP)
510711000001104,Phorpain Maximum Strength 10% gel (Advanz Pharma) (AMP)
510811000001107,Flurbiprofen 50mg tablets (Alliance Healthcare (Distribution) Ltd) (AMP)
511611000001103,Neurontin 600mg tablets (Viatris UK Healthcare Ltd) (AMP)
513211000001101,Pethidine 50mg/5ml solution for injection ampoules (Martindale Pharmaceuticals Ltd) (AMP)
513511000001103,Ketoprofen 50mg capsules (A A H Pharmaceuticals Ltd) (AMP)
514611000001101,Triptafen tablets (Advanz Pharma) (AMP)
515611000001100,Feldene 0.5% gel (Pfizer Ltd) (AMP)
5162711000001107,Amitriptyline 25mg tablets (Sandoz Ltd) (AMP)
5165511000001108,Mentholatum Ibuprofen 5% gel (The Mentholatum Company Ltd) (AMP)
517411000001109,Co-codamol 8mg/500mg tablets (Teva UK Ltd) (AMP)
518611000001106,Diamorphine 500mg powder for solution for injection ampoules (Alliance Healthcare (Distribution) Ltd) (AMP)
5196111000001108,Methadone 1mg/ml oral solution sugar free (Thornton & Ross Ltd) (AMP)
521011000001101,Naproxen 500mg tablets (Alliance Healthcare (Distribution) Ltd) (AMP)
52111000001109,Ibugel Forte 10% gel (Dermal Laboratories Ltd) (AMP)
521711000001104,Naproxen 250mg tablets (Wockhardt UK Ltd) (AMP)
522211000001104,Disprol Paracetamol 120mg soluble tablets (Reckitt Benckiser Healthcare (UK) Ltd) (AMP)
5226111000001104,Codeine 3mg/5ml linctus paediatric (Thornton & Ross Ltd) (AMP)
522911000001108,Ibuprofen 400mg tablets (Aspar Pharmaceuticals Ltd) (AMP)
5254111000001107,Original Phensic Aspirin tablets (Merck Consumer Health Products) (AMP)
525611000001106,Indometacin 50mg capsules (Viatris UK Healthcare Ltd) (AMP)
526111000001109,Panadol 500mg tablets (Haleon UK Trading Ltd) (AMP)
5263811000001109,Aspirin 325mg / Caffeine 22mg tablets (VMP)
526911000001107,Co-proxamol 32.5mg/325mg tablets (Actavis UK Ltd) (AMP)
5287311000001109,Diclofenac 100mg suppositories (Dowelhurst Ltd) (AMP)
530011000001108,Diclofenac sodium 25mg gastro-resistant tablets (Sandoz Ltd) (AMP)
5303811000001104,Mobic 15mg suppositories (Dowelhurst Ltd) (AMP)
5314111000001105,Meloxicam 15mg suppositories (Dowelhurst Ltd) (AMP)
531911000001100,Indometacin 75mg modified-release capsules (Alliance Healthcare (Distribution) Ltd) (AMP)
5324711000001102,Voltarol 100mg suppositories (Dowelhurst Ltd) (AMP)
5329711000001101,Aceclofenac 100mg tablets (Waymade Healthcare Plc) (AMP)
5334711000001100,Arthrotec 50 gastro-resistant tablets (Waymade Healthcare Plc) (AMP)
5335511000001106,Arthrotec 75 gastro-resistant tablets (Waymade Healthcare Plc) (AMP)
5336211000001102,Asasantin Retard capsules (Waymade Healthcare Plc) (AMP)
5346211000001101,Celebrex 200mg capsules (Waymade Healthcare Plc) (AMP)
534911000001102,Diclofenac sodium 25mg gastro-resistant tablets (Viatris UK Healthcare Ltd) (AMP)
5358611000001100,Dexketoprofen 25mg tablets (Waymade Healthcare Plc) (AMP)
5361611000001103,Diclofenac 50mg dispersible tablets sugar free (Waymade Healthcare Plc) (AMP)
5362411000001106,Diclofenac 100mg suppositories (Waymade Healthcare Plc) (AMP)
5365911000001106,Feldene 0.5% gel (Waymade Healthcare Plc) (AMP)
5368511000001107,Froben SR 200mg capsules (Waymade Healthcare Plc) (AMP)
537511000001101,Methadone 35mg/3.5ml solution for injection ampoules (Wockhardt UK Ltd) (AMP)
538011000001105,Alvedon 60mg suppositories (Esteve Pharmaceuticals Ltd) (AMP)
538211000001100,Froben 100mg tablets (Abbott Laboratories Ltd) (AMP)
5389511000001104,Mobic 7.5mg tablets (Waymade Healthcare Plc) (AMP)
5389711000001109,Meloxicam 7.5mg tablets (Waymade Healthcare Plc) (AMP)
5389911000001106,Meloxicam 15mg tablets (Waymade Healthcare Plc) (AMP)
5390911000001104,Mobic 15mg tablets (Waymade Healthcare Plc) (AMP)
5392711000001102,Motifene 75mg modified-release capsules (Waymade Healthcare Plc) (AMP)
5392911000001100,Naprosyn 500mg tablets (Waymade Healthcare Plc) (AMP)
5396711000001103,Oruvail 200 modified-release capsules (Waymade Healthcare Plc) (AMP)
5398011000001101,Neurontin 100mg capsules (Waymade Healthcare Plc) (AMP)
5398211000001106,Neurontin 300mg capsules (Waymade Healthcare Plc) (AMP)
5398411000001105,Neurontin 400mg capsules (Waymade Healthcare Plc) (AMP)
5400111000001109,Neurontin 600mg tablets (Waymade Healthcare Plc) (AMP)
5400311000001106,Neurontin 800mg tablets (Waymade Healthcare Plc) (AMP)
5406211000001101,Relifex 500mg tablets (Waymade Healthcare Plc) (AMP)
540811000001101,Amitriptyline 50mg tablets (Teva UK Ltd) (AMP)
541311000001100,Indomod 75mg modified-release capsules (Pfizer Ltd) (AMP)
541811000001109,Acoflam 75mg SR tablets (Mercury Pharma Group Ltd) (AMP)
541911000001104,Physeptone 20mg/2ml solution for injection ampoules (Martindale Pharmaceuticals Ltd) (AMP)
5425611000001101,Voltarol Retard 100mg tablets (Waymade Healthcare Plc) (AMP)
5431911000001107,Zydol SR 100mg tablets (Waymade Healthcare Plc) (AMP)
5432311000001102,Zydol SR 150mg tablets (Waymade Healthcare Plc) (AMP)
5432511000001108,Zydol SR 200mg tablets (Waymade Healthcare Plc) (AMP)
543611000001109,Dihydrocodeine 30mg tablets (Wockhardt UK Ltd) (AMP)
5438811000001108,Acupan 30mg tablets (Dowelhurst Ltd) (AMP)
5441311000001107,Aceclofenac 100mg tablets (Dowelhurst Ltd) (AMP)
5441711000001106,Preservex 100mg tablets (Dowelhurst Ltd) (AMP)
544911000001101,Disprin 300mg dispersible tablets (Reckitt Benckiser Healthcare (UK) Ltd) (AMP)
545111000001100,Metharose 1mg/ml oral solution sugar free (Rosemont Pharmaceuticals Ltd) (AMP)
545311000001103,Cuprofen 5% gel (SSL International Plc) (AMP)
5464511000001108,Gabapentin 300mg capsules (Dowelhurst Ltd) (AMP)
5465111000001100,Gabapentin 400mg capsules (Dowelhurst Ltd) (AMP)
54711000001100,Methadone 20mg/2ml solution for injection ampoules (Martindale Pharmaceuticals Ltd) (AMP)
5471411000001101,Gabapentin 100mg capsules (Teva UK Ltd) (AMP)
5472411000001106,Gabapentin 300mg capsules (Teva UK Ltd) (AMP)
5473811000001100,Gabapentin 400mg capsules (Teva UK Ltd) (AMP)
5474211000001103,Gabapentin 600mg tablets (Teva UK Ltd) (AMP)
5474911000001107,Naproxen 250mg gastro-resistant tablets (Kent Pharma (UK) Ltd) (AMP)
5475211000001102,Gabapentin 800mg tablets (Teva UK Ltd) (AMP)
5476011000001103,Piroxicam 0.5% gel (Dowelhurst Ltd) (AMP)
547611000001101,Diclofenac sodium 50mg gastro-resistant tablets (Alliance Healthcare (Distribution) Ltd) (AMP)
547811000001102,Naproxen 250mg gastro-resistant tablets (Alliance Healthcare (Distribution) Ltd) (AMP)
5482811000001102,Mobiflex 20mg tablets (Waymade Healthcare Plc) (AMP)
548711000001106,Dihydrocodeine 30mg tablets (Sun Pharma UK Ltd) (AMP)
5489311000001103,Brufen Retard 800mg tablets (Waymade Healthcare Plc) (AMP)
5496511000001100,Meloxicam 15mg tablets (Dowelhurst Ltd) (AMP)
5496611000001101,Meloxicam 7.5mg tablets (Dowelhurst Ltd) (AMP)
549811000001105,Co-codamol 30mg/500mg tablets (A A H Pharmaceuticals Ltd) (AMP)
550011000001109,Motrin 600mg tablets (Pfizer Ltd) (AMP)
5504011000001105,Gabapentin 100mg capsules (Dowelhurst Ltd) (AMP)
5506011000001100,Nabumetone 500mg tablets (Dowelhurst Ltd) (AMP)
550611000001102,Panadol 500mg capsules (Haleon UK Trading Ltd) (AMP)
551011000001100,Paracetamol 500mg capsules (Alliance Healthcare (Distribution) Ltd) (AMP)
5511811000001103,Tenoxicam 20mg tablets (Dowelhurst Ltd) (AMP)
5525711000001101,Brufen Retard 800mg tablets (Dowelhurst Ltd) (AMP)
5529911000001102,Celebrex 200mg capsules (Dowelhurst Ltd) (AMP)
5530911000001106,Celebrex 100mg capsules (Dowelhurst Ltd) (AMP)
55411000001107,Amitriptyline 50mg tablets (Kent Pharma (UK) Ltd) (AMP)
5543311000001103,Feldene 0.5% gel (Dowelhurst Ltd) (AMP)
5545311000001102,Froben SR 200mg capsules (Dowelhurst Ltd) (AMP)
5547911000001106,Neurontin 300mg capsules (Dowelhurst Ltd) (AMP)
5548611000001101,Neurontin 400mg capsules (Dowelhurst Ltd) (AMP)
555811000001109,Diclofenac sodium 25mg gastro-resistant tablets (A A H Pharmaceuticals Ltd) (AMP)
5561611000001101,Mobic 15mg tablets (Dowelhurst Ltd) (AMP)
5562611000001107,Mobic 7.5mg tablets (Dowelhurst Ltd) (AMP)
5565611000001103,Motifene 75mg modified-release capsules (Dowelhurst Ltd) (AMP)
5566111000001100,Neurontin 100mg capsules (Dowelhurst Ltd) (AMP)
5567111000001102,Neurontin 600mg tablets (Dowelhurst Ltd) (AMP)
5567511000001106,Oruvail 200 modified-release capsules (Dowelhurst Ltd) (AMP)
5567711000001101,Neurontin 800mg tablets (Dowelhurst Ltd) (AMP)
5568111000001101,Gabapentin 100mg capsules (A A H Pharmaceuticals Ltd) (AMP)
5569411000001103,Gabapentin 300mg capsules (A A H Pharmaceuticals Ltd) (AMP)
5569611000001100,Gabapentin 400mg capsules (A A H Pharmaceuticals Ltd) (AMP)
5570311000001108,Gabapentin 600mg tablets (A A H Pharmaceuticals Ltd) (AMP)
5570911000001109,Gabapentin 800mg tablets (A A H Pharmaceuticals Ltd) (AMP)
558511000001103,Codeine 60mg/1ml solution for injection ampoules (A A H Pharmaceuticals Ltd) (AMP)
558911000001105,Paracetamol 500mg capsules (A A H Pharmaceuticals Ltd) (AMP)
5590411000001105,Mobiflex 20mg tablets (Dowelhurst Ltd) (AMP)
559511000001109,Ibuprofen 5% gel (Thornton & Ross Ltd) (AMP)
5596511000001106,Voltarol 1.16% Emulgel (Dowelhurst Ltd) (AMP)
5597111000001104,Voltarol 75mg SR tablets (Dowelhurst Ltd) (AMP)
5597311000001102,Voltarol Retard 100mg tablets (Dowelhurst Ltd) (AMP)
5604711000001102,Zydol SR 100mg tablets (Dowelhurst Ltd) (AMP)
5606711000001106,Zydol SR 150mg tablets (Dowelhurst Ltd) (AMP)
5607211000001102,Zydol SR 200mg tablets (Dowelhurst Ltd) (AMP)
5613011000001104,Arthrotec 50 gastro-resistant tablets (Dowelhurst Ltd) (AMP)
5613611000001106,Arthrotec 75 gastro-resistant tablets (Dowelhurst Ltd) (AMP)
5614311000001104,Asasantin Retard capsules (Dowelhurst Ltd) (AMP)
5621511000001101,Relifex 500mg tablets (Dowelhurst Ltd) (AMP)
5628811000001109,Gabapentin 100mg capsules (Kent Pharma (UK) Ltd) (AMP)
5629011000001108,Gabapentin 300mg capsules (Kent Pharma (UK) Ltd) (AMP)
5629211000001103,Gabapentin 400mg capsules (Kent Pharma (UK) Ltd) (AMP)
5629911000001107,Gabapentin 600mg tablets (Kent Pharma (UK) Ltd) (AMP)
563011000001105,Feldene 20mg suppositories (Pfizer Ltd) (AMP)
5630311000001104,Gabapentin 800mg tablets (Kent Pharma (UK) Ltd) (AMP)
563711000001107,Amitriptyline 50mg/5ml oral solution sugar free (Rosemont Pharmaceuticals Ltd) (AMP)
5639311000001108,Econac SR 75mg tablets (Advanz Pharma) (AMP)
5639711000001107,Econac XL 100mg tablets (Advanz Pharma) (AMP)
56411000001103,Synflex 275mg tablets (Roche Products Ltd) (AMP)
5643311000001106,Methadone 50mg/1ml solution for injection ampoules (Alliance Healthcare (Distribution) Ltd) (AMP)
5643711000001105,Synastone 50mg/1ml solution for injection ampoules (Auden McKenzie (Pharma Division) Ltd) (AMP)
5644711000001107,Methadone 50mg/2ml solution for injection ampoules (Alliance Healthcare (Distribution) Ltd) (AMP)
564511000001104,Indometacin 25mg capsules (The Boots Company Plc) (AMP)
5645711000001106,Synastone 50mg/2ml solution for injection ampoules (Auden McKenzie (Pharma Division) Ltd) (AMP)
565511000001103,Tenoxicam 20mg tablets (Sandoz Ltd) (AMP)
566311000001104,Co-codamol 8mg/500mg effervescent tablets (Viatris UK Healthcare Ltd) (AMP)
570111000001107,Dicloflex 25mg gastro-resistant tablets (Dexcel-Pharma Ltd) (AMP)
5709011000001107,Methadone 50mg/2ml solution for injection ampoules (VMP)
5709211000001102,Methadone 50mg/1ml solution for injection ampoules (VMP)
571711000001100,Domperamol tablets (Servier Laboratories Ltd) (AMP)
573411000001105,Paracetamol 500mg capsules (Zentiva Pharma UK Ltd) (AMP)
574511000001107,Flurbiprofen 50mg tablets (Sandoz Ltd) (AMP)
575111000001104,Aspirin 300mg gastro-resistant tablets (Sandoz Ltd) (AMP)
576411000001100,Aspirin 150mg suppositories (Alliance Healthcare (Distribution) Ltd) (AMP)
578811000001102,Physeptone 1mg/ml mixture (Martindale Pharmaceuticals Ltd) (AMP)
579011000001103,Naproxen 250mg gastro-resistant tablets (Sandoz Ltd) (AMP)
581911000001106,Indocid 50mg capsules (Organon Pharma (UK) Ltd) (AMP)
583111000001109,Diamorphine 30mg powder for solution for injection ampoules (Novartis Vaccines and Diagnostics Ltd) (AMP)
585411000001100,Co-codamol 8mg/500mg tablets (Alliance Healthcare (Distribution) Ltd) (AMP)
5865111000001105,Methadone 50mg/2ml solution for injection ampoules (A A H Pharmaceuticals Ltd) (AMP)
5866211000001105,Methadone 50mg/1ml solution for injection ampoules (A A H Pharmaceuticals Ltd) (AMP)
586711000001103,Ponstan Forte 500mg tablets (Essential Generics Ltd) (AMP)
5869211000001101,Paracetamol 500mg caplets (Actavis UK Ltd) (AMP)
5911000001108,Co-codamol 8mg/500mg effervescent tablets (A A H Pharmaceuticals Ltd) (AMP)
591611000001104,Mobic 7.5mg tablets (Boehringer Ingelheim Ltd) (AMP)
592811000001109,Aspirin 75mg gastro-resistant tablets (IVAX Pharmaceuticals UK Ltd) (AMP)
594611000001102,Aspirin 75mg dispersible tablets (The Boots Company Plc) (AMP)
595211000001103,Aspirin 75mg dispersible tablets (Alliance Healthcare (Distribution) Ltd) (AMP)
596311000001101,Paracetamol 500mg tablets (Teva UK Ltd) (AMP)
597711000001104,Powergel 2.5% gel (A. Menarini Farmaceutica Internazionale SRL) (AMP)
597811000001107,Mobic 15mg suppositories (Boehringer Ingelheim Ltd) (AMP)
600111000001108,Methadone 50mg/5ml solution for injection ampoules (The Boots Company Plc) (AMP)
600211000001102,Proflex 5% cream (Novartis Consumer Health UK Ltd) (AMP)
601311000001100,Anadin Ibuprofen 200mg tablets (Haleon UK Trading Ltd) (AMP)
602311000001109,Flamrase 25 EC tablets (Teva UK Ltd) (AMP)
602711000001108,Tenoxicam 20mg tablets (Alliance Healthcare (Distribution) Ltd) (AMP)
603311000001104,Naproxen 250mg gastro-resistant tablets (Teva UK Ltd) (AMP)
604011000001100,Indometacin 50mg capsules (Alliance Healthcare (Distribution) Ltd) (AMP)
604311000001102,Solpadeine Max 12.8mg/500mg tablets (Omega Pharma Ltd) (AMP)
60511000001108,Naproxen 250mg tablets (Alliance Healthcare (Distribution) Ltd) (AMP)
605911000001102,Voltarol Rapid 50mg tablets (Novartis Pharmaceuticals UK Ltd) (AMP)
607311000001106,Aspirin 300mg tablets (Accord-UK Ltd) (AMP)
61111000001105,Naprosyn S/R 500mg tablets (Roche Products Ltd) (AMP)
611711000001104,Naprosyn EC 375mg tablets (Atnahs Pharma UK Ltd) (AMP)
613111000001104,Codeine 15mg tablets (Teva UK Ltd) (AMP)
616411000001104,Codeine 15mg tablets (Alliance Healthcare (Distribution) Ltd) (AMP)
617911000001105,Paracetamol 500mg caplets (Kent Pharma (UK) Ltd) (AMP)
618611000001100,Paracetamol 500mg tablets (Zentiva Pharma UK Ltd) (AMP)
618711000001109,Calpol Six Plus 250mg/5ml oral suspension sugar free (McNeil Products Ltd) (AMP)
621611000001103,Cuprofen Maximum Strength 400mg tablets (Reckitt Benckiser Healthcare (UK) Ltd) (AMP)
621811000001104,Aspirin 300mg tablets (OBG Pharmaceuticals Ltd) (AMP)
621911000001109,Nurofen 200mg caplets (Reckitt Benckiser Healthcare (UK) Ltd) (AMP)
624911000001107,Arthrosin 250 tablets (Ashbourne Pharmaceuticals Ltd) (AMP)
625011000001107,Diclofenac sodium 50mg gastro-resistant tablets (Sandoz Ltd) (AMP)
627511000001108,Piroxicam 20mg capsules (Accord-UK Ltd) (AMP)
628311000001101,Codeine 60mg tablets (Wockhardt UK Ltd) (AMP)
62911000001102,Motrin 800mg tablets (Pfizer Ltd) (AMP)
629711000001106,Allegron 25mg tablets (King Pharmaceuticals Ltd) (AMP)
630011000001103,Paracetamol 120mg/5ml oral solution paediatric (A A H Pharmaceuticals Ltd) (AMP)
630611000001105,Naproxen 250mg tablets (Viatris UK Healthcare Ltd) (AMP)
631411000001103,Codeine 15mg tablets (A A H Pharmaceuticals Ltd) (AMP)
632211000001109,Volsaid Retard 100 tablets (Chiesi Ltd) (AMP)
63311000001108,Piroxicam 20mg capsules (IVAX Pharmaceuticals UK Ltd) (AMP)
633211000001103,Advil Extra Strength 400mg tablets (Wyeth Consumer Healthcare) (AMP)
634211000001100,Oruvail 2.5% gel (Sanofi) (AMP)
635011000001109,Nabumetone 500mg tablets (Teva UK Ltd) (AMP)
636011000001100,PostMI 75 dispersible tablets (Ashbourne Pharmaceuticals Ltd) (AMP)
638311000001103,Panadol ActiFast Soluble tablets (Haleon UK Trading Ltd) (AMP)
6407711000001109,Ibuprofen 200mg tablets sugar coated (Kent Pharma (UK) Ltd) (AMP)
640911000001100,Cuprofen 200mg tablets (SSL International Plc) (AMP)
641111000001109,Codeine 25mg/5ml oral solution (A A H Pharmaceuticals Ltd) (AMP)
641211000001103,Ibuprofen 600mg tablets (Actavis UK Ltd) (AMP)
642011000001100,Junior Ibuprofen 100mg/5ml oral suspension (Numark Ltd) (AMP)
642511000001108,Physeptone 35mg/3.5ml solution for injection ampoules (Martindale Pharmaceuticals Ltd) (AMP)
643211000001104,Methadone 35mg/3.5ml solution for injection ampoules (Martindale Pharmaceuticals Ltd) (AMP)
643711000001106,Brufen 200mg tablets (Abbott Laboratories Ltd) (AMP)
644111000001107,Ibuprofen 400mg tablets (Sun Pharma UK Ltd) (AMP)
644211000001101,Dihydrocodeine 30mg tablets (IVAX Pharmaceuticals UK Ltd) (AMP)
646511000001109,Codeine 60mg tablets (Alliance Healthcare (Distribution) Ltd) (AMP)
649211000001102,Paracetamol 120mg/5ml oral suspension paediatric sugar free (A A H Pharmaceuticals Ltd) (AMP)
649411000001103,Econac 100mg suppositories (Advanz Pharma) (AMP)
65111000001107,Ketoprofen 100mg capsules (Sandoz Ltd) (AMP)
65211000001101,Piroxicam 0.5% gel (Kent Pharma (UK) Ltd) (AMP)
654211000001104,Ibuprofen 200mg tablets film coated (Actavis UK Ltd) (AMP)
655311000001106,Paracodol 8mg/500mg effervescent tablets (Bayer Plc) (AMP)
655611000001101,Mefenamic acid 500mg tablets (Teva UK Ltd) (AMP)
656011000001104,Fenactol Retard 100mg tablets (Dexcel-Pharma Ltd) (AMP)
65611000001104,Aspirin 300mg gastro-resistant tablets (The Boots Company Plc) (AMP)
657811000001107,Oruvail 150 modified-release capsules (Sanofi) (AMP)
657911000001102,Flexotard MR 100mg tablets (Pfizer Ltd) (AMP)
658611000001107,Naproxen 375mg gastro-resistant tablets (Accord-UK Ltd) (AMP)
658811000001106,Flamatak MR 100mg tablets (Actavis UK Ltd) (AMP)
659911000001109,Ketoprofen 200mg modified-release capsules (Kent Pharma (UK) Ltd) (AMP)
660011000001106,Co-codamol 8mg/500mg tablets (A A H Pharmaceuticals Ltd) (AMP)
6611000001107,Methadone 1mg/ml oral solution sugar free (Rosemont Pharmaceuticals Ltd) (AMP)
663411000001105,Voltarol Rapid 25mg tablets (Novartis Pharmaceuticals UK Ltd) (AMP)
664811000001105,Nurofen for Children 100mg/5ml oral suspension orange (Reckitt Benckiser Healthcare (UK) Ltd) (AMP)
666511000001101,Amitriptyline 25mg tablets (Sun Pharma UK Ltd) (AMP)
667011000001107,Slofenac 75mg SR tablets (Sterwin Medicines) (AMP)
668711000001105,Paracetamol 500mg caplets (Zentiva Pharma UK Ltd) (AMP)
67111000001103,Mandanol 500mg caplets (Crescent Pharma Ltd) (AMP)
676311000001104,Pethidine 100mg/2ml solution for injection ampoules (A A H Pharmaceuticals Ltd) (AMP)
677311000001101,Calpol Infant 120mg/5ml oral suspension sugar free (McNeil Products Ltd) (AMP)
678411000001107,Naproxen 500mg gastro-resistant tablets (IVAX Pharmaceuticals UK Ltd) (AMP)
679211000001103,Aspirin 300mg suppositories (Alliance Healthcare (Distribution) Ltd) (AMP)
679311000001106,Methadone 35mg/3.5ml solution for injection ampoules (The Boots Company Plc) (AMP)
680111000001109,Remedeine tablets (Crescent Pharma Ltd) (AMP)
681811000001105,Piroxicam 10mg dispersible tablets (Kent Pharma (UK) Ltd) (AMP)
684011000001101,Diclofenac 100mg suppositories (Alliance Healthcare (Distribution) Ltd) (AMP)
684411000001105,Diamorphine 10mg powder for solution for injection ampoules (A A H Pharmaceuticals Ltd) (AMP)
685211000001107,Alvedon 125mg suppositories (Esteve Pharmaceuticals Ltd) (AMP)
686111000001107,Flurbiprofen 100mg tablets (Sandoz Ltd) (AMP)
686211000001101,Aspirin 150mg suppositories (Martindale Pharmaceuticals Ltd) (AMP)
686711000001108,Amitriptyline 50mg/5ml oral solution sugar free (A A H Pharmaceuticals Ltd) (AMP)
687111000001105,Paracetamol 500mg soluble tablets (Alliance Healthcare (Distribution) Ltd) (AMP)
687211000001104,Naproxen 250mg gastro-resistant tablets (Viatris UK Healthcare Ltd) (AMP)
689311000001102,Medinol Under 6 paracetamol 120mg/5ml oral suspension (SSL International Plc) (AMP)
690011000001109,Paracetamol 250mg/5ml oral suspension (Kent Pharma (UK) Ltd) (AMP)
690911000001108,Ketoprofen 2.5% gel (A A H Pharmaceuticals Ltd) (AMP)
692711000001105,Naproxen 500mg gastro-resistant tablets (Alliance Healthcare (Distribution) Ltd) (AMP)
694111000001101,Piroxicam 20mg capsules (The Boots Company Plc) (AMP)
694411000001106,Nurofen 200mg tablets (Reckitt Benckiser Healthcare (UK) Ltd) (AMP)
696811000001101,Aspirin 300mg tablets (Aspar Pharmaceuticals Ltd) (AMP)
698011000001106,Amitriptyline 50mg tablets (Alliance Healthcare (Distribution) Ltd) (AMP)
698811000001100,Aspirin 75mg dispersible tablets (Aspar Pharmaceuticals Ltd) (AMP)
699311000001103,Diclofenac sodium 50mg gastro-resistant tablets (A A H Pharmaceuticals Ltd) (AMP)
699611000001108,Methadone 35mg/3.5ml solution for injection ampoules (Alliance Healthcare (Distribution) Ltd) (AMP)
700211000001105,Diclofenac sodium 50mg gastro-resistant tablets (Pfizer Ltd) (AMP)
702511000001109,Ibuprofen 5% gel (Alliance Healthcare (Distribution) Ltd) (AMP)
707611000001106,Paracetamol 500mg suppositories (A A H Pharmaceuticals Ltd) (AMP)
708311000001100,Codeine 30mg tablets (Alliance Healthcare (Distribution) Ltd) (AMP)
709211000001103,Co-codamol 8mg/500mg effervescent tablets (Kent Pharma (UK) Ltd) (AMP)
71011000001102,Acupan 30mg tablets (Meda Pharmaceuticals Ltd) (AMP)
711511000001103,Zamadol SR 150mg capsules (Viatris UK Healthcare Ltd) (AMP)
712711000001101,Diamorphine 10mg powder for solution for injection ampoules (Alliance Healthcare (Distribution) Ltd) (AMP)
714511000001101,Aspirin 300mg dispersible tablets (Kent Pharma (UK) Ltd) (AMP)
714611000001102,Ibuprofen 400mg tablets (OBG Pharmaceuticals Ltd) (AMP)
71511000001105,Nurofen Maximum Strength 10% gel (Reckitt Benckiser Healthcare (UK) Ltd) (AMP)
715111000001109,Rheumatac Retard 75 tablets (Advanz Pharma) (AMP)
715411000001104,Ibuprofen 200mg tablets (Alliance Healthcare (Distribution) Ltd) (AMP)
716511000001107,Aspirin 150mg suppositories (A A H Pharmaceuticals Ltd) (AMP)
719711000001107,Dicloflex 50mg gastro-resistant tablets (Dexcel-Pharma Ltd) (AMP)
721011000001102,Diclofenac sodium 75mg modified-release tablets (Alliance Healthcare (Distribution) Ltd) (AMP)
721511000001105,Ibuleve 5% spray (Dendron Brands Ltd) (AMP)
722911000001109,Aspirin 300mg gastro-resistant tablets (Alliance Healthcare (Distribution) Ltd) (AMP)
723011000001101,Piroxicam 20mg capsules (A A H Pharmaceuticals Ltd) (AMP)
725011000001100,Diamorphine 100mg powder for solution for injection ampoules (A A H Pharmaceuticals Ltd) (AMP)
7259811000001100,Co-codamol 30mg/500mg tablets (Sandoz Ltd) (AMP)
727611000001100,Co-codamol 30mg/500mg capsules (A A H Pharmaceuticals Ltd) (AMP)
7291211000001106,Paracetamol 500mg soluble tablets (Actavis UK Ltd) (AMP)
731611000001107,Ibuprofen 100mg/5ml oral suspension sugar free (A A H Pharmaceuticals Ltd) (AMP)
732011000001108,Actiq 800microgram lozenges with integral oromucosal applicator (Teva UK Ltd) (AMP)
732111000001109,Flurbiprofen 100mg tablets (Kent Pharma (UK) Ltd) (AMP)
732311000001106,Jomethid XL 200mg capsules (Actavis UK Ltd) (AMP)
735211000001108,Amitriptyline 25mg tablets (Alliance Healthcare (Distribution) Ltd) (AMP)
735411000001107,Piroxicam 10mg capsules (Kent Pharma (UK) Ltd) (AMP)
736011000001107,Tramadol 50mg capsules (Zentiva Pharma UK Ltd) (AMP)
737111000001106,Kapake 30mg/500mg capsules (Galen Ltd) (AMP)
7381611000001100,Tramacet 37.5mg/325mg tablets (Grunenthal Ltd) (AMP)
7382311000001101,Ibuprofen 10% gel (Thornton & Ross Ltd) (AMP)
7383811000001102,Ibuprofen 10% gel (A A H Pharmaceuticals Ltd) (AMP)
7386811000001106,Tramadol 37.5mg / Paracetamol 325mg tablets (VMP)
739811000001107,Orudis 100mg suppositories (Sanofi) (AMP)
740211000001103,Mefenamic acid 500mg tablets (IVAX Pharmaceuticals UK Ltd) (AMP)
741211000001109,Diclofenac sodium 50mg gastro-resistant tablets (IVAX Pharmaceuticals UK Ltd) (AMP)
7429611000001102,Radian B Muscle lotion (Thornton & Ross Ltd) (AMP)
743811000001109,Amitriptyline 50mg tablets (Accord-UK Ltd) (AMP)
74411000001108,Paracetamol 120mg/5ml oral suspension paediatric (Alliance Healthcare (Distribution) Ltd) (AMP)
744411000001105,Paldesic paracetamol 120mg/5ml oral suspension (Rosemont Pharmaceuticals Ltd) (AMP)
745311000001104,Actiq 1.6mg lozenges with integral oromucosal applicator (Teva UK Ltd) (AMP)
745711000001100,Voltarol 50mg gastro-resistant tablets (Novartis Pharmaceuticals UK Ltd) (AMP)
746011000001106,Tramadol 50mg capsules (IVAX Pharmaceuticals UK Ltd) (AMP)
746311000001109,Indometacin 25mg capsules (A A H Pharmaceuticals Ltd) (AMP)
747411000001100,Paracetamol 120mg/5ml oral suspension paediatric (Kent Pharma (UK) Ltd) (AMP)
74811000001105,Paldesic paracetamol 250mg/5ml oral suspension (Rosemont Pharmaceuticals Ltd) (AMP)
748611000001103,Pethidine 100mg/2ml solution for injection ampoules (Martindale Pharmaceuticals Ltd) (AMP)
7488811000001104,Generic Radian B Muscle lotion (VMP)
749211000001105,Subutex 8mg sublingual tablets (Indivior UK Ltd) (AMP)
7498011000001106,Tiloket 50mg capsules (Tillomed Laboratories Ltd) (AMP)
749911000001101,Indometacin 50mg capsules (Kent Pharma (UK) Ltd) (AMP)
75011000001100,Zapain 30mg/500mg tablets (Advanz Pharma) (AMP)
753111000001104,Tenoxicam 20mg tablets (Kent Pharma (UK) Ltd) (AMP)
754411000001107,Codeine 60mg/1ml solution for injection ampoules (Alliance Healthcare (Distribution) Ltd) (AMP)
754611000001105,Physeptone 10mg/1ml solution for injection ampoules (Martindale Pharmaceuticals Ltd) (AMP)
755411000001108,Paracetamol 120mg/5ml oral solution paediatric sugar free (Kent Pharma (UK) Ltd) (AMP)
756011000001108,Mefenamic acid 250mg capsules (Viatris UK Healthcare Ltd) (AMP)
75911000001101,Amitriptyline 25mg/5ml oral solution sugar free (Rosemont Pharmaceuticals Ltd) (AMP)
759411000001106,Paracetamol 250mg/5ml oral suspension sugar free (A A H Pharmaceuticals Ltd) (AMP)
759911000001103,Ibutop Ralgex Ibuprofen 5% gel (SSL International Plc) (AMP)
761911000001109,Flamrase SR 100mg tablets (Teva UK Ltd) (AMP)
762111000001101,Temgesic 400microgram sublingual tablets (Eumedica Pharma Ltd) (AMP)
762311000001104,Froben 50mg tablets (Abbott Laboratories Ltd) (AMP)
763111000001107,Voltarol 75mg SR tablets (Novartis Pharmaceuticals UK Ltd) (AMP)
764211000001103,Naproxen 250mg gastro-resistant tablets (IVAX Pharmaceuticals UK Ltd) (AMP)
764311000001106,Pethidine 50mg/1ml solution for injection ampoules (Wockhardt UK Ltd) (AMP)
7643811000001101,Calprofen 100mg/5ml oral suspension paediatric (McNeil Products Ltd) (AMP)
765111000001108,Aspirin 75mg dispersible tablets (A A H Pharmaceuticals Ltd) (AMP)
7664111000001101,Synastone 10mg/1ml solution for injection ampoules (Auden McKenzie (Pharma Division) Ltd) (AMP)
7664811000001108,Orbifen For Children 100mg/5ml oral suspension 5ml sachets (Orbis Consumer Products Ltd) (AMP)
767711000001103,Mefenamic acid 250mg capsules (Kent Pharma (UK) Ltd) (AMP)
769411000001100,Diamorphine 30mg powder for solution for injection ampoules (A A H Pharmaceuticals Ltd) (AMP)
769511000001101,Co-proxamol 32.5mg/325mg tablets (Teva UK Ltd) (AMP)
770811000001101,Indometacin 25mg capsules (Kent Pharma (UK) Ltd) (AMP)
771311000001100,Ibuprofen 200mg tablets (A A H Pharmaceuticals Ltd) (AMP)
771511000001106,Amitriptyline 50mg tablets (A A H Pharmaceuticals Ltd) (AMP)
772811000001100,Paracodol 8mg/500mg capsules (Bayer Plc) (AMP)
774611000001107,Mefenamic acid 500mg tablets (Actavis UK Ltd) (AMP)
774811000001106,Naproxen 250mg tablets (Kent Pharma (UK) Ltd) (AMP)
776411000001101,Co-proxamol 32.5mg/325mg tablets (Zentiva Pharma UK Ltd) (AMP)
777811000001102,Indomod 25mg modified-release capsules (Pfizer Ltd) (AMP)
778511000001101,Ketoprofen 100mg modified-release capsules (Kent Pharma (UK) Ltd) (AMP)
778911000001108,Amitriptyline 50mg tablets (IVAX Pharmaceuticals UK Ltd) (AMP)
779411000001108,Ibuprofen 400mg tablets (Sandoz Ltd) (AMP)
780411000001108,Diclofenac sodium 25mg gastro-resistant tablets (Actavis UK Ltd) (AMP)
7811511000001104,Bupivacaine 100mg/100ml (0.1%) infusion bags (VMP)
7811911000001106,Bupivacaine 100mg/100ml (0.1%) infusion bags (Advanz Pharma) (AMP)
7812311000001101,Bupivacaine 250mg/250ml (0.1%) infusion bags (VMP)
7812711000001102,Bupivacaine 250mg/250ml (0.1%) infusion bags (Sandoz Ltd) (AMP)
78311000001106,Diclovol 25mg gastro-resistant tablets (Arun Pharmaceuticals Ltd) (AMP)
783711000001106,Co-dydramol 10mg/500mg tablets (Teva UK Ltd) (AMP)
784011000001106,Acoflam 100mg Retard tablets (Mercury Pharma Group Ltd) (AMP)
7843911000001100,Bupivacaine 312.5mg/250ml (0.125%) infusion bags (Sandoz Ltd) (AMP)
7847211000001100,Gabapentin 100mg capsules (Alliance Healthcare (Distribution) Ltd) (AMP)
7847411000001101,Gabapentin 300mg capsules (Alliance Healthcare (Distribution) Ltd) (AMP)
7847611000001103,Gabapentin 400mg capsules (Alliance Healthcare (Distribution) Ltd) (AMP)
7847911000001109,Gabapentin 800mg tablets (Alliance Healthcare (Distribution) Ltd) (AMP)
785211000001100,Aspirin 300mg dispersible tablets (A A H Pharmaceuticals Ltd) (AMP)
7852911000001109,Dicloflex 75mg SR tablets (Teva UK Ltd) (AMP)
7853311000001103,Dicloflex Retard 100mg tablets (Teva UK Ltd) (AMP)
7853611000001108,Diclovol 75mg SR tablets (Viatris UK Healthcare Ltd) (AMP)
7854011000001104,Diclovol Retard 100mg tablets (Viatris UK Healthcare Ltd) (AMP)
7854211000001109,Dicloflex 75mg SR tablets (Kent Pharma (UK) Ltd) (AMP)
7854611000001106,Dicloflex Retard 100mg tablets (Kent Pharma (UK) Ltd) (AMP)
787911000001104,Indometacin 50mg capsules (The Boots Company Plc) (AMP)
78811000001102,Amitriptyline 25mg tablets (Actavis UK Ltd) (AMP)
788411000001106,Voltarol 100mg suppositories (Novartis Pharmaceuticals UK Ltd) (AMP)
788611000001109,Amitriptyline 25mg tablets (IVAX Pharmaceuticals UK Ltd) (AMP)
7887911000001100,Morphine tartrate 15mg/1ml / Cyclizine tartrate 50mg/1ml solution for injection ampoules (A A H Pharmaceuticals Ltd) (AMP)
7888211000001108,Morphine tartrate 10mg/1ml / Cyclizine tartrate 50mg/1ml solution for injection ampoules (A A H Pharmaceuticals Ltd) (AMP)
7889411000001104,Lyrica 25mg capsules (Viatris UK Healthcare Ltd) (AMP)
7890211000001109,Lyrica 50mg capsules (Viatris UK Healthcare Ltd) (AMP)
7890511000001107,Lyrica 75mg capsules (Viatris UK Healthcare Ltd) (AMP)
7890811000001105,Lyrica 100mg capsules (Viatris UK Healthcare Ltd) (AMP)
7891211000001103,Lyrica 150mg capsules (Viatris UK Healthcare Ltd) (AMP)
7891611000001101,Lyrica 200mg capsules (Viatris UK Healthcare Ltd) (AMP)
7892111000001104,Lyrica 300mg capsules (Viatris UK Healthcare Ltd) (AMP)
7898511000001105,Naproxen 375mg gastro-resistant tablets (A A H Pharmaceuticals Ltd) (AMP)
7904711000001100,Lloydspharmacy Maximum Strength Ibuprofen 10% gel (Lloyds Pharmacy Ltd) (AMP)
791911000001106,Methadose 20mg/ml oral solution concentrate (Rosemont Pharmaceuticals Ltd) (AMP)
7920911000001104,Paracetamol 500mg caplets (Lloyds Pharmacy Ltd) (AMP)
7924311000001108,Paracetamol 500mg capsules (Lloyds Pharmacy Ltd) (AMP)
7926811000001106,Ibuprofen 200mg caplets (Lloyds Pharmacy Ltd) (AMP)
7928011000001101,Ibuprofen 400mg caplets (Lloyds Pharmacy Ltd) (AMP)
7929311000001109,Lloydspharmacy Ibuprofen 100mg/5ml oral suspension (Lloyds Pharmacy Ltd) (AMP)
7929711000001108,Co-codamol 8mg/500mg tablets (Lloyds Pharmacy Ltd) (AMP)
793211000001103,Zydol 100mg/2ml solution for injection ampoules (Grunenthal Ltd) (AMP)
793611000001101,Valket 200 Retard capsules (Tillomed Laboratories Ltd) (AMP)
7937011000001104,Lloydspharmacy Paracetamol 120mg/5ml oral suspension sugar free (Lloyds Pharmacy Ltd) (AMP)
7937811000001105,Lloydspharmacy Paracetamol Six Plus 250mg/5ml oral suspension sugar free (Lloyds Pharmacy Ltd) (AMP)
7944111000001109,Ibuprofen 100mg/5ml oral suspension sugar free (Teva UK Ltd) (AMP)
7945911000001106,Lloydspharmacy Extra Power Pain Reliever tablets (Lloyds Pharmacy Ltd) (AMP)
795611000001102,Aspirin 75mg gastro-resistant tablets (Viatris UK Healthcare Ltd) (AMP)
79611000001105,Pethidine 50mg/1ml solution for injection ampoules (Alliance Healthcare (Distribution) Ltd) (AMP)
796411000001109,Tramadol 50mg capsules (Teva UK Ltd) (AMP)
7965111000001101,Cuprofen for Children 100mg/5ml oral suspension (SSL International Plc) (AMP)
797411000001106,Physeptone 1mg/ml oral solution sugar free (Martindale Pharmaceuticals Ltd) (AMP)
797611000001109,Paracetamol 240mg suppositories (A A H Pharmaceuticals Ltd) (AMP)
7986611000001101,Aspirin 300mg tablets (Lloyds Pharmacy Ltd) (AMP)
7987311000001109,Obifen 400mg tablets (Ayrton Saunders Ltd) (AMP)
799011000001106,Indometacin 50mg capsules (A A H Pharmaceuticals Ltd) (AMP)
799411000001102,Aspirin 75mg gastro-resistant tablets (C P Pharmaceuticals Ltd) (AMP)
7997311000001105,Mandafen for Children 100mg/5ml oral suspension sugar free (M & A Pharmachem Ltd) (AMP)
7997811000001101,Mandafen 400mg tablets (M & A Pharmachem Ltd) (AMP)
800311000001100,Co-dydramol 10mg/500mg tablets (A A H Pharmaceuticals Ltd) (AMP)
800511000001106,Angettes 75 tablets (Bristol-Myers Squibb Pharmaceuticals Ltd) (AMP)
802111000001103,Nabumetone 500mg tablets (Accord-UK Ltd) (AMP)
802811000001105,Aspirin 300mg tablets (A A H Pharmaceuticals Ltd) (AMP)
8042711000001104,Generic Alka-Seltzer XS effervescent tablets (VMP)
8043011000001105,Alka-Seltzer XS effervescent tablets (Bayer Plc) (AMP)
804611000001103,Tiloket CR 100mg capsules (Tillomed Laboratories Ltd) (AMP)
804711000001107,Voltarol Retard 100mg tablets (Novartis Pharmaceuticals UK Ltd) (AMP)
805311000001107,Pethidine 100mg/2ml solution for injection ampoules (Alliance Healthcare (Distribution) Ltd) (AMP)
805511000001101,Dromadol XL 400mg tablets (IVAX Pharmaceuticals UK Ltd) (AMP)
805711000001106,Ibuprofen 200mg tablets sugar coated (Actavis UK Ltd) (AMP)
8061211000001108,Nurofen Long Lasting Pain Relief PR 300mg capsules (Reckitt Benckiser Healthcare (UK) Ltd) (AMP)
80711000001101,Naproxen 500mg tablets (Sterwin Medicines) (AMP)
807611000001109,Paracetamol 120mg/5ml oral suspension paediatric sugar free (Alliance Healthcare (Distribution) Ltd) (AMP)
8084711000001100,Andrews Plus effervescent powder sachets (Haleon UK Trading Ltd) (AMP)
8085211000001108,Askit oral powder sachets (Bayer Plc) (AMP)
8086211000001102,Bepro 6.75mg/5ml syrup (Wallace Manufacturing Chemists Ltd) (AMP)
8087411000001101,Codeine 6.75mg/5ml oral solution (VMP)
8087611000001103,Generic Andrews Plus effervescent powder sachets sugar free (VMP)
8087711000001107,Generic Askit oral powder sachets sugar free (VMP)
809211000001101,Co-codamol 8mg/500mg tablets (IVAX Pharmaceuticals UK Ltd) (AMP)
8092711000001106,Cuprofen PLUS tablets (SSL International Plc) (AMP)
8095111000001103,Co-codamol 30mg/500mg caplets (Kent Pharma (UK) Ltd) (AMP)
8104311000001107,Fenpaed 100mg/5ml oral suspension 5ml sachets (Pinewood Healthcare) (AMP)
8105811000001102,Doans Backache Pills (LPC Medical (UK) Ltd) (AMP)
8110711000001102,Fennings Children's Cooling 50mg oral powder sachets (Crescent Pharma OTC Ltd) (AMP)
8116611000001108,Paracetamol 50mg oral powder sachets sugar free (VMP)
812811000001107,Tramadol 50mg capsules (Viatris UK Healthcare Ltd) (AMP)
814411000001103,Volsaid Retard 75 tablets (Chiesi Ltd) (AMP)
8149511000001105,Disprol Paracetamol 120mg/5ml oral suspension (Reckitt Benckiser Healthcare (UK) Ltd) (AMP)
81511000001104,Mobic 15mg tablets (Boehringer Ingelheim Ltd) (AMP)
816111000001101,Co-codamol 8mg/500mg tablets (The Boots Company Plc) (AMP)
8175611000001105,Paracetamol 240mg oral powder sachets sugar free (VMP)
8177311000001108,Bupivacaine 0.75% solution for injection 10ml Sure-Amp ampoules (Mercury Pharma Group Ltd) (AMP)
817811000001105,Naproxen 375mg gastro-resistant tablets (Alliance Healthcare (Distribution) Ltd) (AMP)
8183911000001105,Morphine and Cocaine elixir (Extemp Order) (AMP)
818811000001109,Co-dydramol 10mg/500mg tablets (The Boots Company Plc) (AMP)
818911000001104,Paracetamol 120mg/5ml oral solution paediatric sugar free (A A H Pharmaceuticals Ltd) (AMP)
819011000001108,Nycopren 250mg gastro-resistant tablets (Ardern Healthcare Ltd) (AMP)
8196311000001104,Rhumalgan XL 100mg capsules (Sandoz Ltd) (AMP)
8197611000001106,Rhumalgan SR 75mg capsules (Sandoz Ltd) (AMP)
8211000001106,Ketotard XL 200mg capsules (Galen Ltd) (AMP)
823411000001108,Ketoprofen 100mg capsules (The Boots Company Plc) (AMP)
823911000001100,Ketoprofen 100mg capsules (Alliance Healthcare (Distribution) Ltd) (AMP)
8241611000001106,Amitriptyline 5mg/5ml oral solution (Special Order) (AMP)
8242611000001100,Amitriptyline 10mg/5ml oral suspension (Special Order) (AMP)
8242711000001109,Amitriptyline 5mg/5ml oral suspension (Special Order) (AMP)
8248411000001101,Aspirin 225mg/5ml oral solution (Special Order) (AMP)
8249211000001105,Aspirin 225mg/5ml oral suspension (Special Order) (AMP)
8252011000001109,Aspirin 300mg/5ml oral solution (Special Order) (AMP)
8252611000001102,Aspirin 300mg/5ml oral suspension (Special Order) (AMP)
8253111000001104,Aspirin 50mg/5ml oral solution (Special Order) (AMP)
8253811000001106,Aspirin 50mg/5ml oral suspension (Special Order) (AMP)
825611000001105,Flurbiprofen 50mg tablets (Actavis UK Ltd) (AMP)
8277811000001102,Amitriptyline 10mg/5ml oral suspension (VMP)
8277911000001107,Amitriptyline 5mg/5ml oral solution (VMP)
8278011000001109,Amitriptyline 5mg/5ml oral suspension (VMP)
828011000001106,Piroxicam 10mg dispersible tablets (A A H Pharmaceuticals Ltd) (AMP)
8280211000001109,Aspirin 225mg/5ml oral solution (VMP)
8280311000001101,Aspirin 225mg/5ml oral suspension (VMP)
8280511000001107,Aspirin 300mg/5ml oral solution (VMP)
8280611000001106,Aspirin 300mg/5ml oral suspension (VMP)
8280711000001102,Aspirin 50mg/5ml oral solution (VMP)
8280811000001105,Aspirin 50mg/5ml oral suspension (VMP)
8286311000001103,Bupivacaine 75mg/10ml (0.75%) solution for injection ampoules (VMP)
829411000001105,Diclofenac sodium 25mg gastro-resistant tablets (Kent Pharma (UK) Ltd) (AMP)
830711000001109,Dihydrocodeine 30mg tablets (Actavis UK Ltd) (AMP)
831711000001101,Co-dydramol 10mg/500mg tablets (Viatris UK Healthcare Ltd) (AMP)
8334611000001100,Paracetamol Plus tablets (Zentiva Pharma UK Ltd) (AMP)
834011000001100,Co-dydramol 10mg/500mg tablets (Sun Pharma UK Ltd) (AMP)
835211000001106,Methadone 1mg/ml oral solution (Alliance Healthcare (Distribution) Ltd) (AMP)
835911000001102,Paracetamol 500mg caplets (Alliance Healthcare (Distribution) Ltd) (AMP)
836511000001102,Paracetamol 500mg tablets (Aspar Pharmaceuticals Ltd) (AMP)
837011000001108,Paracetamol 500mg tablets (Alliance Healthcare (Distribution) Ltd) (AMP)
839411000001108,Paracetamol 250mg/5ml oral suspension sugar free (Vantage) (AMP)
8405111000001108,Co-dydramol 10mg/500mg/5ml oral suspension (Drug Tariff Special Order) (AMP)
8405411000001103,Codeine 10mg/5ml oral solution (Special Order) (AMP)
8405711000001109,Codeine 5mg/5ml oral solution (Special Order) (AMP)
8406011000001103,Codeine 10mg/5ml oral suspension (Special Order) (AMP)
8406311000001100,Codeine 5mg/5ml oral suspension (Special Order) (AMP)
8407611000001107,Co-proxamol 32.5mg/325mg/5ml oral suspension (Special Order) (AMP)
841411000001106,Aspirin 300mg gastro-resistant tablets (Kent Pharma (UK) Ltd) (AMP)
841911000001103,Panadol Ultra 12.8mg/500mg tablets (Haleon UK Trading Ltd) (AMP)
842611000001103,Naproxen 375mg gastro-resistant tablets (Kent Pharma (UK) Ltd) (AMP)
8427711000001105,Co-dydramol 10mg/500mg/5ml oral suspension (VMP)
8427811000001102,Co-proxamol 32.5mg/325mg/5ml oral suspension (VMP)
8427911000001107,Codeine 10mg/5ml oral solution (VMP)
8428011000001109,Codeine 10mg/5ml oral suspension (VMP)
8428111000001105,Codeine 5mg/5ml oral solution (VMP)
8428211000001104,Codeine 5mg/5ml oral suspension (VMP)
8436411000001104,Morphine sulfate 20mg/1ml solution for injection ampoules (Alliance Healthcare (Distribution) Ltd) (AMP)
8438311000001105,Diclofenac 10mg/5ml oral solution (Special Order) (AMP)
8438611000001100,Diclofenac 10mg/5ml oral suspension (Special Order) (AMP)
8439611000001109,Diclofenac 25mg/5ml oral solution (Special Order) (AMP)
8439711000001100,Diclofenac 15mg/5ml oral solution (Special Order) (AMP)
8440111000001105,Diclofenac 25mg/5ml oral suspension (Special Order) (AMP)
8440411000001100,Diclofenac 15mg/5ml oral suspension (Special Order) (AMP)
8440711000001106,Dihydrocodeine 10mg/5ml oral suspension (Drug Tariff Special Order) (AMP)
8441011000001100,Dihydrocodeine 60mg/5ml oral solution (Special Order) (AMP)
84411000001101,Indomax 75 SR capsules (Ashbourne Pharmaceuticals Ltd) (AMP)
8441311000001102,Dihydrocodeine 60mg/5ml oral suspension (Special Order) (AMP)
8441511000001108,Morphine tartrate 10mg/1ml / Cyclizine tartrate 50mg/1ml solution for injection ampoules (Martindale Pharmaceuticals Ltd) (AMP)
8442211000001103,Morphine tartrate 15mg/1ml / Cyclizine tartrate 50mg/1ml solution for injection ampoules (Martindale Pharmaceuticals Ltd) (AMP)
844511000001107,Aspirin 75mg gastro-resistant tablets (Greenfield Pharmaceuticals Ltd) (AMP)
844611000001106,Methadone 50mg/5ml solution for injection ampoules (Alliance Healthcare (Distribution) Ltd) (AMP)
844911000001100,Preservex 100mg tablets (Almirall Ltd) (AMP)
8449111000001100,Physeptone 50mg/2ml solution for injection ampoules (Martindale Pharmaceuticals Ltd) (AMP)
8450011000001106,Physeptone 50mg/1ml solution for injection ampoules (Martindale Pharmaceuticals Ltd) (AMP)
8455011000001100,Diclofenac 10mg/5ml oral solution (VMP)
8455111000001104,Diclofenac 10mg/5ml oral suspension (VMP)
8455211000001105,Diclofenac 15mg/5ml oral solution (VMP)
8455311000001102,Diclofenac 15mg/5ml oral suspension (VMP)
8455411000001109,Diclofenac 25mg/5ml oral solution (VMP)
8455511000001108,Diclofenac 25mg/5ml oral suspension (VMP)
8457111000001108,Dihydrocodeine 60mg/5ml oral suspension (VMP)
8457211000001102,Dihydrocodeine 60mg/5ml oral solution (VMP)
8457311000001105,Dihydrocodeine 10mg/5ml oral suspension (VMP)
847811000001101,Dromadol XL 150mg tablets (IVAX Pharmaceuticals UK Ltd) (AMP)
847911000001106,Galake 10mg/500mg tablets (Galen Ltd) (AMP)
848011000001108,Proflex Pain Relief 5% cream (Novartis Consumer Health UK Ltd) (AMP)
849011000001103,Tramadol 50mg capsules (Sun Pharma UK Ltd) (AMP)
8491211000001103,Gabapentin 100mg/5ml oral solution (Drug Tariff Special Order) (AMP)
8492011000001100,Gabapentin 100mg/5ml oral suspension (Drug Tariff Special Order) (AMP)
8492311000001102,Gabapentin 250mg/5ml oral solution (Special Order) (AMP)
8492811000001106,Gabapentin 250mg/5ml oral suspension (Special Order) (AMP)
8493211000001104,Gabapentin 450mg/5ml oral solution (Special Order) (AMP)
8493511000001101,Gabapentin 300mg/5ml oral solution (Special Order) (AMP)
8493811000001103,Gabapentin 450mg/5ml oral suspension (Special Order) (AMP)
8494411000001102,Gabapentin 300mg/5ml oral suspension (Special Order) (AMP)
8494811000001100,Gabapentin 50mg/5ml oral solution (Special Order) (AMP)
8496311000001103,Gabapentin 50mg/5ml oral suspension (Special Order) (AMP)
85011000001109,Paracetamol 250mg/5ml oral suspension sugar free (Alliance Healthcare (Distribution) Ltd) (AMP)
8520111000001104,Gabapentin 100mg/5ml oral solution (VMP)
8520211000001105,Gabapentin 100mg/5ml oral suspension (VMP)
8520411000001109,Gabapentin 250mg/5ml oral suspension (VMP)
8520511000001108,Gabapentin 300mg/5ml oral solution (VMP)
8523111000001106,Gabapentin 300mg/5ml oral suspension (VMP)
8523211000001100,Gabapentin 450mg/5ml oral solution (VMP)
8523311000001108,Gabapentin 450mg/5ml oral suspension (VMP)
8523411000001101,Gabapentin 50mg/5ml oral solution (VMP)
8523511000001102,Gabapentin 50mg/5ml oral suspension (VMP)
852411000001103,Methadone 10mg/1ml solution for injection ampoules (Wockhardt UK Ltd) (AMP)
852711000001109,Aspirin 75mg dispersible tablets (Thornton & Ross Ltd) (AMP)
853011000001103,Indometacin 75mg modified-release capsules (Kent Pharma (UK) Ltd) (AMP)
853711000001101,Diamorphine 5mg powder for solution for injection ampoules (Novartis Vaccines and Diagnostics Ltd) (AMP)
8544811000001104,Indometacin 50mg/5ml oral solution (Special Order) (AMP)
8544911000001109,Indometacin 25mg/5ml oral solution (Special Order) (AMP)
8545311000001107,Indometacin 50mg/5ml oral suspension (Special Order) (AMP)
8545911000001108,Indometacin 25mg/5ml oral suspension (Drug Tariff Special Order) (AMP)
855111000001101,Co-codamol 30mg/500mg tablets (Zentiva Pharma UK Ltd) (AMP)
8561611000001108,Indometacin 25mg/5ml oral solution (VMP)
8561811000001107,Indometacin 50mg/5ml oral solution (VMP)
8561911000001102,Indometacin 50mg/5ml oral suspension (VMP)
857211000001104,Diamorphine 10mg tablets (A A H Pharmaceuticals Ltd) (AMP)
859511000001108,Ibuprofen 200mg tablets (Sun Pharma UK Ltd) (AMP)
8607611000001109,Mefenamic acid 250mg/5ml oral suspension (Special Order) (AMP)
8608211000001106,Mefenamic acid 500mg/5ml oral suspension (Special Order) (AMP)
86111000001104,Naproxen 250mg tablets (Actavis UK Ltd) (AMP)
8637511000001100,Naproxen 125mg/5ml oral suspension (Special Order) (AMP)
8638311000001107,Naproxen 250mg/5ml oral suspension (Special Order) (AMP)
8639711000001102,Naproxen 500mg/5ml oral suspension (Special Order) (AMP)
8646711000001106,Paracetamol 500mg/5ml oral suspension (Special Order) (AMP)
865611000001103,Amitriptyline 10mg tablets (Teva UK Ltd) (AMP)
8662311000001102,Mefenamic acid 250mg/5ml oral suspension (VMP)
8662411000001109,Mefenamic acid 500mg/5ml oral suspension (VMP)
8669711000001109,Naproxen 250mg/5ml oral suspension (VMP)
8669811000001101,Naproxen 500mg/5ml oral suspension (VMP)
867111000001102,Ketpron XL 100mg capsules (Mercury Pharma Group Ltd) (AMP)
8671111000001100,Paracetamol 500mg/5ml oral suspension (VMP)
867611000001105,Temgesic 200microgram sublingual tablets (Eumedica Pharma Ltd) (AMP)
867711000001101,Berlind 75 Retard capsules (Tillomed Laboratories Ltd) (AMP)
868911000001103,Motrin 400mg tablets (Pfizer Ltd) (AMP)
869111000001108,Dihydrocodeine 30mg tablets (A A H Pharmaceuticals Ltd) (AMP)
869811000001101,Ibuprofen 200mg tablets (IVAX Pharmaceuticals UK Ltd) (AMP)
870111000001106,Paracetamol 120mg suppositories (Alliance Healthcare (Distribution) Ltd) (AMP)
871711000001104,Co-dydramol 10mg/500mg tablets (Alliance Healthcare (Distribution) Ltd) (AMP)
875511000001107,Codeine 30mg tablets (IVAX Pharmaceuticals UK Ltd) (AMP)
87611000001109,Methadone 10mg/1ml solution for injection ampoules (A A H Pharmaceuticals Ltd) (AMP)
878111000001108,Celebrex 200mg capsules (Viatris UK Healthcare Ltd) (AMP)
878411000001103,Ibuprofen 400mg tablets (IVAX Pharmaceuticals UK Ltd) (AMP)
878611000001100,Piroxicam 20mg dispersible tablets (Kent Pharma (UK) Ltd) (AMP)
8789011000001103,Paracetamol 1g suppositories (Special Order) (AMP)
879011000001102,Methadone 10mg/1ml solution for injection ampoules (Martindale Pharmaceuticals Ltd) (AMP)
879911000001103,Aspirin 300mg gastro-resistant tablets (Greenfield Pharmaceuticals Ltd) (AMP)
8801011000001103,Paracetamol 1g suppositories (VMP)
881011000001106,Paracetamol 500mg tablets (Kent Pharma (UK) Ltd) (AMP)
881511000001103,Pethidine 100mg/10ml solution for injection ampoules (A A H Pharmaceuticals Ltd) (AMP)
881711000001108,Ketoprofen 100mg capsules (A A H Pharmaceuticals Ltd) (AMP)
8825111000001108,Co-codamol 30mg/500mg capsules (Alliance Healthcare (Distribution) Ltd) (AMP)
886411000001108,Tramadol 50mg capsules (Actavis UK Ltd) (AMP)
886811000001105,Ketoprofen 50mg capsules (Alliance Healthcare (Distribution) Ltd) (AMP)
889811000001104,Methadone 50mg/5ml solution for injection ampoules (A A H Pharmaceuticals Ltd) (AMP)
889911000001109,Naproxen 250mg tablets (A A H Pharmaceuticals Ltd) (AMP)
8916811000001109,Gabapentin 100mg capsules (Viatris UK Healthcare Ltd) (AMP)
8917211000001105,Gabapentin 300mg capsules (Viatris UK Healthcare Ltd) (AMP)
8917511000001108,Gabapentin 400mg capsules (Viatris UK Healthcare Ltd) (AMP)
892211000001107,Ibuprofen 200mg tablets (Aspar Pharmaceuticals Ltd) (AMP)
8929611000001109,Diclofenac sodium 75mg modified-release capsules (A A H Pharmaceuticals Ltd) (AMP)
893011000001106,Aspirin 300mg suppositories (Martindale Pharmaceuticals Ltd) (AMP)
8932811000001101,Diclofenac sodium 100mg modified-release capsules (A A H Pharmaceuticals Ltd) (AMP)
893811000001100,Allegron 10mg tablets (King Pharmaceuticals Ltd) (AMP)
894011000001108,Ibugel 5% gel (Dermal Laboratories Ltd) (AMP)
894311000001106,Naprosyn 250mg tablets (Atnahs Pharma UK Ltd) (AMP)
894511000001100,Aspirin 300mg dispersible tablets (Alliance Healthcare (Distribution) Ltd) (AMP)
895411000001103,Paracets 500mg capsules (Sussex Pharmaceutical Ltd) (AMP)
895511000001104,Amitriptyline 50mg/5ml oral solution sugar free (Alliance Healthcare (Distribution) Ltd) (AMP)
8970311000001109,Advil 200mg tablets (Wyeth Consumer Healthcare) (AMP)
8973711000001104,Ultramol capsules (Zentiva Pharma UK Ltd) (AMP)
8982411000001108,Mandanol 6+ paracetamol 250mg/5ml oral suspension (M & A Pharmachem Ltd) (AMP)
8982611000001106,Mandanol Infant paracetamol 120mg/5ml oral suspension (M & A Pharmachem Ltd) (AMP)
8984711000001107,Anadin Original tablets (Haleon UK Trading Ltd) (AMP)
8985811000001103,Aspirin 325mg / Caffeine 15mg tablets (VMP)
8990311000001104,Co-codamol 8mg/500mg effervescent tablets (Teva UK Ltd) (AMP)
900411000001102,Radian B Ibuprofen 5% gel (Thornton & Ross Ltd) (AMP)
901211000001107,Caprin 300mg gastro-resistant tablets (Pinewood Healthcare) (AMP)
901511000001105,Ibuprofen 600mg tablets (Aspar Pharmaceuticals Ltd) (AMP)
901911000001103,Librofem 200mg tablets (LPC Medical (UK) Ltd) (AMP)
902911000001109,Indocid 100mg suppositories (Aspen Pharma Trading Ltd) (AMP)
903411000001105,Migrafen 200mg tablets (Chatfield Laboratories) (AMP)
9035511000001100,Paracetamol 500mg soluble tablets (Teva UK Ltd) (AMP)
903811000001107,Methadone 1mg/ml oral solution (Rosemont Pharmaceuticals Ltd) (AMP)
904811000001105,Ibuleve Sports 5% gel (Dendron Brands Ltd) (AMP)
905911000001101,Tramadol 50mg capsules (Kent Pharma (UK) Ltd) (AMP)
90611000001109,Feldene 20 capsules (Pfizer Ltd) (AMP)
906311000001107,Defanac 75mg SR tablets (Sun Pharma UK Ltd) (AMP)
906611000001102,Actiq 600microgram lozenges with integral oromucosal applicator (Teva UK Ltd) (AMP)
908211000001103,Codeine 30mg tablets (Kent Pharma (UK) Ltd) (AMP)
908611000001101,Diamorphine 30mg powder for solution for injection ampoules (The Boots Company Plc) (AMP)
9089711000001102,Durogesic DTrans 25micrograms/hour transdermal patches (Janssen-Cilag Ltd) (AMP)
9089911000001100,Durogesic DTrans 50micrograms/hour transdermal patches (Janssen-Cilag Ltd) (AMP)
9090111000001109,Durogesic DTrans 75micrograms/hour transdermal patches (Janssen-Cilag Ltd) (AMP)
9090311000001106,Durogesic DTrans 100micrograms/hour transdermal patches (Janssen-Cilag Ltd) (AMP)
9092111000001108,Calpol Infant 120mg/5ml oral suspension 5ml sachets (McNeil Products Ltd) (AMP)
9096911000001105,Paracetamol 120mg/5ml oral suspension 5ml sachets (VMP)
9099911000001101,Voltarol Back & Muscle Pain Relief 1.16% gel (Haleon UK Trading Ltd) (AMP)
9100811000001106,Larapam SR 100mg tablets (Sandoz Ltd) (AMP)
9101011000001109,Larapam SR 150mg tablets (Sandoz Ltd) (AMP)
9101211000001104,Larapam SR 200mg tablets (Sandoz Ltd) (AMP)
9105311000001109,Dental Pain Relief tablets (The Boots Company Plc) (AMP)
9106111000001101,Benylin with Codeine oral solution (Pfizer Consumer Healthcare Ltd) (AMP)
910811000001103,Pirozip 20 capsules (Ashbourne Pharmaceuticals Ltd) (AMP)
91111000001107,Paracetamol 500mg tablets (The Boots Company Plc) (AMP)
911511000001108,Paracetamol 120mg/5ml oral solution paediatric (The Boots Company Plc) (AMP)
911611000001107,Rheumacin LA 75mg capsules (Hillcross Pharmaceuticals Ltd) (AMP)
9117311000001103,Generic Benylin with Codeine oral solution (VMP)
913211000001109,Voltarol 25mg suppositories (Novartis Pharmaceuticals UK Ltd) (AMP)
913811000001105,Ibuprofen 400mg tablets (A A H Pharmaceuticals Ltd) (AMP)
915411000001107,Ketoprofen 50mg capsules (Sandoz Ltd) (AMP)
915611000001105,Paracetamol 500mg soluble tablets (A A H Pharmaceuticals Ltd) (AMP)
9164311000001106,Nurofen for Children Singles 100mg/5ml oral suspension 5ml sachets strawberry (Reckitt Benckiser Healthcare (UK) Ltd) (AMP)
9164611000001101,Nurofen for Children 100mg/5ml oral suspension strawberry (Reckitt Benckiser Healthcare (UK) Ltd) (AMP)
916711000001109,Aspirin 75mg dispersible tablets (Accord-UK Ltd) (AMP)
9172611000001104,Ibuprofen 200mg caplets (Galpharm International Ltd) (AMP)
918811000001100,Diamorphine 10mg powder for solution for injection ampoules (Novartis Vaccines and Diagnostics Ltd) (AMP)
91911000001105,Flurbiprofen 100mg tablets (A A H Pharmaceuticals Ltd) (AMP)
9191811000001101,Piroxicam 10mg capsules (Sandoz Ltd) (AMP)
9192011000001104,Piroxicam 20mg capsules (Sandoz Ltd) (AMP)
919611000001108,Dromadol SR 150mg tablets (Teva UK Ltd) (AMP)
9209811000001100,Ibuprofen 100mg/5ml oral suspension sugar free (Thornton & Ross Ltd) (AMP)
9210011000001100,Ibuprofen 100mg/5ml oral suspension 5ml sachets sugar free (Thornton & Ross Ltd) (AMP)
9210211000001105,Paracetamol 120mg/5ml oral suspension paediatric sugar free (Thornton & Ross Ltd) (AMP)
921411000001100,Lodine SR 600mg tablets (Almirall Ltd) (AMP)
922411000001105,MST Continus 5mg tablets (Napp Pharmaceuticals Ltd) (AMP)
922511000001109,Dexomon 75mg SR tablets (Hillcross Pharmaceuticals Ltd) (AMP)
922711000001104,Arthrosin EC 250 tablets (Ashbourne Pharmaceuticals Ltd) (AMP)
922811000001107,Diamorphine 30mg powder for solution for injection ampoules (Alliance Healthcare (Distribution) Ltd) (AMP)
9243611000001108,Tramadol 100mg modified-release tablets (A A H Pharmaceuticals Ltd) (AMP)
9243911000001102,Tramadol 150mg modified-release tablets (A A H Pharmaceuticals Ltd) (AMP)
9244111000001103,Tramadol 200mg modified-release tablets (A A H Pharmaceuticals Ltd) (AMP)
9244311000001101,Ketoprofen 2.5% gel (PLIVA Pharma Ltd) (AMP)
9244911000001100,Pure Health Junior Ibuprofen 100mg/5ml oral suspension (Lexon (UK) Ltd) (AMP)
9245311000001102,Numark Paracetamol 500mg capsules (Numark Ltd) (AMP)
9248411000001104,Radian B Ibuprofen Massage stick (Thornton & Ross Ltd) (AMP)
92511000001106,Tenoxicam 20mg tablets (A A H Pharmaceuticals Ltd) (AMP)
927411000001108,Caprin 75mg gastro-resistant tablets (Wockhardt UK Ltd) (AMP)
92811000001109,Piroxicam 20mg capsules (Viatris UK Healthcare Ltd) (AMP)
928211000001108,Ibuprofen 600mg tablets (Sterwin Medicines) (AMP)
928511000001106,Methadone 20mg/2ml solution for injection ampoules (Alliance Healthcare (Distribution) Ltd) (AMP)
928611000001105,Co-codamol 8mg/500mg effervescent tablets (Sandoz Ltd) (AMP)
928911000001104,Piroxicam 10mg capsules (A A H Pharmaceuticals Ltd) (AMP)
929211000001103,Zydol XL 300mg tablets (Grunenthal Ltd) (AMP)
929711000001105,Co-codamol 8mg/500mg tablets (Zentiva Pharma UK Ltd) (AMP)
9298111000001103,Gabapentin 100mg capsules (IVAX Pharmaceuticals UK Ltd) (AMP)
9298311000001101,Gabapentin 300mg capsules (IVAX Pharmaceuticals UK Ltd) (AMP)
9298511000001107,Gabapentin 400mg capsules (IVAX Pharmaceuticals UK Ltd) (AMP)
9308411000001100,Gabapentin 300mg capsules (Sandoz Ltd) (AMP)
932111000001102,Paracetamol 500mg tablets (IVAX Pharmaceuticals UK Ltd) (AMP)
932511000001106,Dihydrocodeine 30mg tablets (Zentiva Pharma UK Ltd) (AMP)
9326411000001107,Co-codamol 30mg/500mg tablets (Viatris UK Healthcare Ltd) (AMP)
933011000001107,Arthrofen 400 tablets (Ashbourne Pharmaceuticals Ltd) (AMP)
933111000001108,Ketoprofen 2.5% gel (Kent Pharma (UK) Ltd) (AMP)
93411000001103,Filnarine SR 60mg tablets (Teva UK Ltd) (AMP)
936011000001104,Naproxen 500mg gastro-resistant tablets (A A H Pharmaceuticals Ltd) (AMP)
9372211000001106,Cuprofen for Children 100mg/5ml oral suspension (SSL International Plc) (AMP)
939711000001107,Tramadol 50mg capsules (Alliance Healthcare (Distribution) Ltd) (AMP)
9411000001102,Zamadol SR 200mg capsules (Viatris UK Healthcare Ltd) (AMP)
9447211000001103,Seractil 300mg tablets (Thornton & Ross Ltd) (AMP)
9447611000001101,Seractil 400mg tablets (Thornton & Ross Ltd) (AMP)
9458211000001101,Ibuprofen 100mg/5ml oral suspension 5ml sachets sugar free (A A H Pharmaceuticals Ltd) (AMP)
9466211000001107,Perfalgan 500mg/50ml solution for infusion vials (Bristol-Myers Squibb Pharmaceuticals Ltd) (AMP)
9469611000001101,Paracetamol 1g / Pseudoephedrine 60mg oral powder sachets (VMP)
9471111000001101,Paracetamol 500mg caplets (Wockhardt UK Ltd) (AMP)
9475011000001100,Migraine Relief 8mg/500mg capsules (The Boots Company Plc) (AMP)
9479611000001105,Co-codamol 30mg/500mg capsules (Viatris UK Healthcare Ltd) (AMP)
9480411000001107,Co-codamol 30mg/500mg capsules (IVAX Pharmaceuticals UK Ltd) (AMP)
9501811000001106,Ibuprofen 200mg tablets (Wockhardt UK Ltd) (AMP)
9502111000001109,Ibuprofen 400mg tablets (Wockhardt UK Ltd) (AMP)
9508011000001106,Tilofyl 25micrograms/hour transdermal patches (Tillomed Laboratories Ltd) (AMP)
9508211000001101,Tilofyl 50micrograms/hour transdermal patches (Tillomed Laboratories Ltd) (AMP)
9508511000001103,Tilofyl 75micrograms/hour transdermal patches (Tillomed Laboratories Ltd) (AMP)
9508611000001104,Pulmo Bailly oral solution (Dendron Brands Ltd) (AMP)
9508911000001105,Tilofyl 100micrograms/hour transdermal patches (Tillomed Laboratories Ltd) (AMP)
9519611000001106,Guaiacol 75mg/5ml / Codeine 7mg/5ml oral solution (VMP)
9532211000001106,Zamadol 24hr 150mg modified-release tablets (Viatris UK Healthcare Ltd) (AMP)
9532611000001108,Zamadol 24hr 200mg modified-release tablets (Viatris UK Healthcare Ltd) (AMP)
9532911000001102,Zamadol 24hr 300mg modified-release tablets (Viatris UK Healthcare Ltd) (AMP)
9533211000001100,Zamadol 24hr 400mg modified-release tablets (Viatris UK Healthcare Ltd) (AMP)
9544111000001109,Paramol soluble tablets (SSL International Plc) (AMP)
9553311000001107,Co-dydramol 7.46mg/500mg effervescent tablets sugar free (VMP)
9557711000001101,Gabapentin 100mg capsules (Zentiva Pharma UK Ltd) (AMP)
9557911000001104,Gabapentin 300mg capsules (Zentiva Pharma UK Ltd) (AMP)
9558111000001101,Gabapentin 400mg capsules (Zentiva Pharma UK Ltd) (AMP)
9563411000001107,Voltarol Gel Patch 1% medicated plasters (Novartis Consumer Health UK Ltd) (AMP)
9564111000001100,Diclofenac 1% transdermal patches (VMP)
9565311000001104,BuTrans 5micrograms/hour transdermal patches (Napp Pharmaceuticals Ltd) (AMP)
9565611000001109,BuTrans 10micrograms/hour transdermal patches (Napp Pharmaceuticals Ltd) (AMP)
9565911000001103,BuTrans 20micrograms/hour transdermal patches (Napp Pharmaceuticals Ltd) (AMP)
9567211000001104,Buprenorphine 5micrograms/hour transdermal patches (VMP)
9567311000001107,Buprenorphine 20micrograms/hour transdermal patches (VMP)
9567411000001100,Buprenorphine 10micrograms/hour transdermal patches (VMP)
9567811000001103,Pedea 10mg/2ml solution for infusion ampoules (Recordati Rare Diseases UK Ltd) (AMP)
9575011000001108,Ibuprofen 10mg/2ml solution for infusion ampoules (VMP)
9604211000001103,Co-codamol 30mg/500mg tablets (Accord-UK Ltd) (AMP)
9626911000001109,Co-codamol 30mg/500mg capsules (Teva UK Ltd) (AMP)
9627111000001109,Co-codamol 30mg/500mg tablets (Teva UK Ltd) (AMP)
9648711000001108,Ibuprofen 400mg tablets (Galpharm International Ltd) (AMP)
9708511000001102,Fentanyl 25micrograms/hour transdermal patches (A A H Pharmaceuticals Ltd) (AMP)
9708711000001107,Fentanyl 50micrograms/hour transdermal patches (A A H Pharmaceuticals Ltd) (AMP)
9708911000001109,Fentanyl 75micrograms/hour transdermal patches (A A H Pharmaceuticals Ltd) (AMP)
9709111000001104,Fentanyl 100micrograms/hour transdermal patches (A A H Pharmaceuticals Ltd) (AMP)
9738911000001103,Phorpain 5% gel (Advanz Pharma) (AMP)
9746611000001109,Ibuprofen 400mg tablets (The Boots Company Plc) (AMP)
9746811000001108,Ibuprofen 200mg tablets (The Boots Company Plc) (AMP)
9748311000001100,Morphine sulfate 10mg/10ml solution for injection Minijet pre-filled syringes (UCB Pharma Ltd) (AMP)
9750511000001106,Morphine sulfate 10mg/10ml solution for injection pre-filled syringes (VMP)
9751111000001108,Durogesic DTrans 12micrograms/hour transdermal patches (Janssen-Cilag Ltd) (AMP)
9752311000001101,Fentanyl 12micrograms/hour transdermal patches (VMP)
9762011000001106,Morphine tartrate 10mg/1ml / Cyclizine tartrate 50mg/1ml solution for injection ampoules (Alliance Healthcare (Distribution) Ltd) (AMP)
9762211000001101,Morphine tartrate 15mg/1ml / Cyclizine tartrate 50mg/1ml solution for injection ampoules (Alliance Healthcare (Distribution) Ltd) (AMP)
9762411000001102,Morphine sulfate 10mg/5ml oral solution (Alliance Healthcare (Distribution) Ltd) (AMP)
9762811000001100,Morphine sulfate 20mg suppositories (Alliance Healthcare (Distribution) Ltd) (AMP)
9784511000001105,Amitriptyline 10mg tablets (Almus Pharmaceuticals Ltd) (AMP)
9784711000001100,Amitriptyline 25mg tablets (Almus Pharmaceuticals Ltd) (AMP)
9784911000001103,Amitriptyline 50mg tablets (Almus Pharmaceuticals Ltd) (AMP)
9788211000001101,Co-codamol 8mg/500mg effervescent tablets (Almus Pharmaceuticals Ltd) (AMP)
9788511000001103,Co-codamol 30mg/500mg tablets (Almus Pharmaceuticals Ltd) (AMP)
9788711000001108,Co-dydramol 10mg/500mg tablets (Almus Pharmaceuticals Ltd) (AMP)
9788911000001105,Co-proxamol 32.5mg/325mg tablets (Almus Pharmaceuticals Ltd) (AMP)
9789111000001100,Aspirin 75mg dispersible tablets (Almus Pharmaceuticals Ltd) (AMP)
9789911000001102,Aspirin 300mg dispersible tablets (Almus Pharmaceuticals Ltd) (AMP)
9790111000001106,Aspirin 75mg gastro-resistant tablets (Almus Pharmaceuticals Ltd) (AMP)
9800611000001103,Tramadol 50mg capsules (Almus Pharmaceuticals Ltd) (AMP)
9802611000001102,Paracetamol 500mg soluble tablets (Almus Pharmaceuticals Ltd) (AMP)
9802911000001108,Paracetamol 500mg caplets (Almus Pharmaceuticals Ltd) (AMP)
9805311000001101,Ibuprofen 200mg tablets (Almus Pharmaceuticals Ltd) (AMP)
9805911000001100,Ibuprofen 600mg tablets (Almus Pharmaceuticals Ltd) (AMP)
9807011000001106,Indometacin 50mg capsules (Almus Pharmaceuticals Ltd) (AMP)
9816611000001104,Ibuprofen 400mg tablets (Almus Pharmaceuticals Ltd) (AMP)
9827511000001106,Aspirin 300mg dispersible tablets (Lloyds Pharmacy Ltd) (AMP)
9828611000001109,Kaolin and Morphine mixture (Lloyds Pharmacy Ltd) (AMP)
9834411000001104,Meloxicam 7.5mg tablets (Teva UK Ltd) (AMP)
9834611000001101,Meloxicam 15mg tablets (Teva UK Ltd) (AMP)
9834811000001102,Meloxicam 7.5mg tablets (A A H Pharmaceuticals Ltd) (AMP)
9835011000001107,Meloxicam 15mg tablets (A A H Pharmaceuticals Ltd) (AMP)
9856111000001101,Meloxicam 7.5mg tablets (Kent Pharma (UK) Ltd) (AMP)
9856311000001104,Meloxicam 15mg tablets (Kent Pharma (UK) Ltd) (AMP)
9870211000001108,Meloxicam 7.5mg tablets (Zentiva Pharma UK Ltd) (AMP)
9870511000001106,Meloxicam 15mg tablets (Zentiva Pharma UK Ltd) (AMP)
98711000001103,Medocodene 30mg/500mg capsules (UCB Pharma Ltd) (AMP)
98811000001106,Fenoket 200mg modified-release capsules (Opus Pharmaceuticals Ltd) (AMP)
9886411000001100,Flu Strength Hot Lemon Powders 1g oral powder sachets (Galpharm International Ltd) (AMP)
9890311000001105,Cuprofen for Children 100mg/5ml oral suspension (SSL International Plc) (AMP)
9905911000001107,Meloxicam 7.5mg tablets (Alliance Healthcare (Distribution) Ltd) (AMP)
9906111000001103,Meloxicam 15mg tablets (Alliance Healthcare (Distribution) Ltd) (AMP)
9991411000001100,Meloxicam 7.5mg tablets (Viatris UK Healthcare Ltd) (AMP)
9991611000001102,Meloxicam 15mg tablets (Viatris UK Healthcare Ltd) (AMP)
9993111000001106,Galpharm Ibuprofen For Children 100mg/5ml oral suspension 5ml sachets (Galpharm International Ltd) (AMP)
