code,term
100011000001108,Epilim 200mg/5ml liquid (Sanofi) (AMP)
10049011000001109,Sodium valproate (VTM)
10073311000001105,Phenobarbital 15mg/1ml solution for injection ampoules (Martindale Pharmaceuticals Ltd) (AMP)
10073511000001104,Phenobarbital 15mg/1ml solution for injection ampoules (A A H Pharmaceuticals Ltd) (AMP)
10073711000001109,Phenobarbital 15mg/1ml solution for injection ampoules (Alliance Healthcare (Distribution) Ltd) (AMP)
10168211000001107,Gabapentin 600mg tablets (Alliance Healthcare (Distribution) Ltd) (AMP)
10197611000001107,Lamotrigine 5mg dispersible tablets sugar free (Dexcel-Pharma Ltd) (AMP)
10197811000001106,Lamotrigine 25mg dispersible tablets sugar free (Dexcel-Pharma Ltd) (AMP)
10198011000001104,Lamotrigine 100mg dispersible tablets sugar free (Dexcel-Pharma Ltd) (AMP)
10204511000001100,Lamotrigine 200mg dispersible tablets sugar free (Dexcel-Pharma Ltd) (AMP)
10205211000001102,Lamotrigine 50mg dispersible tablets sugar free (Dexcel-Pharma Ltd) (AMP)
10225711000001104,Lamotrigine 200mg dispersible tablets sugar free (VMP)
10225811000001107,Lamotrigine 50mg dispersible tablets sugar free (VMP)
10285611000001104,Lamotrigine 100mg tablets (Consilient Health Ltd) (AMP)
10286211000001107,Lamotrigine 200mg tablets (Consilient Health Ltd) (AMP)
10287011000001104,Lamotrigine 25mg tablets (Consilient Health Ltd) (AMP)
10287511000001107,Lamotrigine 50mg tablets (Consilient Health Ltd) (AMP)
10298111000001101,Gabapentin 100mg capsules (Focus Pharmaceuticals Ltd) (AMP)
10298511000001105,Gabapentin 300mg capsules (Focus Pharmaceuticals Ltd) (AMP)
10298811000001108,Gabapentin 400mg capsules (Focus Pharmaceuticals Ltd) (AMP)
10299611000001100,Lamotrigine 100mg tablets (Focus Pharmaceuticals Ltd) (AMP)
10299811000001101,Lamotrigine 200mg tablets (Focus Pharmaceuticals Ltd) (AMP)
10300211000001100,Lamotrigine 25mg tablets (Focus Pharmaceuticals Ltd) (AMP)
10300511000001102,Lamotrigine 50mg tablets (Focus Pharmaceuticals Ltd) (AMP)
10308711000001109,Lamotrigine 5mg dispersible tablets sugar free (Teva UK Ltd) (AMP)
10325111000001106,Lamotrigine 5mg dispersible tablets sugar free (Focus Pharmaceuticals Ltd) (AMP)
10325311000001108,Lamotrigine 100mg dispersible tablets sugar free (Focus Pharmaceuticals Ltd) (AMP)
10325511000001102,Lamotrigine 25mg dispersible tablets sugar free (Focus Pharmaceuticals Ltd) (AMP)
10356611000001109,Clobazam 10mg tablets (A A H Pharmaceuticals Ltd) (AMP)
10415411000001101,Sodium valproate 200mg gastro-resistant tablets (Arrow Generics Ltd) (AMP)
10415611000001103,Sodium valproate 500mg gastro-resistant tablets (Arrow Generics Ltd) (AMP)
10431011000001102,Phenobarbital 30mg tablets (Arrow Generics Ltd) (AMP)
10431411000001106,Phenobarbital 60mg tablets (Arrow Generics Ltd) (AMP)
10446811000001102,Keppra 500mg/5ml concentrate for solution for infusion vials (UCB Pharma Ltd) (AMP)
10450811000001101,Lamotrigine 25mg tablets (Arrow Generics Ltd) (AMP)
10451011000001103,Lamotrigine 50mg tablets (Arrow Generics Ltd) (AMP)
10451211000001108,Lamotrigine 100mg tablets (Arrow Generics Ltd) (AMP)
10451411000001107,Lamotrigine 200mg tablets (Arrow Generics Ltd) (AMP)
10451611000001105,Lamotrigine 5mg dispersible tablets sugar free (Arrow Generics Ltd) (AMP)
10451811000001109,Lamotrigine 25mg dispersible tablets sugar free (Arrow Generics Ltd) (AMP)
10452011000001106,Lamotrigine 100mg dispersible tablets sugar free (Arrow Generics Ltd) (AMP)
10466811000001106,Trileptal 300mg tablets (Dowelhurst Ltd) (AMP)
10467011000001102,Trileptal 600mg tablets (Dowelhurst Ltd) (AMP)
10494211000001102,Depakote 250mg gastro-resistant tablets (Dowelhurst Ltd) (AMP)
10495111000001107,Depakote 500mg gastro-resistant tablets (Dowelhurst Ltd) (AMP)
10498811000001109,Trileptal 600mg tablets (Waymade Healthcare Plc) (AMP)
10499511000001100,Trileptal 300mg tablets (Waymade Healthcare Plc) (AMP)
10500111000001108,Trileptal 150mg tablets (Waymade Healthcare Plc) (AMP)
10501411000001107,Keppra 250mg tablets (Dowelhurst Ltd) (AMP)
10503911000001103,Tegretol Prolonged Release 200mg tablets (Waymade Healthcare Plc) (AMP)
10521511000001102,Depakote 500mg gastro-resistant tablets (Waymade Healthcare Plc) (AMP)
10543411000001100,Lyrica 75mg capsules (Waymade Healthcare Plc) (AMP)
10543611000001102,Lyrica 25mg capsules (Waymade Healthcare Plc) (AMP)
10543811000001103,Lyrica 150mg capsules (Waymade Healthcare Plc) (AMP)
10547111000001102,Keppra 1g tablets (Waymade Healthcare Plc) (AMP)
10547411000001107,Keppra 250mg tablets (Waymade Healthcare Plc) (AMP)
10548011000001102,Keppra 500mg tablets (Waymade Healthcare Plc) (AMP)
10549611000001100,Lamotrigine 5mg dispersible tablets sugar free (Waymade Healthcare Plc) (AMP)
10549911000001106,Lamotrigine 25mg dispersible tablets sugar free (Waymade Healthcare Plc) (AMP)
10550311000001104,Lamotrigine 100mg dispersible tablets sugar free (Waymade Healthcare Plc) (AMP)
10566011000001109,Lamotrigine 25mg tablets (Sun Pharma UK Ltd) (AMP)
10566211000001104,Lamotrigine 50mg tablets (Sun Pharma UK Ltd) (AMP)
10566411000001100,Lamotrigine 100mg tablets (Sun Pharma UK Ltd) (AMP)
10566611000001102,Lamotrigine 200mg tablets (Sun Pharma UK Ltd) (AMP)
10649211000001109,Sodium valproate 200mg/5ml oral solution sugar free (Teva UK Ltd) (AMP)
10678211000001103,Phenytoin sodium 250mg/5ml solution for injection ampoules (Advanz Pharma) (AMP)
10834511000001103,Lamictal 25mg tablets (Waymade Healthcare Plc) (AMP)
10834711000001108,Lamictal 50mg tablets (Waymade Healthcare Plc) (AMP)
10834911000001105,Lamictal 100mg tablets (Waymade Healthcare Plc) (AMP)
10854011000001105,Epilim Chrono 200 tablets (Waymade Healthcare Plc) (AMP)
10854211000001100,Epilim Chrono 300 tablets (Waymade Healthcare Plc) (AMP)
10854411000001101,Epilim Chrono 500 tablets (Waymade Healthcare Plc) (AMP)
10854611000001103,Epilim 500 gastro-resistant tablets (Waymade Healthcare Plc) (AMP)
10854811000001104,Epilim 200mg/5ml liquid (Waymade Healthcare Plc) (AMP)
11072611000001100,Episenta 300mg/3ml solution for injection ampoules (Desitin Pharma Ltd) (AMP)
11089411000001104,Sodium valproate 300mg/3ml solution for injection ampoules (VMP)
11136411000001109,Lyrica 100mg capsules (Waymade Healthcare Plc) (AMP)
11141611000001101,Depakote 125mg sprinkle gastro-resistant capsules (Imported (United States)) (AMP)
11146711000001104,Valproic acid 125mg gastro-resistant capsules (VMP)
11383911000001108,Primidone 125mg/5ml oral suspension (VMP)
11384111000001107,Liskantin Saft 125mg/5ml oral suspension (Imported (Germany)) (AMP)
11384811000001100,Epanutin 100mg capsules (Waymade Healthcare Plc) (AMP)
11385011000001105,Keppra 100mg/ml oral solution (Waymade Healthcare Plc) (AMP)
11385711000001107,Tegretol 400mg tablets (Waymade Healthcare Plc) (AMP)
11475111000001108,Sodium valproate 150mg modified-release capsules (VMP)
11475211000001102,Sodium valproate 300mg modified-release capsules (VMP)
11475311000001105,Sodium valproate 500mg modified-release granules sachets sugar free (VMP)
11475411000001103,Sodium valproate 1g modified-release granules sachets sugar free (VMP)
11475611000001100,Episenta 150mg modified-release capsules (Desitin Pharma Ltd) (AMP)
11475911000001106,Episenta 300mg modified-release capsules (Desitin Pharma Ltd) (AMP)
11476211000001108,Episenta 500mg modified-release granules sachets (Desitin Pharma Ltd) (AMP)
11476511000001106,Episenta 1000mg modified-release granules sachets (Desitin Pharma Ltd) (AMP)
114811000001105,Sodium valproate 200mg gastro-resistant tablets (Actavis UK Ltd) (AMP)
11485111000001102,Primidone 250mg/5ml oral suspension (Drug Tariff Special Order) (AMP)
11500511000001106,Lamotrigine 5mg dispersible tablets sugar free (Actavis UK Ltd) (AMP)
11500711000001101,Lamotrigine 25mg dispersible tablets sugar free (Actavis UK Ltd) (AMP)
11500911000001104,Lamotrigine 100mg dispersible tablets sugar free (Actavis UK Ltd) (AMP)
11529111000001100,Ethosuximide 250mg capsules (A A H Pharmaceuticals Ltd) (AMP)
11529811000001107,Ethosuximide 250mg capsules (Alliance Healthcare (Distribution) Ltd) (AMP)
11532011000001106,Gabapentin 100mg capsules (Sandoz Ltd) (AMP)
11532211000001101,Gabapentin 400mg capsules (Sandoz Ltd) (AMP)
11532411000001102,Lamotrigine 5mg dispersible tablets sugar free (Sandoz Ltd) (AMP)
11532611000001104,Lamotrigine 25mg dispersible tablets sugar free (Sandoz Ltd) (AMP)
11532811000001100,Lamotrigine 100mg dispersible tablets sugar free (Sandoz Ltd) (AMP)
11539711000001102,Lyrica 200mg capsules (Waymade Healthcare Plc) (AMP)
117311000001105,Emeside 250mg capsules (Fontus Health Ltd) (AMP)
119011000001103,Sodium valproate 100mg tablets (Viatris UK Healthcare Ltd) (AMP)
11926011000001101,Oxcarbazepine 150mg tablets (A A H Pharmaceuticals Ltd) (AMP)
11926211000001106,Oxcarbazepine 300mg tablets (A A H Pharmaceuticals Ltd) (AMP)
11926411000001105,Oxcarbazepine 600mg tablets (A A H Pharmaceuticals Ltd) (AMP)
11938411000001108,Clonazepam 1.2mg/5ml oral suspension (Special Order) (AMP)
11938711000001102,Clonazepam 1.2mg/5ml oral solution (Special Order) (AMP)
11939011000001109,Clonazepam 100micrograms/5ml oral suspension (Special Order) (AMP)
11939311000001107,Clonazepam 100micrograms/5ml oral solution (Special Order) (AMP)
11939611000001102,Clonazepam 12.5mg/5ml oral suspension (Special Order) (AMP)
11939911000001108,Clonazepam 12.5mg/5ml oral solution (Special Order) (AMP)
11940211000001107,Clonazepam 120micrograms/5ml oral suspension (Special Order) (AMP)
11940511000001105,Clonazepam 120micrograms/5ml oral solution (Special Order) (AMP)
11940811000001108,Clonazepam 125micrograms/5ml oral suspension (Special Order) (AMP)
11941111000001107,Clonazepam 125micrograms/5ml oral solution (Special Order) (AMP)
11941411000001102,Clonazepam 150micrograms/5ml oral suspension (Special Order) (AMP)
11941711000001108,Clonazepam 150micrograms/5ml oral solution (Special Order) (AMP)
11942011000001103,Clonazepam 160micrograms/5ml oral suspension (Special Order) (AMP)
11942311000001100,Clonazepam 160micrograms/5ml oral solution (Special Order) (AMP)
11942611000001105,Clonazepam 25micrograms/5ml oral suspension (Special Order) (AMP)
11942911000001104,Clonazepam 25micrograms/5ml oral solution (Special Order) (AMP)
11943211000001102,Clonazepam 25mg/5ml oral suspension (Special Order) (AMP)
11943511000001104,Clonazepam 25mg/5ml oral solution (Special Order) (AMP)
11943811000001101,Clonazepam 1.2mg/5ml oral solution (VMP)
11943911000001106,Clonazepam 1.2mg/5ml oral suspension (VMP)
11944011000001109,Clonazepam 100micrograms/5ml oral solution (VMP)
11944111000001105,Clonazepam 100micrograms/5ml oral suspension (VMP)
11944211000001104,Clonazepam 12.5mg/5ml oral solution (VMP)
11944311000001107,Clonazepam 12.5mg/5ml oral suspension (VMP)
11944411000001100,Clonazepam 120micrograms/5ml oral solution (VMP)
11944511000001101,Clonazepam 120micrograms/5ml oral suspension (VMP)
11944611000001102,Clonazepam 125micrograms/5ml oral solution (VMP)
11944711000001106,Clonazepam 125micrograms/5ml oral suspension (VMP)
11945811000001102,Clonazepam 300micrograms/5ml oral suspension (Special Order) (AMP)
11946111000001103,Clonazepam 300micrograms/5ml oral solution (Special Order) (AMP)
11946411000001108,Clonazepam 312.5micrograms/5ml oral suspension (Special Order) (AMP)
11946711000001102,Clonazepam 312.5micrograms/5ml oral solution (Special Order) (AMP)
11947011000001101,Clonazepam 330micrograms/5ml oral suspension (Special Order) (AMP)
11947311000001103,Clonazepam 330micrograms/5ml oral solution (Special Order) (AMP)
11947611000001108,Clonazepam 340micrograms/5ml oral suspension (Special Order) (AMP)
11947911000001102,Clonazepam 340micrograms/5ml oral solution (Special Order) (AMP)
11948211000001105,Clonazepam 37.5micrograms/5ml oral suspension (Special Order) (AMP)
11948511000001108,Clonazepam 37.5micrograms/5ml oral solution (Special Order) (AMP)
11948811000001106,Clonazepam 400micrograms/5ml oral suspension (Special Order) (AMP)
11949111000001106,Clonazepam 400micrograms/5ml oral solution (Special Order) (AMP)
11949611000001103,Clonazepam 50micrograms/5ml oral suspension (Special Order) (AMP)
11949911000001109,Clonazepam 50micrograms/5ml oral solution (Special Order) (AMP)
11950211000001105,Clonazepam 600micrograms/5ml oral suspension (Special Order) (AMP)
11950511000001108,Clonazepam 600micrograms/5ml oral solution (Special Order) (AMP)
11950811000001106,Clonazepam 700micrograms/5ml oral suspension (Special Order) (AMP)
11951111000001105,Clonazepam 700micrograms/5ml oral solution (Special Order) (AMP)
11951411000001100,Clonazepam 750micrograms/5ml oral suspension (Special Order) (AMP)
11951711000001106,Clonazepam 750micrograms/5ml oral solution (Special Order) (AMP)
11952011000001101,Clonazepam 80micrograms/5ml oral suspension (Special Order) (AMP)
11952311000001103,Clonazepam 80micrograms/5ml oral solution (Special Order) (AMP)
11952611000001108,Clonazepam 875micrograms/5ml oral suspension (Special Order) (AMP)
11952911000001102,Clonazepam 875micrograms/5ml oral solution (Special Order) (AMP)
11953211000001100,Clonazepam 900micrograms/5ml oral suspension (Special Order) (AMP)
11953511000001102,Clonazepam 900micrograms/5ml oral solution (Special Order) (AMP)
11954511000001104,Clonazepam 150micrograms/5ml oral solution (VMP)
11954611000001100,Clonazepam 150micrograms/5ml oral suspension (VMP)
11954711000001109,Clonazepam 160micrograms/5ml oral solution (VMP)
11954811000001101,Clonazepam 160micrograms/5ml oral suspension (VMP)
11954911000001106,Clonazepam 25mg/5ml oral solution (VMP)
11955011000001106,Clonazepam 25mg/5ml oral suspension (VMP)
11955111000001107,Clonazepam 25micrograms/5ml oral solution (VMP)
11955211000001101,Clonazepam 25micrograms/5ml oral suspension (VMP)
11955311000001109,Clonazepam 300micrograms/5ml oral solution (VMP)
11955411000001102,Clonazepam 300micrograms/5ml oral suspension (VMP)
11955511000001103,Clonazepam 312.5micrograms/5ml oral solution (VMP)
11955611000001104,Clonazepam 312.5micrograms/5ml oral suspension (VMP)
11955711000001108,Clonazepam 330micrograms/5ml oral solution (VMP)
11955811000001100,Clonazepam 330micrograms/5ml oral suspension (VMP)
11955911000001105,Clonazepam 340micrograms/5ml oral solution (VMP)
11956011000001102,Clonazepam 340micrograms/5ml oral suspension (VMP)
11956111000001101,Clonazepam 37.5micrograms/5ml oral solution (VMP)
11956211000001107,Clonazepam 37.5micrograms/5ml oral suspension (VMP)
11956311000001104,Clonazepam 400micrograms/5ml oral solution (VMP)
11956411000001106,Clonazepam 400micrograms/5ml oral suspension (VMP)
11956511000001105,Clonazepam 50micrograms/5ml oral solution (VMP)
11956611000001109,Clonazepam 50micrograms/5ml oral suspension (VMP)
11956711000001100,Clonazepam 600micrograms/5ml oral solution (VMP)
11956811000001108,Clonazepam 600micrograms/5ml oral suspension (VMP)
11956911000001103,Clonazepam 700micrograms/5ml oral solution (VMP)
11957011000001104,Clonazepam 700micrograms/5ml oral suspension (VMP)
11957111000001103,Clonazepam 750micrograms/5ml oral solution (VMP)
11957211000001109,Clonazepam 750micrograms/5ml oral suspension (VMP)
11957311000001101,Clonazepam 80micrograms/5ml oral solution (VMP)
11957411000001108,Clonazepam 80micrograms/5ml oral suspension (VMP)
11957511000001107,Clonazepam 875micrograms/5ml oral solution (VMP)
11957611000001106,Clonazepam 875micrograms/5ml oral suspension (VMP)
11957711000001102,Clonazepam 900micrograms/5ml oral solution (VMP)
11957811000001105,Clonazepam 900micrograms/5ml oral suspension (VMP)
11958811000001109,Clobazam 1.5mg/5ml oral suspension (Special Order) (AMP)
11959111000001109,Clobazam 1.5mg/5ml oral solution (Special Order) (AMP)
11959411000001104,Clobazam 100mg/5ml oral suspension (Special Order) (AMP)
11959611000001101,Clobazam 100mg/5ml oral solution (Special Order) (AMP)
11960011000001109,Clobazam 120mg/5ml oral suspension (Special Order) (AMP)
11960311000001107,Clobazam 120mg/5ml oral solution (Special Order) (AMP)
11961111000001104,Clobazam 250micrograms/5ml oral suspension (Special Order) (AMP)
11961411000001109,Clobazam 250micrograms/5ml oral solution (Special Order) (AMP)
11962011000001108,Clobazam 3.75mg/5ml oral suspension (Special Order) (AMP)
11962311000001106,Clobazam 3.75mg/5ml oral solution (Special Order) (AMP)
11962611000001101,Clobazam 32.5mg/5ml oral suspension (Special Order) (AMP)
11962911000001107,Clobazam 32.5mg/5ml oral solution (Special Order) (AMP)
11963211000001109,Clobazam 500micrograms/5ml oral suspension (Special Order) (AMP)
11963511000001107,Clobazam 500micrograms/5ml oral solution (Special Order) (AMP)
11963811000001105,Clobazam 600micrograms/5ml oral suspension (Special Order) (AMP)
11964111000001101,Clobazam 600micrograms/5ml oral solution (Special Order) (AMP)
11964411000001106,Clobazam 7.5mg/5ml oral suspension (Special Order) (AMP)
11964711000001100,Clobazam 7.5mg/5ml oral solution (Special Order) (AMP)
11965011000001103,Clobazam 750micrograms/5ml oral suspension (Special Order) (AMP)
11965311000001100,Clobazam 750micrograms/5ml oral solution (Special Order) (AMP)
11965611000001105,Clobazam 7mg/5ml oral suspension (Special Order) (AMP)
11965911000001104,Clobazam 7mg/5ml oral solution (Special Order) (AMP)
11966211000001102,Clobazam 8mg/5ml oral suspension (Special Order) (AMP)
11966511000001104,Clobazam 8mg/5ml oral solution (Special Order) (AMP)
11966811000001101,Clobazam 9mg/5ml oral suspension (Special Order) (AMP)
11967111000001106,Clobazam 9mg/5ml oral solution (Special Order) (AMP)
12021911000001100,Clobazam 1.5mg/5ml oral solution (VMP)
12022011000001107,Clobazam 1.5mg/5ml oral suspension (VMP)
12022111000001108,Clobazam 100mg/5ml oral solution (VMP)
12022211000001102,Clobazam 100mg/5ml oral suspension (VMP)
12022311000001105,Clobazam 120mg/5ml oral solution (VMP)
12022411000001103,Clobazam 120mg/5ml oral suspension (VMP)
12022511000001104,Clobazam 250micrograms/5ml oral solution (VMP)
12022611000001100,Clobazam 250micrograms/5ml oral suspension (VMP)
12022811000001101,Clobazam 3.75mg/5ml oral solution (VMP)
12022911000001106,Clobazam 3.75mg/5ml oral suspension (VMP)
12023011000001103,Clobazam 32.5mg/5ml oral solution (VMP)
12023111000001102,Clobazam 32.5mg/5ml oral suspension (VMP)
12023311000001100,Clobazam 500micrograms/5ml oral solution (VMP)
12023511000001106,Clobazam 500micrograms/5ml oral suspension (VMP)
12023611000001105,Clobazam 600micrograms/5ml oral solution (VMP)
12023811000001109,Clobazam 600micrograms/5ml oral suspension (VMP)
12024011000001101,Clobazam 7.5mg/5ml oral solution (VMP)
12024111000001100,Clobazam 7.5mg/5ml oral suspension (VMP)
12024311000001103,Clobazam 750micrograms/5ml oral solution (VMP)
12024411000001105,Clobazam 750micrograms/5ml oral suspension (VMP)
12024511000001109,Clobazam 7mg/5ml oral solution (VMP)
12024611000001108,Clobazam 7mg/5ml oral suspension (VMP)
12024811000001107,Clobazam 8mg/5ml oral solution (VMP)
12024911000001102,Clobazam 8mg/5ml oral suspension (VMP)
12025011000001102,Clobazam 9mg/5ml oral solution (VMP)
12025111000001101,Clobazam 9mg/5ml oral suspension (VMP)
12067111000001101,Gabapentin 150mg/5ml oral suspension (Special Order) (AMP)
12068411000001105,Gabapentin 150mg/5ml oral solution (Special Order) (AMP)
12069511000001103,Gabapentin 200mg/5ml oral suspension (Special Order) (AMP)
12070511000001101,Gabapentin 200mg/5ml oral solution (Special Order) (AMP)
12072211000001103,Gabapentin 500mg/5ml oral suspension (Special Order) (AMP)
12072811000001102,Gabapentin 500mg/5ml oral solution (Special Order) (AMP)
12089111000001105,Gabapentin 150mg/5ml oral solution (VMP)
12089211000001104,Gabapentin 150mg/5ml oral suspension (VMP)
12089311000001107,Gabapentin 200mg/5ml oral solution (VMP)
12089411000001100,Gabapentin 200mg/5ml oral suspension (VMP)
12089511000001101,Gabapentin 500mg/5ml oral solution (VMP)
12089611000001102,Gabapentin 500mg/5ml oral suspension (VMP)
12149511000001100,Phenobarbital sodium 100mg/5ml oral suspension (Special Order) (AMP)
12150011000001103,Phenobarbital sodium 100mg/5ml oral solution (Special Order) (AMP)
12150511000001106,Phenobarbital sodium 10mg/5ml oral suspension (Special Order) (AMP)
12150811000001109,Phenobarbital sodium 10mg/5ml oral solution (Special Order) (AMP)
12151711000001109,Phenobarbital sodium 11mg/5ml oral suspension (Special Order) (AMP)
12152011000001104,Phenobarbital sodium 11mg/5ml oral solution (Special Order) (AMP)
12152511000001107,Phenobarbital 10mg/5ml oral suspension (Special Order) (AMP)
12152911000001100,Phenobarbital 10mg/5ml oral solution (Special Order) (AMP)
12153311000001106,Phenobarbital sodium 125mg/5ml oral suspension (Special Order) (AMP)
12153711000001105,Phenobarbital 12.5mg/5ml oral suspension (Special Order) (AMP)
12154311000001108,Phenobarbital sodium 125mg/5ml oral solution (Special Order) (AMP)
12154711000001107,Phenobarbital sodium 150mg/5ml oral suspension (Special Order) (AMP)
12155011000001109,Phenobarbital 12.6mg/5ml oral suspension (Special Order) (AMP)
12155311000001107,Phenobarbital sodium 150mg/5ml oral solution (Special Order) (AMP)
12155711000001106,Phenobarbital 12.6mg/5ml oral solution (Special Order) (AMP)
12156011000001100,Phenobarbital sodium 15mg/5ml oral suspension (Special Order) (AMP)
12156611000001107,Phenobarbital sodium 15mg/5ml oral solution (Special Order) (AMP)
12156711000001103,Phenobarbital 150mg/5ml oral suspension (Special Order) (AMP)
12157111000001101,Phenobarbital 150mg/5ml oral solution (Special Order) (AMP)
12157411000001106,Phenobarbital 18mg/5ml oral suspension (Special Order) (AMP)
12157811000001108,Phenobarbital 18mg/5ml oral solution (Special Order) (AMP)
12158311000001103,Phenobarbital sodium 17mg/5ml oral suspension (Special Order) (AMP)
12158711000001104,Phenobarbital sodium 17mg/5ml oral solution (Special Order) (AMP)
12158911000001102,Phenobarbital 2.5mg/5ml oral suspension (Special Order) (AMP)
12159211000001101,Phenobarbital 2.5mg/5ml oral solution (Special Order) (AMP)
12159511000001103,Phenobarbital 200mg/5ml oral suspension (Special Order) (AMP)
12159811000001100,Phenobarbital sodium 20mg/5ml oral suspension (Special Order) (AMP)
12160111000001108,Phenobarbital 200mg/5ml oral solution (Special Order) (AMP)
12160611000001100,Phenobarbital sodium 20mg/5ml oral solution (Special Order) (AMP)
12160811000001101,Phenobarbital 20mg/5ml oral suspension (Special Order) (AMP)
12161111000001102,Phenobarbital 20mg/5ml oral solution (Special Order) (AMP)
12161411000001107,Phenobarbital sodium 25mg/5ml oral suspension (Special Order) (AMP)
12161711000001101,Phenobarbital sodium 25mg/5ml oral solution (Special Order) (AMP)
12162011000001106,Phenobarbital sodium 30mg/5ml oral suspension (Special Order) (AMP)
12162311000001109,Phenobarbital sodium 30mg/5ml oral solution (Special Order) (AMP)
12162611000001104,Phenobarbital 12.5mg/5ml oral solution (Special Order) (AMP)
12162911000001105,Phenobarbital 21mg/5ml oral suspension (Special Order) (AMP)
12163311000001104,Phenobarbital 21mg/5ml oral solution (Special Order) (AMP)
12163511000001105,Phenobarbital 80mg/5ml oral suspension (Special Order) (AMP)
12163811000001108,Phenobarbital 225mg/5ml oral suspension (Special Order) (AMP)
12164111000001104,Phenobarbital 80mg/5ml oral solution (Special Order) (AMP)
12164411000001109,Phenobarbital 72.5mg/5ml oral suspension (Special Order) (AMP)
12164811000001106,Phenobarbital 225mg/5ml oral solution (Special Order) (AMP)
12164911000001101,Phenobarbital 72.5mg/5ml oral solution (Special Order) (AMP)
12165311000001103,Phenobarbital 247.5mg/5ml oral suspension (Special Order) (AMP)
12165611000001108,Phenobarbital 247.5mg/5ml oral solution (Special Order) (AMP)
12165911000001102,Phenobarbital 70mg/5ml oral suspension (Special Order) (AMP)
12166211000001100,Phenobarbital 250mg/5ml oral suspension (Special Order) (AMP)
12166511000001102,Phenobarbital 70mg/5ml oral solution (Special Order) (AMP)
12166711000001107,Phenobarbital 250mg/5ml oral solution (Special Order) (AMP)
12167111000001109,Phenobarbital 28.5mg/5ml oral suspension (Special Order) (AMP)
12167511000001100,Phenobarbital 28.5mg/5ml oral solution (Special Order) (AMP)
12167611000001101,Phenobarbital 7.5mg/5ml oral suspension (Special Order) (AMP)
12168011000001109,Phenobarbital 300mg/5ml oral suspension (Special Order) (AMP)
12168311000001107,Phenobarbital 300mg/5ml oral solution (Special Order) (AMP)
12168611000001102,Phenobarbital 7.5mg/5ml oral solution (Special Order) (AMP)
12168911000001108,Phenobarbital 30mg/5ml oral suspension (Special Order) (AMP)
12169211000001109,Phenobarbital 30mg/5ml oral solution (Special Order) (AMP)
12169511000001107,Phenobarbital 65mg/5ml oral suspension (Special Order) (AMP)
12169911000001100,Phenobarbital 34mg/5ml oral suspension (Special Order) (AMP)
12170011000001101,Phenobarbital sodium 35mg/5ml oral suspension (Special Order) (AMP)
12170511000001109,Phenobarbital sodium 35mg/5ml oral solution (Special Order) (AMP)
12170711000001104,Phenobarbital 34mg/5ml oral solution (Special Order) (AMP)
12171111000001106,Phenobarbital sodium 36mg/5ml oral suspension (Special Order) (AMP)
12171311000001108,Phenobarbital 35mg/5ml oral suspension (Special Order) (AMP)
12171611000001103,Phenobarbital 35mg/5ml oral solution (Special Order) (AMP)
12172011000001102,Phenobarbital sodium 36mg/5ml oral solution (Special Order) (AMP)
12172311000001104,Phenobarbital 65mg/5ml oral solution (Special Order) (AMP)
12172511000001105,Phenobarbital 37.5mg/5ml oral suspension (Special Order) (AMP)
12172811000001108,Phenobarbital sodium 45mg/5ml oral suspension (Special Order) (AMP)
12173111000001107,Phenobarbital sodium 45mg/5ml oral solution (Special Order) (AMP)
12173411000001102,Phenobarbital 37.5mg/5ml oral solution (Special Order) (AMP)
12173811000001100,Phenobarbital 62.5mg/5ml oral suspension (Special Order) (AMP)
12173911000001105,Phenobarbital 40mg/5ml oral suspension (Special Order) (AMP)
12174311000001106,Phenobarbital 40mg/5ml oral solution (Special Order) (AMP)
12174711000001105,Phenobarbital 62.5mg/5ml oral solution (Special Order) (AMP)
12174811000001102,Phenobarbital sodium 50mg/5ml oral suspension (Special Order) (AMP)
12175211000001102,Phenobarbital sodium 50mg/5ml oral solution (Special Order) (AMP)
12175611000001100,Phenobarbital 42mg/5ml oral suspension (Special Order) (AMP)
12175711000001109,Phenobarbital 60mg/5ml oral suspension (Special Order) (AMP)
12176111000001102,Phenobarbital 42mg/5ml oral solution (Special Order) (AMP)
12176411000001107,Phenobarbital 450mg/5ml oral suspension (Special Order) (AMP)
12176711000001101,Phenobarbital 450mg/5ml oral solution (Special Order) (AMP)
12177011000001100,Phenobarbital 60mg/5ml oral solution (Special Order) (AMP)
12177411000001109,Phenobarbital 45mg/5ml oral suspension (Special Order) (AMP)
12177511000001108,Phenobarbital sodium 55mg/5ml oral suspension (Special Order) (AMP)
12178011000001104,Phenobarbital 45mg/5ml oral solution (Special Order) (AMP)
12178111000001103,Phenobarbital 55mg/5ml oral suspension (Special Order) (AMP)
12178511000001107,Phenobarbital 46.67mg/5ml oral suspension (Special Order) (AMP)
12178811000001105,Phenobarbital sodium 55mg/5ml oral solution (Special Order) (AMP)
12179211000001104,Phenobarbital 55mg/5ml oral solution (Special Order) (AMP)
12179311000001107,Phenobarbital 46.67mg/5ml oral solution (Special Order) (AMP)
12179711000001106,Phenobarbital sodium 5mg/5ml oral solution (Special Order) (AMP)
12180011000001109,Phenobarbital 85mg/5ml oral suspension (Special Order) (AMP)
12180311000001107,Phenobarbital 85mg/5ml oral solution (Special Order) (AMP)
12180611000001102,Phenobarbital sodium 5mg/5ml oral suspension (Special Order) (AMP)
12180911000001108,Phenobarbital 9.5mg/5ml oral suspension (Special Order) (AMP)
12181211000001105,Phenobarbital 500mg/5ml oral suspension (Special Order) (AMP)
12181511000001108,Phenobarbital 9.5mg/5ml oral solution (Special Order) (AMP)
12181811000001106,Phenobarbital sodium 7.5mg/5ml oral suspension (Special Order) (AMP)
12182211000001103,Phenobarbital 500mg/5ml oral solution (Special Order) (AMP)
12182511000001100,Phenobarbital sodium 7.5mg/5ml oral solution (Special Order) (AMP)
12182711000001105,Phenobarbital 90mg/5ml oral suspension (Special Order) (AMP)
12183111000001103,Phenobarbital 90mg/5ml oral solution (Special Order) (AMP)
12183411000001108,Phenobarbital 9mg/5ml oral suspension (Special Order) (AMP)
12184111000001101,Phenobarbital 9mg/5ml oral solution (Special Order) (AMP)
12186611000001100,Phenobarbital 10mg/5ml oral solution (VMP)
12186711000001109,Phenobarbital 10mg/5ml oral suspension (VMP)
12186811000001101,Phenobarbital 12.5mg/5ml oral solution (VMP)
12186911000001106,Phenobarbital 12.5mg/5ml oral suspension (VMP)
12187011000001105,Phenobarbital 12.6mg/5ml oral solution (VMP)
12187111000001106,Phenobarbital 12.6mg/5ml oral suspension (VMP)
12187211000001100,Phenobarbital 150mg/5ml oral solution (VMP)
12187311000001108,Phenobarbital 150mg/5ml oral suspension (VMP)
12187511000001102,Phenobarbital 18mg/5ml oral solution (VMP)
12187611000001103,Phenobarbital 18mg/5ml oral suspension (VMP)
12187711000001107,Phenobarbital 2.5mg/5ml oral solution (VMP)
12187811000001104,Phenobarbital 2.5mg/5ml oral suspension (VMP)
12187911000001109,Phenobarbital 200mg/5ml oral solution (VMP)
12188011000001106,Phenobarbital 200mg/5ml oral suspension (VMP)
12188111000001107,Phenobarbital 20mg/5ml oral solution (VMP)
12188211000001101,Phenobarbital 20mg/5ml oral suspension (VMP)
12188311000001109,Phenobarbital 21mg/5ml oral solution (VMP)
12188411000001102,Phenobarbital 21mg/5ml oral suspension (VMP)
12188511000001103,Phenobarbital 225mg/5ml oral solution (VMP)
12188611000001104,Phenobarbital 225mg/5ml oral suspension (VMP)
12188711000001108,Phenobarbital 247.5mg/5ml oral solution (VMP)
12188811000001100,Phenobarbital 247.5mg/5ml oral suspension (VMP)
12188911000001105,Phenobarbital 250mg/5ml oral solution (VMP)
12189011000001101,Phenobarbital 250mg/5ml oral suspension (VMP)
12189111000001100,Phenobarbital 28.5mg/5ml oral solution (VMP)
12189211000001106,Phenobarbital 28.5mg/5ml oral suspension (VMP)
12189311000001103,Phenobarbital 300mg/5ml oral solution (VMP)
12189411000001105,Phenobarbital 300mg/5ml oral suspension (VMP)
12189511000001109,Phenobarbital 30mg/5ml oral solution (VMP)
12189611000001108,Phenobarbital 30mg/5ml oral suspension (VMP)
12189711000001104,Phenobarbital 34mg/5ml oral solution (VMP)
12189811000001107,Phenobarbital 34mg/5ml oral suspension (VMP)
12189911000001102,Phenobarbital 35mg/5ml oral solution (VMP)
12190011000001105,Phenobarbital 35mg/5ml oral suspension (VMP)
12190111000001106,Phenobarbital 37.5mg/5ml oral solution (VMP)
12190211000001100,Phenobarbital 37.5mg/5ml oral suspension (VMP)
12190311000001108,Phenobarbital 40mg/5ml oral solution (VMP)
12190411000001101,Phenobarbital 40mg/5ml oral suspension (VMP)
12190511000001102,Phenobarbital 42mg/5ml oral solution (VMP)
12190611000001103,Phenobarbital 42mg/5ml oral suspension (VMP)
12190711000001107,Phenobarbital 450mg/5ml oral solution (VMP)
12190811000001104,Phenobarbital 45mg/5ml oral solution (VMP)
12190911000001109,Phenobarbital 450mg/5ml oral suspension (VMP)
12191011000001101,Phenobarbital 45mg/5ml oral suspension (VMP)
12191111000001100,Phenobarbital 46.67mg/5ml oral solution (VMP)
12191211000001106,Phenobarbital 46.67mg/5ml oral suspension (VMP)
12191311000001103,Phenobarbital 500mg/5ml oral solution (VMP)
12191411000001105,Phenobarbital 500mg/5ml oral suspension (VMP)
12191511000001109,Phenobarbital 55mg/5ml oral solution (VMP)
12191611000001108,Phenobarbital 55mg/5ml oral suspension (VMP)
12191711000001104,Phenobarbital 60mg/5ml oral solution (VMP)
12191811000001107,Phenobarbital 60mg/5ml oral suspension (VMP)
12191911000001102,Phenobarbital 62.5mg/5ml oral solution (VMP)
12192011000001109,Phenobarbital 62.5mg/5ml oral suspension (VMP)
12192111000001105,Phenobarbital 65mg/5ml oral solution (VMP)
12192211000001104,Phenobarbital 65mg/5ml oral suspension (VMP)
12192311000001107,Phenobarbital 7.5mg/5ml oral solution (VMP)
12192411000001100,Phenobarbital 7.5mg/5ml oral suspension (VMP)
12192511000001101,Phenobarbital 70mg/5ml oral solution (VMP)
12192611000001102,Phenobarbital 70mg/5ml oral suspension (VMP)
12192711000001106,Phenobarbital 72.5mg/5ml oral solution (VMP)
12192811000001103,Phenobarbital 72.5mg/5ml oral suspension (VMP)
12192911000001108,Phenobarbital 80mg/5ml oral solution (VMP)
12193011000001100,Phenobarbital 80mg/5ml oral suspension (VMP)
12193111000001104,Phenobarbital 85mg/5ml oral solution (VMP)
12193211000001105,Phenobarbital 85mg/5ml oral suspension (VMP)
12193311000001102,Phenobarbital 9.5mg/5ml oral solution (VMP)
12193411000001109,Phenobarbital 9.5mg/5ml oral suspension (VMP)
12193511000001108,Phenobarbital 90mg/5ml oral solution (VMP)
12193611000001107,Phenobarbital 90mg/5ml oral suspension (VMP)
12193711000001103,Phenobarbital 9mg/5ml oral solution (VMP)
12193811000001106,Phenobarbital 9mg/5ml oral suspension (VMP)
12193911000001101,Phenobarbital sodium 100mg/5ml oral solution (VMP)
12194011000001103,Phenobarbital sodium 100mg/5ml oral suspension (VMP)
12194111000001102,Phenobarbital sodium 10mg/5ml oral solution (VMP)
12194211000001108,Phenobarbital sodium 10mg/5ml oral suspension (VMP)
12194311000001100,Phenobarbital sodium 11mg/5ml oral solution (VMP)
12194411000001107,Phenobarbital sodium 11mg/5ml oral suspension (VMP)
12194511000001106,Phenobarbital sodium 125mg/5ml oral solution (VMP)
12194611000001105,Phenobarbital sodium 125mg/5ml oral suspension (VMP)
12194711000001101,Phenobarbital sodium 150mg/5ml oral solution (VMP)
12194911000001104,Phenobarbital sodium 150mg/5ml oral suspension (VMP)
12195011000001104,Phenobarbital sodium 15mg/5ml oral solution (VMP)
12195111000001103,Phenobarbital sodium 15mg/5ml oral suspension (VMP)
12195211000001109,Phenobarbital sodium 17mg/5ml oral solution (VMP)
12195311000001101,Phenobarbital sodium 17mg/5ml oral suspension (VMP)
12195411000001108,Phenobarbital sodium 20mg/5ml oral solution (VMP)
12195511000001107,Phenobarbital sodium 20mg/5ml oral suspension (VMP)
12195611000001106,Phenobarbital sodium 25mg/5ml oral solution (VMP)
12195711000001102,Phenobarbital sodium 25mg/5ml oral suspension (VMP)
12195811000001105,Phenobarbital sodium 30mg/5ml oral solution (VMP)
12195911000001100,Phenobarbital sodium 30mg/5ml oral suspension (VMP)
12196011000001108,Phenobarbital sodium 35mg/5ml oral solution (VMP)
12196111000001109,Phenobarbital sodium 35mg/5ml oral suspension (VMP)
12196211000001103,Phenobarbital sodium 36mg/5ml oral solution (VMP)
12196311000001106,Phenobarbital sodium 36mg/5ml oral suspension (VMP)
12196411000001104,Phenobarbital sodium 45mg/5ml oral solution (VMP)
12196511000001100,Phenobarbital sodium 45mg/5ml oral suspension (VMP)
12196611000001101,Phenobarbital sodium 50mg/5ml oral solution (VMP)
12196711000001105,Phenobarbital sodium 50mg/5ml oral suspension (VMP)
12196811000001102,Phenobarbital sodium 55mg/5ml oral solution (VMP)
12196911000001107,Phenobarbital sodium 55mg/5ml oral suspension (VMP)
12197011000001106,Phenobarbital sodium 5mg/5ml oral solution (VMP)
12197111000001107,Phenobarbital sodium 5mg/5ml oral suspension (VMP)
12197211000001101,Phenobarbital sodium 7.5mg/5ml oral solution (VMP)
12197311000001109,Phenobarbital sodium 7.5mg/5ml oral suspension (VMP)
12202611000001102,Phenobarbital sodium 60mg/5ml oral suspension (Special Order) (AMP)
12203611000001107,Phenobarbital sodium 60mg/5ml oral solution (Special Order) (AMP)
12203911000001101,Phenobarbital 125mg/5ml oral suspension (Special Order) (AMP)
12204211000001108,Phenobarbital 125mg/5ml oral solution (Special Order) (AMP)
12204911000001104,Phenobarbital 15mg/5ml oral suspension (Special Order) (AMP)
12205211000001109,Phenobarbital 15mg/5ml oral solution (Special Order) (AMP)
12206011000001108,Phenobarbital 25mg/5ml oral suspension (Special Order) (AMP)
12206411000001104,Phenobarbital 25mg/5ml oral solution (Special Order) (AMP)
12206811000001102,Phenobarbital 31.5mg/5ml oral suspension (Special Order) (AMP)
12207111000001107,Phenobarbital 31.5mg/5ml oral solution (Special Order) (AMP)
12207511000001103,Phenobarbital 5mg/5ml oral suspension (Special Order) (AMP)
12208111000001108,Phenobarbital 5mg/5ml oral solution (Special Order) (AMP)
12208411000001103,Phenobarbital 75mg/5ml oral suspension (Special Order) (AMP)
12208711000001109,Phenobarbital 75mg/5ml oral solution (Special Order) (AMP)
12212711000001109,Phenobarbital 125mg/5ml oral solution (VMP)
12212811000001101,Phenobarbital 125mg/5ml oral suspension (VMP)
12212911000001106,Phenobarbital 15mg/5ml oral solution (VMP)
12213011000001103,Phenobarbital 15mg/5ml oral suspension (VMP)
12213111000001102,Phenobarbital 25mg/5ml oral solution (VMP)
12213211000001108,Phenobarbital 25mg/5ml oral suspension (VMP)
12213311000001100,Phenobarbital 31.5mg/5ml oral solution (VMP)
12213411000001107,Phenobarbital 31.5mg/5ml oral suspension (VMP)
12213511000001106,Phenobarbital 5mg/5ml oral solution (VMP)
12213711000001101,Phenobarbital 5mg/5ml oral suspension (VMP)
12214011000001101,Phenobarbital 75mg/5ml oral solution (VMP)
12214111000001100,Phenobarbital 75mg/5ml oral suspension (VMP)
12214211000001106,Phenobarbital sodium 60mg/5ml oral solution (VMP)
12214311000001103,Phenobarbital sodium 60mg/5ml oral suspension (VMP)
122211000001108,Sodium valproate 200mg/5ml oral solution sugar free (A A H Pharmaceuticals Ltd) (AMP)
12247811000001107,Phenobarbital 100mg capsules (Special Order) (AMP)
12248411000001109,Phenobarbital 100mg tablets (Special Order) (AMP)
12249111000001106,Phenobarbital 100mg/5ml oral suspension (Special Order) (AMP)
12249711000001107,Phenobarbital 100mg/5ml oral solution (Special Order) (AMP)
12299311000001101,Phenobarbital 100mg capsules (VMP)
12299411000001108,Phenobarbital 100mg tablets (VMP)
12299511000001107,Phenobarbital 100mg/5ml oral solution (VMP)
12299611000001106,Phenobarbital 100mg/5ml oral suspension (VMP)
12311000001104,Teril Retard 200mg tablets (Taro Pharmaceuticals (UK) Ltd) (AMP)
12323011000001102,Carbamazepine 100mg/5ml oral suspension (Special Order) (AMP)
12323811000001108,Carbamazepine 100mg/5ml oral solution (Special Order) (AMP)
12324411000001109,Carbamazepine 10mg/5ml oral suspension (Special Order) (AMP)
12324911000001101,Carbamazepine 10mg/5ml oral solution (Special Order) (AMP)
12325611000001108,Carbamazepine 120mg/5ml oral suspension (Special Order) (AMP)
12325911000001102,Carbamazepine 120mg/5ml oral solution (Special Order) (AMP)
12326411000001101,Carbamazepine 200mg/5ml oral suspension (Special Order) (AMP)
12326711000001107,Carbamazepine 200mg/5ml oral solution (Special Order) (AMP)
12327411000001104,Carbamazepine 35mg/5ml oral suspension (Special Order) (AMP)
12327911000001107,Carbamazepine 35mg/5ml oral solution (Special Order) (AMP)
12365311000001106,Phenobarbital 10mg capsules (Special Order) (AMP)
12365711000001105,Phenobarbital 25mg capsules (Special Order) (AMP)
12366211000001109,Phenobarbital 37.5mg capsules (Special Order) (AMP)
12366711000001102,Phenobarbital 50mg capsules (Special Order) (AMP)
12368811000001106,Phenobarbital 60mg capsules (Special Order) (AMP)
12387411000001108,Carbamazepine 100mg/5ml oral solution (VMP)
12387511000001107,Carbamazepine 100mg/5ml oral suspension (VMP)
12387611000001106,Carbamazepine 10mg/5ml oral solution (VMP)
12387711000001102,Carbamazepine 10mg/5ml oral suspension (VMP)
12387811000001105,Carbamazepine 120mg/5ml oral solution (VMP)
12387911000001100,Carbamazepine 120mg/5ml oral suspension (VMP)
12388011000001103,Carbamazepine 200mg/5ml oral solution (VMP)
12388111000001102,Carbamazepine 200mg/5ml oral suspension (VMP)
12388211000001108,Carbamazepine 35mg/5ml oral solution (VMP)
12388311000001100,Carbamazepine 35mg/5ml oral suspension (VMP)
12425011000001109,Phenobarbital 10mg capsules (VMP)
12425111000001105,Phenobarbital 25mg capsules (VMP)
12425311000001107,Phenobarbital 37.5mg capsules (VMP)
12425411000001100,Phenobarbital 50mg capsules (VMP)
12425511000001101,Phenobarbital 60mg capsules (VMP)
12594311000001107,Lamotrigine 1.5mg/5ml oral suspension (Special Order) (AMP)
12595511000001100,Lamotrigine 1.5mg/5ml oral solution (Special Order) (AMP)
12601011000001103,Lamotrigine 15mg/5ml oral suspension (Special Order) (AMP)
12601511000001106,Lamotrigine 15mg/5ml oral solution (Special Order) (AMP)
12602211000001101,Lamotrigine 200mg/5ml oral suspension (Special Order) (AMP)
12602511000001103,Lamotrigine 200mg/5ml oral solution (Special Order) (AMP)
12605311000001103,Lamotrigine 37.5mg/5ml oral suspension (Special Order) (AMP)
12605611000001108,Lamotrigine 37.5mg/5ml oral solution (Special Order) (AMP)
12605911000001102,Lamotrigine 5.5mg/5ml oral suspension (Special Order) (AMP)
12606211000001100,Lamotrigine 5.5mg/5ml oral solution (Special Order) (AMP)
12606811000001104,Lamotrigine 5mg/5ml oral suspension (Special Order) (AMP)
12607111000001109,Lamotrigine 5mg/5ml oral solution (Special Order) (AMP)
12607411000001104,Levetiracetam 250mg/5ml oral suspension (Special Order) (AMP)
12607711000001105,Levetiracetam 250mg/5ml oral solution (Special Order) (AMP)
12608011000001109,Levetiracetam 400mg/5ml oral suspension (Special Order) (AMP)
12608311000001107,Levetiracetam 400mg/5ml oral solution (Special Order) (AMP)
12644211000001101,Lamotrigine 1.5mg/5ml oral solution (VMP)
12644311000001109,Lamotrigine 1.5mg/5ml oral suspension (VMP)
12644411000001102,Lamotrigine 15mg/5ml oral solution (VMP)
12644511000001103,Lamotrigine 15mg/5ml oral suspension (VMP)
12644611000001104,Lamotrigine 200mg/5ml oral solution (VMP)
12644711000001108,Lamotrigine 200mg/5ml oral suspension (VMP)
12644811000001100,Lamotrigine 37.5mg/5ml oral solution (VMP)
12644911000001105,Lamotrigine 37.5mg/5ml oral suspension (VMP)
12645011000001105,Lamotrigine 5.5mg/5ml oral solution (VMP)
12645111000001106,Lamotrigine 5.5mg/5ml oral suspension (VMP)
12645211000001100,Lamotrigine 5mg/5ml oral solution (VMP)
12645311000001108,Lamotrigine 5mg/5ml oral suspension (VMP)
12645411000001101,Levetiracetam 250mg/5ml oral solution (VMP)
12645511000001102,Levetiracetam 250mg/5ml oral suspension (VMP)
12645611000001103,Levetiracetam 400mg/5ml oral solution (VMP)
12645711000001107,Levetiracetam 400mg/5ml oral suspension (VMP)
12862111000001104,Inovelon 100mg tablets (Eisai Ltd) (AMP)
12865211000001100,Rufinamide 100mg tablets (VMP)
12946611000001107,Vigabatrin 100mg/5ml oral solution (Special Order) (AMP)
12946911000001101,Vigabatrin 250mg/5ml oral solution (Special Order) (AMP)
12947211000001107,Vigabatrin 350mg/5ml oral solution (Special Order) (AMP)
12947511000001105,Vigabatrin 500mg/5ml oral solution (Special Order) (AMP)
12947811000001108,Vigabatrin 700mg/5ml oral solution (Special Order) (AMP)
12948611000001108,Gabapentin 100mg capsules (Actavis UK Ltd) (AMP)
12949111000001107,Gabapentin 300mg capsules (Actavis UK Ltd) (AMP)
12949311000001109,Gabapentin 400mg capsules (Actavis UK Ltd) (AMP)
12983311000001104,Oxcarbazepine 400mg/5ml oral suspension (Special Order) (AMP)
13003111000001102,Oxcarbazepine 400mg/5ml oral suspension (VMP)
13016111000001105,Vigabatrin 100mg/5ml oral solution (VMP)
13016211000001104,Vigabatrin 250mg/5ml oral solution (VMP)
13016311000001107,Vigabatrin 350mg/5ml oral solution (VMP)
13016411000001100,Vigabatrin 500mg/5ml oral solution (VMP)
13016511000001101,Vigabatrin 700mg/5ml oral solution (VMP)
13025311000001106,Phenytoin sodium 50mg/5ml oral suspension (Special Order) (AMP)
13025911000001107,Phenytoin sodium 50mg/5ml oral solution (Special Order) (AMP)
13026511000001107,Phenytoin sodium 84mg/5ml oral suspension (Special Order) (AMP)
13027111000001100,Phenytoin sodium 84mg/5ml oral solution (Special Order) (AMP)
13041011000001109,Phenytoin sodium 50mg/5ml oral solution (VMP)
13041111000001105,Phenytoin sodium 50mg/5ml oral suspension (VMP)
13041211000001104,Phenytoin sodium 84mg/5ml oral solution (VMP)
13041311000001107,Phenytoin sodium 84mg/5ml oral suspension (VMP)
13076011000001103,Lyrica 225mg capsules (Viatris UK Healthcare Ltd) (AMP)
13115611000001103,Episenta 1g/10ml solution for injection ampoules (Beacon Pharmaceuticals Ltd) (AMP)
13117911000001104,Sodium valproate 1g/10ml solution for injection ampoules (VMP)
13123911000001104,Inovelon 200mg tablets (Eisai Ltd) (AMP)
13124211000001106,Inovelon 400mg tablets (Eisai Ltd) (AMP)
13162911000001100,Epanutin 100mg capsules (Dowelhurst Ltd) (AMP)
13164611000001103,Frisium 10mg tablets (Dowelhurst Ltd) (AMP)
13168811000001107,Keppra 500mg tablets (Dowelhurst Ltd) (AMP)
13175811000001109,Lyrica 25mg capsules (Dowelhurst Ltd) (AMP)
13176211000001102,Lyrica 75mg capsules (Dowelhurst Ltd) (AMP)
13176511000001104,Lyrica 150mg capsules (Dowelhurst Ltd) (AMP)
13197711000001102,Carbamazepine 200mg modified-release tablets (Dowelhurst Ltd) (AMP)
13199011000001108,Carbamazepine 400mg modified-release tablets (Dowelhurst Ltd) (AMP)
13206911000001103,Tegretol 100mg/5ml liquid (Dowelhurst Ltd) (AMP)
13207211000001109,Tegretol Prolonged Release 200mg tablets (Dowelhurst Ltd) (AMP)
13209511000001100,Topamax 200mg tablets (Dowelhurst Ltd) (AMP)
13209911000001107,Trileptal 150mg tablets (Dowelhurst Ltd) (AMP)
13220911000001105,Zonegran 25mg capsules (Dowelhurst Ltd) (AMP)
13221211000001107,Zonegran 50mg capsules (Dowelhurst Ltd) (AMP)
13240911000001107,Phenobarbital 15mg tablets (Dowelhurst Ltd) (AMP)
13241311000001101,Phenobarbital 30mg tablets (Dowelhurst Ltd) (AMP)
13241611000001106,Phenobarbital 60mg tablets (Dowelhurst Ltd) (AMP)
13241811000001105,Phenytoin sodium 100mg tablets (Dowelhurst Ltd) (AMP)
13294511000001102,Sodium valproate 10mg/5ml oral solution (Special Order) (AMP)
13295111000001105,Sodium valproate 125mg/5ml oral solution (Special Order) (AMP)
13295611000001102,Sodium valproate 20mg/5ml oral solution (Special Order) (AMP)
13295911000001108,Sodium valproate 500mg/5ml oral solution (Special Order) (AMP)
13296511000001108,Sodium valproate 600mg/5ml oral solution (Special Order) (AMP)
13296811000001106,Sodium valproate 60mg/5ml oral solution (Special Order) (AMP)
13297111000001101,Sodium valproate 75mg/5ml oral solution (Special Order) (AMP)
13297411000001106,Sodium valproate 90mg/5ml oral solution (Special Order) (AMP)
13300811000001103,Sodium valproate 10mg/5ml oral solution (VMP)
13300911000001108,Sodium valproate 125mg/5ml oral solution (VMP)
13301011000001100,Sodium valproate 20mg/5ml oral solution (VMP)
13301111000001104,Sodium valproate 500mg/5ml oral solution (VMP)
13301211000001105,Sodium valproate 600mg/5ml oral solution (VMP)
13301311000001102,Sodium valproate 60mg/5ml oral solution (VMP)
13301411000001109,Sodium valproate 75mg/5ml oral solution (VMP)
13301511000001108,Sodium valproate 90mg/5ml oral solution (VMP)
13318511000001101,Topiramate 100mg/5ml oral suspension (Special Order) (AMP)
13319011000001104,Topiramate 10mg/5ml oral suspension (Special Order) (AMP)
13319311000001101,Topiramate 12.5mg/5ml oral suspension (Special Order) (AMP)
13319811000001105,Topiramate 125mg/5ml oral suspension (Special Order) (AMP)
13324511000001102,Topiramate 100mg/5ml oral suspension (VMP)
13324611000001103,Topiramate 10mg/5ml oral suspension (VMP)
13324711000001107,Topiramate 12.5mg/5ml oral suspension (VMP)
13324811000001104,Topiramate 125mg/5ml oral suspension (VMP)
13331811000001103,Topiramate 12mg/5ml oral suspension (Special Order) (AMP)
13332111000001100,Topiramate 200mg/5ml oral suspension (Special Order) (AMP)
13332411000001105,Topiramate 20mg/5ml oral suspension (Special Order) (AMP)
13332711000001104,Topiramate 30mg/5ml oral suspension (Special Order) (AMP)
13333011000001105,Topiramate 5mg/5ml oral suspension (Special Order) (AMP)
13333311000001108,Topiramate 6.25mg/5ml oral suspension (Special Order) (AMP)
13333611000001103,Topiramate 75mg/5ml oral suspension (Special Order) (AMP)
13333911000001109,Topiramate 100mg/5ml oral solution (Special Order) (AMP)
13334211000001102,Topiramate 10mg/5ml oral solution (Special Order) (AMP)
13334511000001104,Topiramate 12.5mg/5ml oral solution (Special Order) (AMP)
13334811000001101,Topiramate 125mg/5ml oral solution (Special Order) (AMP)
13335111000001107,Topiramate 12mg/5ml oral solution (Special Order) (AMP)
13335411000001102,Topiramate 200mg/5ml oral solution (Special Order) (AMP)
13335711000001108,Topiramate 20mg/5ml oral solution (Special Order) (AMP)
13336311000001104,Topiramate 30mg/5ml oral solution (Special Order) (AMP)
13336911000001103,Topiramate 5mg/5ml oral solution (Special Order) (AMP)
13337211000001109,Topiramate 6.25mg/5ml oral solution (Special Order) (AMP)
13337511000001107,Topiramate 75mg/5ml oral solution (Special Order) (AMP)
13355211000001100,Topiramate 100mg/5ml oral solution (VMP)
13355411000001101,Topiramate 10mg/5ml oral solution (VMP)
13355511000001102,Topiramate 12.5mg/5ml oral solution (VMP)
13355611000001103,Topiramate 125mg/5ml oral solution (VMP)
13355711000001107,Topiramate 12mg/5ml oral solution (VMP)
13355911000001109,Topiramate 12mg/5ml oral suspension (VMP)
13356011000001101,Topiramate 200mg/5ml oral solution (VMP)
13356111000001100,Topiramate 200mg/5ml oral suspension (VMP)
13356411000001105,Topiramate 20mg/5ml oral solution (VMP)
13356611000001108,Topiramate 20mg/5ml oral suspension (VMP)
13356711000001104,Topiramate 30mg/5ml oral solution (VMP)
13356811000001107,Topiramate 30mg/5ml oral suspension (VMP)
13356911000001102,Topiramate 5mg/5ml oral solution (VMP)
13357011000001103,Topiramate 5mg/5ml oral suspension (VMP)
13357111000001102,Topiramate 6.25mg/5ml oral solution (VMP)
13357211000001108,Topiramate 6.25mg/5ml oral suspension (VMP)
13357311000001100,Topiramate 75mg/5ml oral solution (VMP)
13357411000001107,Topiramate 75mg/5ml oral suspension (VMP)
13387311000001109,Gabapentin 100mg capsules (Arrow Generics Ltd) (AMP)
13387511000001103,Gabapentin 300mg capsules (Arrow Generics Ltd) (AMP)
13387711000001108,Gabapentin 400mg capsules (Arrow Generics Ltd) (AMP)
13402911000001103,Diacomit 250mg capsules (Alan Pharmaceuticals) (AMP)
13403211000001101,Diacomit 250mg oral powder sachets (Alan Pharmaceuticals) (AMP)
13403711000001108,Diacomit 500mg capsules (Alan Pharmaceuticals) (AMP)
13404211000001103,Diacomit 500mg oral powder sachets (Alan Pharmaceuticals) (AMP)
13411111000001108,Stiripentol 250mg capsules (VMP)
13411211000001102,Stiripentol 250mg oral powder sachets (VMP)
13411311000001105,Stiripentol 500mg capsules (VMP)
13411411000001103,Stiripentol 500mg oral powder sachets (VMP)
13416111000001104,Phenobarbital 180mg/5ml oral solution (Special Order) (AMP)
13416411000001109,Phenobarbital 180mg/5ml oral suspension (Special Order) (AMP)
13426211000001100,Phenobarbital 180mg/5ml oral solution (VMP)
13426311000001108,Phenobarbital 180mg/5ml oral suspension (VMP)
13436711000001105,Lamotrigine 25mg dispersible tablets sugar free (Viatris UK Healthcare Ltd) (AMP)
13436911000001107,Lamotrigine 100mg dispersible tablets sugar free (Viatris UK Healthcare Ltd) (AMP)
13437411000001102,Oxcarbazepine 150mg tablets (Viatris UK Healthcare Ltd) (AMP)
13437611000001104,Oxcarbazepine 300mg tablets (Viatris UK Healthcare Ltd) (AMP)
13437811000001100,Oxcarbazepine 600mg tablets (Viatris UK Healthcare Ltd) (AMP)
13564111000001102,Gabapentin 600mg/5ml oral solution (Special Order) (AMP)
13564411000001107,Gabapentin 600mg/5ml oral suspension (Special Order) (AMP)
13565811000001105,Gabapentin 600mg/5ml oral solution (VMP)
13566011000001108,Gabapentin 600mg/5ml oral suspension (VMP)
13567111000001107,Lyrica 50mg capsules (Waymade Healthcare Plc) (AMP)
13567311000001109,Zonegran 25mg capsules (Waymade Healthcare Plc) (AMP)
13649111000001102,Phenytoin sodium 250mg/5ml solution for injection ampoules (Alliance Pharmaceuticals Ltd) (AMP)
13653211000001108,Clonazepam 500microgram tablets (A A H Pharmaceuticals Ltd) (AMP)
13653311000001100,Oxcarbazepine 150mg tablets (Alliance Healthcare (Distribution) Ltd) (AMP)
13653811000001109,Oxcarbazepine 300mg tablets (Alliance Healthcare (Distribution) Ltd) (AMP)
13654011000001101,Oxcarbazepine 600mg tablets (Alliance Healthcare (Distribution) Ltd) (AMP)
13655811000001108,Clonazepam 2mg tablets (A A H Pharmaceuticals Ltd) (AMP)
13665411000001101,Epilim Chronosphere MR 100mg granules sachets (Sanofi) (AMP)
13665711000001107,Epilim Chronosphere MR 250mg granules sachets (Sanofi) (AMP)
13665911000001109,Epilim Chronosphere MR 500mg granules sachets (Sanofi) (AMP)
13666311000001103,Epilim Chronosphere MR 750mg granules sachets (Sanofi) (AMP)
13666611000001108,Epilim Chronosphere MR 50mg granules sachets (Sanofi) (AMP)
13718611000001103,Sodium valproate 100mg modified-release granules sachets sugar free (VMP)
13718711000001107,Sodium valproate 250mg modified-release granules sachets sugar free (VMP)
13718811000001104,Sodium valproate 50mg modified-release granules sachets sugar free (VMP)
13718911000001109,Sodium valproate 750mg modified-release granules sachets sugar free (VMP)
13720211000001109,Gabapentin 800mg tablets (Sun Pharma UK Ltd) (AMP)
13722511000001108,Gabapentin 100mg capsules (Sun Pharma UK Ltd) (AMP)
13722811000001106,Gabapentin 300mg capsules (Sun Pharma UK Ltd) (AMP)
13723011000001109,Gabapentin 400mg capsules (Sun Pharma UK Ltd) (AMP)
13723211000001104,Gabapentin 600mg tablets (Sun Pharma UK Ltd) (AMP)
13753311000001108,Lamotrigine 5mg dispersible tablets sugar free (Tillomed Laboratories Ltd) (AMP)
13753511000001102,Lamotrigine 25mg dispersible tablets sugar free (Tillomed Laboratories Ltd) (AMP)
13753711000001107,Lamotrigine 25mg tablets (Tillomed Laboratories Ltd) (AMP)
13766011000001107,Lamotrigine 100mg tablets (Apotex UK Ltd) (AMP)
13766211000001102,Lamotrigine 200mg tablets (Apotex UK Ltd) (AMP)
13766411000001103,Lamotrigine 25mg tablets (Apotex UK Ltd) (AMP)
13766611000001100,Lamotrigine 50mg tablets (Apotex UK Ltd) (AMP)
138611000001109,Topamax 50mg tablets (Janssen-Cilag Ltd) (AMP)
13881411000001108,Frisium 10mg tablets (DE Pharmaceuticals) (AMP)
13891811000001106,Phenytoin 90mg/5ml oral solution (Special Order) (AMP)
13893911000001100,Phenytoin 90mg/5ml oral solution (VMP)
13917411000001109,Keppra 250mg tablets (DE Pharmaceuticals) (AMP)
13917611000001107,Keppra 500mg tablets (DE Pharmaceuticals) (AMP)
13917811000001106,Lamictal 25mg tablets (DE Pharmaceuticals) (AMP)
13918011000001104,Lamictal 50mg tablets (DE Pharmaceuticals) (AMP)
13918311000001101,Lamictal 100mg tablets (DE Pharmaceuticals) (AMP)
13918611000001106,Lamictal 200mg tablets (DE Pharmaceuticals) (AMP)
13927811000001100,Lyrica 25mg capsules (DE Pharmaceuticals) (AMP)
13928311000001105,Lyrica 50mg capsules (DE Pharmaceuticals) (AMP)
13928511000001104,Lyrica 75mg capsules (DE Pharmaceuticals) (AMP)
13928711000001109,Lyrica 100mg capsules (DE Pharmaceuticals) (AMP)
13928911000001106,Lyrica 150mg capsules (DE Pharmaceuticals) (AMP)
13929111000001101,Lyrica 300mg capsules (DE Pharmaceuticals) (AMP)
13932311000001105,Clonazepam 500microgram tablets (Alliance Healthcare (Distribution) Ltd) (AMP)
13932511000001104,Clonazepam 2mg tablets (Alliance Healthcare (Distribution) Ltd) (AMP)
13970011000001106,Gabapentin 400mg/5ml oral suspension (Drug Tariff Special Order) (AMP)
13970511000001103,Gabapentin 400mg/5ml oral solution (Special Order) (AMP)
13977011000001107,Phenytoin sodium 400mg/5ml oral solution (Special Order) (AMP)
13977311000001105,Phenytoin sodium 400mg/5ml oral suspension (Special Order) (AMP)
13985811000001103,Tegretol 100mg/5ml liquid (DE Pharmaceuticals) (AMP)
13986611000001107,Tegretol Prolonged Release 200mg tablets (DE Pharmaceuticals) (AMP)
13986911000001101,Pregabalin 75mg/5ml oral solution (Special Order) (AMP)
13987211000001107,Pregabalin 75mg/5ml oral suspension (Drug Tariff Special Order) (AMP)
13987711000001100,Tegretol Prolonged Release 400mg tablets (DE Pharmaceuticals) (AMP)
14006411000001100,Topamax 15mg sprinkle capsules (DE Pharmaceuticals) (AMP)
14006611000001102,Topamax 25mg sprinkle capsules (DE Pharmaceuticals) (AMP)
14006811000001103,Topamax 50mg sprinkle capsules (DE Pharmaceuticals) (AMP)
14007011000001107,Topamax 25mg tablets (DE Pharmaceuticals) (AMP)
14007211000001102,Topamax 50mg tablets (DE Pharmaceuticals) (AMP)
14007411000001103,Topamax 100mg tablets (DE Pharmaceuticals) (AMP)
14007611000001100,Topamax 200mg tablets (DE Pharmaceuticals) (AMP)
14007911000001106,Topiramate 100mg tablets (DE Pharmaceuticals) (AMP)
14010811000001103,Gabapentin 400mg/5ml oral solution (VMP)
14011711000001103,Trileptal 300mg tablets (DE Pharmaceuticals) (AMP)
14014011000001102,Gabapentin 400mg/5ml oral suspension (VMP)
14016411000001103,Phenytoin sodium 400mg/5ml oral solution (VMP)
14016511000001104,Phenytoin sodium 400mg/5ml oral suspension (VMP)
14016711000001109,Pregabalin 75mg/5ml oral solution (VMP)
14016811000001101,Pregabalin 75mg/5ml oral suspension (VMP)
14028211000001108,Lamotrigine 25mg/5ml oral solution (Special Order) (AMP)
14028511000001106,Lamotrigine 25mg/5ml oral suspension (Special Order) (AMP)
14055611000001100,Lamotrigine 25mg/5ml oral solution (VMP)
14055811000001101,Lamotrigine 25mg/5ml oral suspension (VMP)
14121111000001101,Gabapentin 100mg capsules (Consilient Health Ltd) (AMP)
14121311000001104,Gabapentin 300mg capsules (Consilient Health Ltd) (AMP)
14121511000001105,Gabapentin 400mg capsules (Consilient Health Ltd) (AMP)
14121711000001100,Gabapentin 600mg tablets (Consilient Health Ltd) (AMP)
14121911000001103,Gabapentin 800mg tablets (Consilient Health Ltd) (AMP)
14194411000001101,Vimpat 200mg tablets (UCB Pharma Ltd) (AMP)
14194911000001109,Vimpat 50mg tablets (UCB Pharma Ltd) (AMP)
14196211000001105,Vimpat 200mg/20ml solution for infusion vials (UCB Pharma Ltd) (AMP)
14196911000001101,Vimpat 150mg tablets (UCB Pharma Ltd) (AMP)
14199511000001103,Vimpat 100mg tablets (UCB Pharma Ltd) (AMP)
14203611000001101,Lacosamide 200mg/20ml solution for infusion vials (VMP)
14217411000001108,Gabapentin 800mg/5ml oral solution (Special Order) (AMP)
14218211000001108,Gabapentin 800mg/5ml oral suspension (Special Order) (AMP)
14220611000001102,Epanutin 100mg capsules (Sigma Pharmaceuticals Plc) (AMP)
14220911000001108,Epilim Chrono 200 tablets (Sigma Pharmaceuticals Plc) (AMP)
14221111000001104,Epilim Chrono 300 tablets (Sigma Pharmaceuticals Plc) (AMP)
14221311000001102,Epilim Chrono 500 tablets (Sigma Pharmaceuticals Plc) (AMP)
14240711000001108,Frisium 10mg tablets (Sigma Pharmaceuticals Plc) (AMP)
14245711000001103,Gabitril 10mg tablets (Sigma Pharmaceuticals Plc) (AMP)
14245911000001101,Gabitril 15mg tablets (Sigma Pharmaceuticals Plc) (AMP)
14246311000001107,Gabitril 5mg tablets (Sigma Pharmaceuticals Plc) (AMP)
14252711000001109,Gabapentin 800mg/5ml oral solution (VMP)
14252811000001101,Gabapentin 800mg/5ml oral suspension (VMP)
14262411000001109,Keppra 1g tablets (Sigma Pharmaceuticals Plc) (AMP)
14262811000001106,Keppra 100mg/ml oral solution (Sigma Pharmaceuticals Plc) (AMP)
14263111000001105,Keppra 250mg tablets (Sigma Pharmaceuticals Plc) (AMP)
14263511000001101,Keppra 500mg tablets (Sigma Pharmaceuticals Plc) (AMP)
14316311000001106,Vimpat 15mg/ml syrup (UCB Pharma Ltd) (AMP)
14349311000001105,Clobazam 1.25mg/5ml oral solution (Special Order) (AMP)
14350111000001101,Clobazam 1.25mg/5ml oral suspension (Special Order) (AMP)
14368011000001108,Neurontin 300mg capsules (Sigma Pharmaceuticals Plc) (AMP)
14368611000001101,Neurontin 400mg capsules (Sigma Pharmaceuticals Plc) (AMP)
14376511000001105,Lyrica 100mg capsules (Sigma Pharmaceuticals Plc) (AMP)
14377511000001107,Lyrica 150mg capsules (Sigma Pharmaceuticals Plc) (AMP)
14378711000001101,Lyrica 25mg capsules (Sigma Pharmaceuticals Plc) (AMP)
14380311000001106,Lyrica 50mg capsules (Sigma Pharmaceuticals Plc) (AMP)
14382011000001107,Lyrica 75mg capsules (Sigma Pharmaceuticals Plc) (AMP)
14410111000001100,Clobazam 1.25mg/5ml oral solution (VMP)
14410211000001106,Clobazam 1.25mg/5ml oral suspension (VMP)
14410411000001105,Lacosamide 15mg/ml oral solution sugar free (VMP)
14593611000001108,Zonegran 100mg capsules (Waymade Healthcare Plc) (AMP)
14624211000001105,Tegretol 100mg/5ml liquid (Sigma Pharmaceuticals Plc) (AMP)
14624511000001108,Tegretol Prolonged Release 200mg tablets (Sigma Pharmaceuticals Plc) (AMP)
14624811000001106,Tegretol Prolonged Release 400mg tablets (Sigma Pharmaceuticals Plc) (AMP)
14663711000001109,Rivotril 500microgram tablets (Sigma Pharmaceuticals Plc) (AMP)
14664211000001104,Rivotril 2mg tablets (Sigma Pharmaceuticals Plc) (AMP)
14669511000001102,Sabril 500mg granules for oral solution sachets (Sigma Pharmaceuticals Plc) (AMP)
14672111000001108,Topamax 100mg tablets (Sigma Pharmaceuticals Plc) (AMP)
14672711000001109,Topamax 200mg tablets (Sigma Pharmaceuticals Plc) (AMP)
14673011000001103,Topamax 25mg tablets (Sigma Pharmaceuticals Plc) (AMP)
14673211000001108,Topamax 50mg tablets (Sigma Pharmaceuticals Plc) (AMP)
14673811000001109,Topiramate 100mg tablets (Sigma Pharmaceuticals Plc) (AMP)
14685111000001107,Trileptal 150mg tablets (Sigma Pharmaceuticals Plc) (AMP)
14685311000001109,Trileptal 300mg tablets (Sigma Pharmaceuticals Plc) (AMP)
14685511000001103,Trileptal 600mg tablets (Sigma Pharmaceuticals Plc) (AMP)
14731311000001106,Keppra 750mg tablets (Sigma Pharmaceuticals Plc) (AMP)
14737611000001105,Lamictal 100mg tablets (Sigma Pharmaceuticals Plc) (AMP)
14737811000001109,Zonegran 100mg capsules (Sigma Pharmaceuticals Plc) (AMP)
14737911000001104,Lamictal 200mg tablets (Sigma Pharmaceuticals Plc) (AMP)
14738311000001104,Zonegran 25mg capsules (Sigma Pharmaceuticals Plc) (AMP)
14738611000001109,Zonegran 50mg capsules (Sigma Pharmaceuticals Plc) (AMP)
14738811000001108,Lamictal 25mg tablets (Sigma Pharmaceuticals Plc) (AMP)
14739211000001102,Lamictal 50mg tablets (Sigma Pharmaceuticals Plc) (AMP)
14740111000001104,Lamictal 100mg dispersible tablets (Sigma Pharmaceuticals Plc) (AMP)
14740711000001103,Lamictal 25mg dispersible tablets (Sigma Pharmaceuticals Plc) (AMP)
14741111000001105,Lamictal 5mg dispersible tablets (Sigma Pharmaceuticals Plc) (AMP)
14742011000001101,Lamictal 2mg dispersible tablets (Sigma Pharmaceuticals Plc) (AMP)
14756411000001109,Zonegran 50mg capsules (Waymade Healthcare Plc) (AMP)
14757211000001107,Lamotrigine 5mg dispersible tablets sugar free (Sigma Pharmaceuticals Plc) (AMP)
14758411000001105,Lamotrigine 100mg dispersible tablets sugar free (Sigma Pharmaceuticals Plc) (AMP)
14770211000001106,Phenytoin sodium 100mg tablets (Wockhardt UK Ltd) (AMP)
14943011000001100,Ethosuximide 250mg capsules (Essential Generics Ltd) (AMP)
14982011000001102,Topiramate 35mg/5ml oral solution (Special Order) (AMP)
14982411000001106,Topiramate 35mg/5ml oral suspension (Special Order) (AMP)
14984711000001105,Topiramate 35mg/5ml oral solution (VMP)
14984811000001102,Topiramate 35mg/5ml oral suspension (VMP)
15047811000001103,Mysoline 250mg tablets (Waymade Healthcare Plc) (AMP)
15056411000001104,Lamotrigine 100mg tablets (Sigma Pharmaceuticals Plc) (AMP)
15071611000001105,Carbamazepine 400mg modified-release tablets (Sigma Pharmaceuticals Plc) (AMP)
15075911000001102,Carbamazepine 400mg tablets (Sigma Pharmaceuticals Plc) (AMP)
15076111000001106,Carbamazepine 100mg tablets (Sigma Pharmaceuticals Plc) (AMP)
15076411000001101,Carbamazepine 200mg tablets (Sigma Pharmaceuticals Plc) (AMP)
15076811000001104,Carbamazepine 200mg modified-release tablets (Sigma Pharmaceuticals Plc) (AMP)
15077211000001103,Clonazepam 2mg tablets (Sigma Pharmaceuticals Plc) (AMP)
15089511000001104,Gabapentin 100mg capsules (Sigma Pharmaceuticals Plc) (AMP)
15089711000001109,Gabapentin 300mg capsules (Sigma Pharmaceuticals Plc) (AMP)
15089911000001106,Gabapentin 400mg capsules (Sigma Pharmaceuticals Plc) (AMP)
15090111000001102,Gabapentin 600mg tablets (Sigma Pharmaceuticals Plc) (AMP)
15090311000001100,Gabapentin 800mg tablets (Sigma Pharmaceuticals Plc) (AMP)
15104211000001109,Lamotrigine 100mg dispersible tablets sugar free (Sigma Pharmaceuticals Plc) (AMP)
15104411000001108,Lamotrigine 200mg tablets (Sigma Pharmaceuticals Plc) (AMP)
15104811000001105,Lamotrigine 25mg dispersible tablets sugar free (Sigma Pharmaceuticals Plc) (AMP)
15105211000001105,Lamotrigine 25mg tablets (Sigma Pharmaceuticals Plc) (AMP)
15105511000001108,Lamotrigine 50mg tablets (Sigma Pharmaceuticals Plc) (AMP)
15105911000001101,Lamotrigine 5mg dispersible tablets sugar free (Sigma Pharmaceuticals Plc) (AMP)
15113711000001102,Oxcarbazepine 150mg tablets (Sigma Pharmaceuticals Plc) (AMP)
15113911000001100,Oxcarbazepine 300mg tablets (Sigma Pharmaceuticals Plc) (AMP)
15114111000001101,Oxcarbazepine 600mg tablets (Sigma Pharmaceuticals Plc) (AMP)
15118611000001104,Pregabalin 150mg/5ml oral solution (Special Order) (AMP)
15118911000001105,Pregabalin 150mg/5ml oral suspension (Special Order) (AMP)
15125311000001109,Pregabalin 150mg/5ml oral solution (VMP)
15125411000001102,Pregabalin 150mg/5ml oral suspension (VMP)
15129611000001101,Gabapentin 800mg tablets (PLIVA Pharma Ltd) (AMP)
15129811000001102,Gabapentin 600mg tablets (PLIVA Pharma Ltd) (AMP)
15165011000001104,Gabapentin 600mg tablets (Actavis UK Ltd) (AMP)
15165211000001109,Gabapentin 800mg tablets (Actavis UK Ltd) (AMP)
15166311000001106,Oxcarbazepine 150mg tablets (Actavis UK Ltd) (AMP)
15166511000001100,Oxcarbazepine 600mg tablets (Actavis UK Ltd) (AMP)
15166711000001105,Oxcarbazepine 300mg tablets (Actavis UK Ltd) (AMP)
15171811000001102,Phenytoin sodium 100mg tablets (Sigma Pharmaceuticals Plc) (AMP)
15175811000001104,Sodium valproate 300mg modified-release tablets (Sigma Pharmaceuticals Plc) (AMP)
15176211000001106,Sodium valproate 500mg modified-release tablets (Sigma Pharmaceuticals Plc) (AMP)
15238911000001103,Pregabalin 200mg/5ml oral solution (Special Order) (AMP)
15239211000001102,Pregabalin 200mg/5ml oral suspension (Special Order) (AMP)
15243311000001108,Pregabalin 200mg/5ml oral solution (VMP)
15243411000001101,Pregabalin 200mg/5ml oral suspension (VMP)
15356811000001101,Gabapentin 600mg tablets (Zentiva Pharma UK Ltd) (AMP)
15357011000001105,Gabapentin 800mg tablets (Zentiva Pharma UK Ltd) (AMP)
15379811000001109,Topiramate 150mg/5ml oral solution (Special Order) (AMP)
15380111000001102,Topiramate 150mg/5ml oral suspension (Special Order) (AMP)
15381511000001104,Topiramate 150mg/5ml oral solution (VMP)
15381611000001100,Topiramate 150mg/5ml oral suspension (VMP)
15409111000001103,Lamotrigine 60mg/5ml oral solution (Special Order) (AMP)
15409411000001108,Lamotrigine 60mg/5ml oral suspension (Special Order) (AMP)
15410911000001109,Lamotrigine 60mg/5ml oral solution (VMP)
15411011000001101,Lamotrigine 60mg/5ml oral suspension (VMP)
15439411000001102,Epilim Chronosphere MR 1000mg granules sachets (Sanofi) (AMP)
15447911000001104,Primidone 100mg/5ml oral suspension (Special Order) (AMP)
15451911000001105,Primidone 100mg/5ml oral suspension (VMP)
15527611000001102,Pregabalin 75mg oral powder sachets (Special Order) (AMP)
15534611000001106,Pregabalin 75mg oral powder sachets (VMP)
15534811000001105,Valproic acid 250mg/5ml oral solution (Special Order) (AMP)
15535811000001106,Valproic acid 250mg/5ml oral solution (VMP)
15536111000001105,Valproic acid 250mg/5ml oral suspension (Special Order) (AMP)
15536811000001103,Valproic acid 250mg/5ml oral suspension (VMP)
15621611000001101,Phenytoin 300mg/5ml oral solution (Special Order) (AMP)
15621911000001107,Phenytoin 300mg/5ml oral suspension (Special Order) (AMP)
15627511000001106,Clonazepam 2mg tablets (Teva UK Ltd) (AMP)
15627711000001101,Clonazepam 500microgram tablets (Teva UK Ltd) (AMP)
15628011000001102,Clobazam 10mg tablets (Accord-UK Ltd) (AMP)
15632911000001103,Phenytoin 300mg/5ml oral solution (VMP)
15633011000001106,Phenytoin 300mg/5ml oral suspension (VMP)
15849411000001105,Oxcarbazepine 150mg tablets (Teva UK Ltd) (AMP)
15849611000001108,Oxcarbazepine 300mg tablets (Teva UK Ltd) (AMP)
15849811000001107,Oxcarbazepine 600mg tablets (Teva UK Ltd) (AMP)
15865811000001102,Clonazepam 2.5mg/ml drops sugar free (Special Order) (AMP)
15896311000001103,Pregabalin 25mg/5ml oral solution (Special Order) (AMP)
15896811000001107,Pregabalin 25mg/5ml oral suspension (Special Order) (AMP)
15915211000001106,Pregabalin 25mg/5ml oral solution (VMP)
15915311000001103,Pregabalin 25mg/5ml oral suspension (VMP)
159611000001104,Neurontin 800mg tablets (Viatris UK Healthcare Ltd) (AMP)
16020011000001109,Primidone 30mg/5ml oral suspension (Special Order) (AMP)
16037111000001109,Primidone 30mg/5ml oral suspension (VMP)
16041811000001108,Topiramate 16mg/5ml oral solution (Special Order) (AMP)
16042411000001101,Topiramate 16mg/5ml oral suspension (Special Order) (AMP)
16045911000001101,Lamotrigine 1.7mg/5ml oral solution (Special Order) (AMP)
16046611000001102,Lamotrigine 1.7mg/5ml oral suspension (Special Order) (AMP)
16058511000001102,Lamotrigine 25mg tablets (Bristol Laboratories Ltd) (AMP)
16059011000001100,Lamotrigine 50mg tablets (Bristol Laboratories Ltd) (AMP)
16059211000001105,Lamotrigine 100mg tablets (Bristol Laboratories Ltd) (AMP)
16059711000001103,Lamotrigine 200mg tablets (Bristol Laboratories Ltd) (AMP)
16074711000001101,Lamotrigine 1.7mg/5ml oral solution (VMP)
16074811000001109,Lamotrigine 1.7mg/5ml oral suspension (VMP)
16075911000001100,Topiramate 16mg/5ml oral solution (VMP)
16076011000001108,Topiramate 16mg/5ml oral suspension (VMP)
16082211000001108,Topiramate 67.5mg/5ml oral solution (Special Order) (AMP)
16082511000001106,Topiramate 67.5mg/5ml oral suspension (Special Order) (AMP)
16085211000001103,Topiramate 25mg tablets (Actavis UK Ltd) (AMP)
16085711000001105,Topiramate 50mg tablets (Actavis UK Ltd) (AMP)
16085911000001107,Topiramate 100mg tablets (Actavis UK Ltd) (AMP)
16086111000001103,Topiramate 200mg tablets (Actavis UK Ltd) (AMP)
16087911000001102,Topiramate 15mg/5ml oral solution (Special Order) (AMP)
16088411000001109,Topiramate 15mg/5ml oral suspension (Special Order) (AMP)
16091111000001106,Topiramate 15mg/5ml oral solution (VMP)
16091211000001100,Topiramate 15mg/5ml oral suspension (VMP)
16091311000001108,Topiramate 67.5mg/5ml oral solution (VMP)
16091411000001101,Topiramate 67.5mg/5ml oral suspension (VMP)
16097311000001102,Valproic acid 500mg/5ml oral solution (Special Order) (AMP)
16097611000001107,Valproic acid 500mg/5ml oral suspension (Special Order) (AMP)
16102311000001106,Valproic acid 500mg/5ml oral solution (VMP)
16102411000001104,Valproic acid 500mg/5ml oral suspension (VMP)
16166811000001100,Topiramate 25mg tablets (Alliance Healthcare (Distribution) Ltd) (AMP)
16167211000001104,Topiramate 50mg tablets (Alliance Healthcare (Distribution) Ltd) (AMP)
16167511000001101,Topiramate 100mg tablets (Alliance Healthcare (Distribution) Ltd) (AMP)
16167711000001106,Topiramate 200mg tablets (Alliance Healthcare (Distribution) Ltd) (AMP)
16168111000001106,Topiramate 15mg capsules (Alliance Healthcare (Distribution) Ltd) (AMP)
16168411000001101,Topiramate 25mg capsules (Alliance Healthcare (Distribution) Ltd) (AMP)
16168611000001103,Topiramate 50mg capsules (Alliance Healthcare (Distribution) Ltd) (AMP)
16171811000001100,Epanutin 100mg capsules (Lexon (UK) Ltd) (AMP)
16172011000001103,Epilim Chrono 200 tablets (Lexon (UK) Ltd) (AMP)
16172211000001108,Epilim Chrono 300 tablets (Lexon (UK) Ltd) (AMP)
16172411000001107,Epilim Chrono 500 tablets (Lexon (UK) Ltd) (AMP)
16172611000001105,Epilim 200mg/5ml syrup (Lexon (UK) Ltd) (AMP)
16176811000001105,Topiramate 15mg capsules (Teva UK Ltd) (AMP)
16177011000001101,Topiramate 25mg capsules (Teva UK Ltd) (AMP)
16177211000001106,Topiramate 50mg capsules (Teva UK Ltd) (AMP)
16177411000001105,Topiramate 25mg tablets (Teva UK Ltd) (AMP)
16177611000001108,Topiramate 50mg tablets (Teva UK Ltd) (AMP)
16177911000001102,Topiramate 100mg tablets (Teva UK Ltd) (AMP)
16178111000001104,Topiramate 200mg tablets (Teva UK Ltd) (AMP)
16178611000001107,Zebinix 800mg tablets (BIAL Pharma UK Ltd) (AMP)
16182211000001104,Frisium 10mg tablets (Lexon (UK) Ltd) (AMP)
16185611000001106,Topiramate 15mg capsules (A A H Pharmaceuticals Ltd) (AMP)
16185811000001105,Topiramate 25mg capsules (A A H Pharmaceuticals Ltd) (AMP)
16186011000001108,Topiramate 50mg capsules (A A H Pharmaceuticals Ltd) (AMP)
16186211000001103,Topiramate 25mg tablets (A A H Pharmaceuticals Ltd) (AMP)
16186411000001104,Topiramate 50mg tablets (A A H Pharmaceuticals Ltd) (AMP)
16186611000001101,Topiramate 100mg tablets (A A H Pharmaceuticals Ltd) (AMP)
16186811000001102,Topiramate 200mg tablets (A A H Pharmaceuticals Ltd) (AMP)
16188011000001107,Topiramate 25mg tablets (Zentiva Pharma UK Ltd) (AMP)
16188811000001101,Topiramate 50mg tablets (Zentiva Pharma UK Ltd) (AMP)
16189411000001106,Topiramate 100mg tablets (Zentiva Pharma UK Ltd) (AMP)
16190711000001108,Topiramate 200mg tablets (Zentiva Pharma UK Ltd) (AMP)
16193811000001107,Keppra 100mg/ml oral solution (Lexon (UK) Ltd) (AMP)
16194611000001106,Lamictal 25mg tablets (Lexon (UK) Ltd) (AMP)
16194811000001105,Lamictal 50mg tablets (Lexon (UK) Ltd) (AMP)
16195011000001100,Lamictal 100mg tablets (Lexon (UK) Ltd) (AMP)
16195311000001102,Lamictal 200mg tablets (Lexon (UK) Ltd) (AMP)
16195611000001107,Lamictal 25mg dispersible tablets (Lexon (UK) Ltd) (AMP)
16195911000001101,Lamictal 100mg dispersible tablets (Lexon (UK) Ltd) (AMP)
16197411000001103,Eslicarbazepine 800mg tablets (VMP)
16204211000001109,Lyrica 25mg capsules (Lexon (UK) Ltd) (AMP)
16204811000001105,Lyrica 50mg capsules (Lexon (UK) Ltd) (AMP)
16205111000001104,Lyrica 75mg capsules (Lexon (UK) Ltd) (AMP)
16205311000001102,Lyrica 100mg capsules (Lexon (UK) Ltd) (AMP)
16205511000001108,Lyrica 150mg capsules (Lexon (UK) Ltd) (AMP)
16208711000001105,Mysoline 250mg tablets (Lexon (UK) Ltd) (AMP)
16215111000001102,Topiramate 25mg tablets (Sun Pharma UK Ltd) (AMP)
16215311000001100,Topiramate 50mg tablets (Sun Pharma UK Ltd) (AMP)
16215511000001106,Topiramate 100mg tablets (Sun Pharma UK Ltd) (AMP)
16215711000001101,Topiramate 200mg tablets (Sun Pharma UK Ltd) (AMP)
16263711000001103,Tegretol Prolonged Release 200mg tablets (Lexon (UK) Ltd) (AMP)
16264811000001109,Tegretol Prolonged Release 400mg tablets (Lexon (UK) Ltd) (AMP)
16266611000001101,Tegretol 200mg tablets (Lexon (UK) Ltd) (AMP)
16267311000001109,Tegretol 400mg tablets (Lexon (UK) Ltd) (AMP)
16267611000001104,Tegretol 100mg/5ml liquid (Lexon (UK) Ltd) (AMP)
16275711000001107,Frisium 10mg tablets (Mawdsley-Brooks & Company Ltd) (AMP)
16276711000001104,Topamax 100mg tablets (Lexon (UK) Ltd) (AMP)
16277111000001102,Topamax 15mg sprinkle capsules (Lexon (UK) Ltd) (AMP)
16277511000001106,Topamax 25mg sprinkle capsules (Lexon (UK) Ltd) (AMP)
16279811000001101,Trileptal 300mg tablets (Lexon (UK) Ltd) (AMP)
16280011000001107,Trileptal 600mg tablets (Lexon (UK) Ltd) (AMP)
16451811000001103,Zonegran 25mg capsules (Lexon (UK) Ltd) (AMP)
16452011000001101,Zonegran 50mg capsules (Lexon (UK) Ltd) (AMP)
16452311000001103,Zonegran 100mg capsules (Lexon (UK) Ltd) (AMP)
16515211000001103,Lyrica 25mg capsules (Mawdsley-Brooks & Company Ltd) (AMP)
16516411000001108,Lyrica 50mg capsules (Mawdsley-Brooks & Company Ltd) (AMP)
16516711000001102,Lyrica 75mg capsules (Mawdsley-Brooks & Company Ltd) (AMP)
16517611000001108,Lyrica 100mg capsules (Mawdsley-Brooks & Company Ltd) (AMP)
16533611000001106,Keppra 100mg/ml oral solution (Mawdsley-Brooks & Company Ltd) (AMP)
16533811000001105,Keppra 500mg tablets (Mawdsley-Brooks & Company Ltd) (AMP)
16534011000001102,Lamictal 5mg dispersible tablets (Mawdsley-Brooks & Company Ltd) (AMP)
16534211000001107,Lamictal 25mg dispersible tablets (Mawdsley-Brooks & Company Ltd) (AMP)
16534511000001105,Lamictal 25mg tablets (Mawdsley-Brooks & Company Ltd) (AMP)
16534711000001100,Lamictal 50mg tablets (Mawdsley-Brooks & Company Ltd) (AMP)
16534911000001103,Lamictal 100mg tablets (Mawdsley-Brooks & Company Ltd) (AMP)
16535111000001102,Lamictal 200mg tablets (Mawdsley-Brooks & Company Ltd) (AMP)
16537111000001106,Lyrica 150mg capsules (Mawdsley-Brooks & Company Ltd) (AMP)
16537611000001103,Lyrica 200mg capsules (Mawdsley-Brooks & Company Ltd) (AMP)
16538011000001106,Lyrica 300mg capsules (Mawdsley-Brooks & Company Ltd) (AMP)
16551911000001102,Lamictal 5mg dispersible tablets (Stephar (U.K.) Ltd) (AMP)
16557811000001100,Mysoline 250mg tablets (Mawdsley-Brooks & Company Ltd) (AMP)
16569011000001109,Primidone 250mg tablets (Waymade Healthcare Plc) (AMP)
16571211000001108,Epanutin 100mg capsules (Mawdsley-Brooks & Company Ltd) (AMP)
16571411000001107,Epilim 200mg/5ml syrup (Mawdsley-Brooks & Company Ltd) (AMP)
16571611000001105,Epilim Chrono 200 tablets (Mawdsley-Brooks & Company Ltd) (AMP)
16571811000001109,Epilim Chrono 500 tablets (Mawdsley-Brooks & Company Ltd) (AMP)
16582711000001103,Lyrica 25mg capsules (Stephar (U.K.) Ltd) (AMP)
16583111000001105,Lyrica 50mg capsules (Stephar (U.K.) Ltd) (AMP)
16583311000001107,Lyrica 75mg capsules (Stephar (U.K.) Ltd) (AMP)
16583611000001102,Lyrica 100mg capsules (Stephar (U.K.) Ltd) (AMP)
16583811000001103,Lyrica 150mg capsules (Stephar (U.K.) Ltd) (AMP)
16624011000001109,Topiramate 100mg tablets (Viatris UK Healthcare Ltd) (AMP)
16625811000001102,Topiramate 200mg tablets (Viatris UK Healthcare Ltd) (AMP)
16627011000001101,Topiramate 25mg tablets (Viatris UK Healthcare Ltd) (AMP)
16628111000001104,Topiramate 50mg tablets (Viatris UK Healthcare Ltd) (AMP)
16641011000001109,Clobazam 10mg tablets (Alliance Healthcare (Distribution) Ltd) (AMP)
16677911000001101,Tegretol Prolonged Release 400mg tablets (Stephar (U.K.) Ltd) (AMP)
16678711000001102,Topamax 200mg tablets (Stephar (U.K.) Ltd) (AMP)
16679111000001105,Trileptal 300mg tablets (Stephar (U.K.) Ltd) (AMP)
17063711000001107,Keppra 750mg tablets (Waymade Healthcare Plc) (AMP)
17111000001104,Phenytoin sodium 100mg tablets (A A H Pharmaceuticals Ltd) (AMP)
17298211000001101,Rivotril 500microgram tablets (Waymade Healthcare Plc) (AMP)
17459311000001107,Tegretol 400mg tablets (Mawdsley-Brooks & Company Ltd) (AMP)
17459511000001101,Tegretol 100mg/5ml liquid (Mawdsley-Brooks & Company Ltd) (AMP)
17459711000001106,Tegretol Prolonged Release 200mg tablets (Mawdsley-Brooks & Company Ltd) (AMP)
17459911000001108,Tegretol Prolonged Release 400mg tablets (Mawdsley-Brooks & Company Ltd) (AMP)
17466611000001101,Topamax 15mg sprinkle capsules (Mawdsley-Brooks & Company Ltd) (AMP)
17466811000001102,Topamax 100mg tablets (Mawdsley-Brooks & Company Ltd) (AMP)
17467011000001106,Topamax 200mg tablets (Mawdsley-Brooks & Company Ltd) (AMP)
17469011000001102,Trileptal 300mg tablets (Mawdsley-Brooks & Company Ltd) (AMP)
17469211000001107,Trileptal 600mg tablets (Mawdsley-Brooks & Company Ltd) (AMP)
17482111000001107,Zonegran 25mg capsules (Mawdsley-Brooks & Company Ltd) (AMP)
17482511000001103,Zonegran 50mg capsules (Mawdsley-Brooks & Company Ltd) (AMP)
17482711000001108,Zonegran 100mg capsules (Mawdsley-Brooks & Company Ltd) (AMP)
17503111000001107,Epilim Chrono 300 tablets (Mawdsley-Brooks & Company Ltd) (AMP)
17511811000001101,Keppra 250mg tablets (Mawdsley-Brooks & Company Ltd) (AMP)
17512011000001104,Keppra 750mg tablets (Mawdsley-Brooks & Company Ltd) (AMP)
17512211000001109,Keppra 1g tablets (Mawdsley-Brooks & Company Ltd) (AMP)
17518411000001105,Neurontin 100mg capsules (Mawdsley-Brooks & Company Ltd) (AMP)
17518611000001108,Neurontin 300mg capsules (Mawdsley-Brooks & Company Ltd) (AMP)
17558311000001106,Epilim 200mg/5ml syrup (Sigma Pharmaceuticals Plc) (AMP)
17568911000001101,Lyrica 200mg capsules (Sigma Pharmaceuticals Plc) (AMP)
17569111000001106,Lyrica 300mg capsules (Sigma Pharmaceuticals Plc) (AMP)
17570911000001107,Mysoline 250mg tablets (Sigma Pharmaceuticals Plc) (AMP)
17573811000001109,Lyrica 100mg capsules (Necessity Supplies Ltd) (AMP)
17574111000001100,Lyrica 150mg capsules (Necessity Supplies Ltd) (AMP)
17574711000001104,Lyrica 200mg capsules (Necessity Supplies Ltd) (AMP)
17575211000001107,Topiramate 15mg capsules (Actavis UK Ltd) (AMP)
17575611000001109,Topiramate 25mg capsules (Actavis UK Ltd) (AMP)
17575811000001108,Topiramate 50mg capsules (Actavis UK Ltd) (AMP)
17576011000001106,Topiramate 25mg tablets (Arrow Generics Ltd) (AMP)
17576211000001101,Topiramate 50mg tablets (Arrow Generics Ltd) (AMP)
17576411000001102,Topiramate 100mg tablets (Arrow Generics Ltd) (AMP)
17576711000001108,Topiramate 200mg tablets (Arrow Generics Ltd) (AMP)
17577611000001102,Lyrica 25mg capsules (Necessity Supplies Ltd) (AMP)
17578511000001102,Lyrica 50mg capsules (Necessity Supplies Ltd) (AMP)
17579311000001102,Lyrica 75mg capsules (Necessity Supplies Ltd) (AMP)
17595311000001108,Neurontin 100mg capsules (Necessity Supplies Ltd) (AMP)
17596811000001107,Neurontin 300mg capsules (Necessity Supplies Ltd) (AMP)
17612611000001104,Neurontin 400mg capsules (Necessity Supplies Ltd) (AMP)
17613011000001102,Neurontin 600mg tablets (Necessity Supplies Ltd) (AMP)
17613411000001106,Neurontin 800mg tablets (Necessity Supplies Ltd) (AMP)
176211000001108,Phenobarbital 60mg tablets (Kent Pharma (UK) Ltd) (AMP)
17637011000001104,Primidone 250mg tablets (Sigma Pharmaceuticals Plc) (AMP)
17648511000001107,Gabapentin 6% gel (Special Order) (AMP)
17651711000001105,Gabapentin 6% gel (VMP)
17822011000001105,Topiramate 15mg capsules (Phoenix Healthcare Distribution Ltd) (AMP)
17822611000001103,Topiramate 25mg capsules (Phoenix Healthcare Distribution Ltd) (AMP)
17822911000001109,Topiramate 50mg capsules (Phoenix Healthcare Distribution Ltd) (AMP)
17823211000001106,Topiramate 25mg tablets (Phoenix Healthcare Distribution Ltd) (AMP)
17823411000001105,Topiramate 50mg tablets (Phoenix Healthcare Distribution Ltd) (AMP)
17823611000001108,Topiramate 100mg tablets (Phoenix Healthcare Distribution Ltd) (AMP)
17824311000001101,Carbamazepine 200mg modified-release tablets (Phoenix Healthcare Distribution Ltd) (AMP)
17824511000001107,Carbamazepine 400mg modified-release tablets (Phoenix Healthcare Distribution Ltd) (AMP)
17824711000001102,Carbamazepine 100mg tablets (Phoenix Healthcare Distribution Ltd) (AMP)
17824911000001100,Carbamazepine 200mg tablets (Phoenix Healthcare Distribution Ltd) (AMP)
17825111000001104,Carbamazepine 400mg tablets (Phoenix Healthcare Distribution Ltd) (AMP)
17825411000001109,Topiramate 200mg tablets (Phoenix Healthcare Distribution Ltd) (AMP)
17860211000001106,Clobazam 10mg tablets (Phoenix Healthcare Distribution Ltd) (AMP)
17861111000001106,Clonazepam 500microgram tablets (Phoenix Healthcare Distribution Ltd) (AMP)
17861411000001101,Clonazepam 2mg tablets (Phoenix Healthcare Distribution Ltd) (AMP)
17870211000001102,Clonazepam 500microgram orodispersible tablets (Special Order) (AMP)
17870411000001103,Clonazepam 500microgram orodispersible tablets (VMP)
17878111000001105,Phenytoin sodium 100mg tablets (Phoenix Healthcare Distribution Ltd) (AMP)
17884411000001102,Neurontin 100mg capsules (Sigma Pharmaceuticals Plc) (AMP)
17912011000001105,Gabapentin 100mg capsules (Phoenix Healthcare Distribution Ltd) (AMP)
17913811000001107,Gabapentin 300mg capsules (Phoenix Healthcare Distribution Ltd) (AMP)
17914011000001104,Gabapentin 400mg capsules (Phoenix Healthcare Distribution Ltd) (AMP)
17929611000001103,Lamotrigine 25mg tablets (Phoenix Healthcare Distribution Ltd) (AMP)
17929811000001104,Lamotrigine 50mg tablets (Phoenix Healthcare Distribution Ltd) (AMP)
17930011000001104,Lamotrigine 200mg tablets (Phoenix Healthcare Distribution Ltd) (AMP)
17964111000001104,Phenobarbital 30mg tablets (Almus Pharmaceuticals Ltd) (AMP)
17966511000001102,Clonazepam 500microgram tablets (Almus Pharmaceuticals Ltd) (AMP)
17966811000001104,Clonazepam 2mg tablets (Almus Pharmaceuticals Ltd) (AMP)
17971011000001105,Gabapentin 100mg capsules (Almus Pharmaceuticals Ltd) (AMP)
17971411000001101,Gabapentin 300mg capsules (Almus Pharmaceuticals Ltd) (AMP)
17971811000001104,Gabapentin 400mg capsules (Almus Pharmaceuticals Ltd) (AMP)
17972111000001101,Gabapentin 600mg tablets (Almus Pharmaceuticals Ltd) (AMP)
17972411000001106,Gabapentin 800mg tablets (Almus Pharmaceuticals Ltd) (AMP)
17996511000001100,Klonopin 0.5mg oral lyophilisates (Imported (United States)) (AMP)
17999911000001103,Clonazepam 500microgram oral lyophilisates sugar free (VMP)
18060811000001100,Zonisamide 50mg/5ml oral solution (Special Order) (AMP)
18061111000001101,Zonisamide 50mg/5ml oral suspension (Special Order) (AMP)
18061611000001109,Keppra 1g tablets (Lexon (UK) Ltd) (AMP)
18078411000001107,Lamotrigine 25mg tablets (Fannin (UK) Ltd) (AMP)
18078611000001105,Lamotrigine 50mg tablets (Fannin (UK) Ltd) (AMP)
18078811000001109,Lamotrigine 100mg tablets (Fannin (UK) Ltd) (AMP)
18079011000001108,Lamotrigine 200mg tablets (Fannin (UK) Ltd) (AMP)
18084111000001100,Zonisamide 50mg/5ml oral solution (VMP)
18084211000001106,Zonisamide 50mg/5ml oral suspension (VMP)
18108611000001106,Gabapentin 600mg tablets (Phoenix Healthcare Distribution Ltd) (AMP)
18131211000001106,Lamotrigine 5mg dispersible tablets sugar free (Phoenix Healthcare Distribution Ltd) (AMP)
18132011000001109,Lamotrigine 25mg dispersible tablets sugar free (Phoenix Healthcare Distribution Ltd) (AMP)
18132211000001104,Lamotrigine 100mg dispersible tablets sugar free (Phoenix Healthcare Distribution Ltd) (AMP)
18154311000001101,Neurontin 400mg capsules (Mawdsley-Brooks & Company Ltd) (AMP)
18155711000001103,Topamax 25mg sprinkle capsules (Mawdsley-Brooks & Company Ltd) (AMP)
18157911000001106,Topamax 50mg tablets (Mawdsley-Brooks & Company Ltd) (AMP)
18195711000001107,Tegretol 100mg/5ml liquid (Necessity Supplies Ltd) (AMP)
18195911000001109,Tegretol Prolonged Release 200mg tablets (Necessity Supplies Ltd) (AMP)
18196211000001106,Tegretol Prolonged Release 400mg tablets (Necessity Supplies Ltd) (AMP)
18196611000001108,Tegretol 200mg tablets (Necessity Supplies Ltd) (AMP)
18196811000001107,Tegretol 400mg tablets (Necessity Supplies Ltd) (AMP)
18200911000001100,Topamax 100mg tablets (Necessity Supplies Ltd) (AMP)
18201111000001109,Topamax 200mg tablets (Necessity Supplies Ltd) (AMP)
18201511000001100,Topamax 25mg tablets (Necessity Supplies Ltd) (AMP)
18201711000001105,Topamax 15mg sprinkle capsules (Necessity Supplies Ltd) (AMP)
18202111000001104,Topamax 25mg sprinkle capsules (Necessity Supplies Ltd) (AMP)
18203011000001109,Trileptal 300mg tablets (Necessity Supplies Ltd) (AMP)
18203411000001100,Trileptal 600mg tablets (Necessity Supplies Ltd) (AMP)
18214411000001104,Zonegran 100mg capsules (Necessity Supplies Ltd) (AMP)
18214911000001107,Zonegran 25mg capsules (Necessity Supplies Ltd) (AMP)
18215211000001102,Zonegran 50mg capsules (Necessity Supplies Ltd) (AMP)
18268611000001105,Inovelon 100mg tablets (Necessity Supplies Ltd) (AMP)
18270311000001109,Keppra 100mg/ml oral solution (Necessity Supplies Ltd) (AMP)
18270511000001103,Keppra 1g tablets (Necessity Supplies Ltd) (AMP)
18270711000001108,Keppra 250mg tablets (Necessity Supplies Ltd) (AMP)
18270911000001105,Keppra 500mg tablets (Necessity Supplies Ltd) (AMP)
18271911000001103,Lamictal 100mg tablets (Necessity Supplies Ltd) (AMP)
18272211000001100,Lamictal 200mg tablets (Necessity Supplies Ltd) (AMP)
18272711000001107,Lamictal 25mg tablets (Necessity Supplies Ltd) (AMP)
18273011000001101,Lamictal 50mg tablets (Necessity Supplies Ltd) (AMP)
18294611000001102,Lamictal 25mg dispersible tablets (Stephar (U.K.) Ltd) (AMP)
18389711000001104,Clobazam 10mg tablets (Teva UK Ltd) (AMP)
184311000001104,Sabril 500mg tablets (Sanofi) (AMP)
18455311000001101,Mysoline 50mg tablets (SERB) (AMP)
18469111000001105,Topiramate 100mg tablets (Accord-UK Ltd) (AMP)
18469311000001107,Topiramate 200mg tablets (Accord-UK Ltd) (AMP)
18469511000001101,Topiramate 25mg tablets (Accord-UK Ltd) (AMP)
18469711000001106,Topiramate 50mg tablets (Accord-UK Ltd) (AMP)
18475911000001102,Lamotrigine 25mg tablets (Dr Reddy's Laboratories (UK) Ltd) (AMP)
18476311000001108,Lamotrigine 50mg tablets (Dr Reddy's Laboratories (UK) Ltd) (AMP)
18476511000001102,Lamotrigine 100mg tablets (Dr Reddy's Laboratories (UK) Ltd) (AMP)
18476711000001107,Lamotrigine 200mg tablets (Dr Reddy's Laboratories (UK) Ltd) (AMP)
18514811000001107,Phenytoin sodium 54mg/5ml oral suspension (Special Order) (AMP)
18520411000001108,Phenytoin sodium 54mg/5ml oral suspension (VMP)
185711000001101,Epanutin 30mg/5ml oral suspension (Viatris UK Healthcare Ltd) (AMP)
18576311000001102,Epanutin 100mg capsules (DE Pharmaceuticals) (AMP)
18576511000001108,Epilim Chrono 200 tablets (DE Pharmaceuticals) (AMP)
18576711000001103,Epilim Chrono 300 tablets (DE Pharmaceuticals) (AMP)
18576911000001101,Epilim Chrono 500 tablets (DE Pharmaceuticals) (AMP)
18577111000001101,Epilim 200mg/5ml syrup (DE Pharmaceuticals) (AMP)
18587411000001103,Keppra 100mg/ml oral solution (DE Pharmaceuticals) (AMP)
18587611000001100,Keppra 1g tablets (DE Pharmaceuticals) (AMP)
18587811000001101,Lamictal 100mg dispersible tablets (DE Pharmaceuticals) (AMP)
18588011000001108,Lamictal 25mg dispersible tablets (DE Pharmaceuticals) (AMP)
18606911000001100,Primidone 250mg tablets (DE Pharmaceuticals) (AMP)
18610411000001108,Rivotril 500microgram tablets (DE Pharmaceuticals) (AMP)
18617111000001102,Trileptal 600mg tablets (DE Pharmaceuticals) (AMP)
18621211000001109,Zonegran 100mg capsules (DE Pharmaceuticals) (AMP)
18621411000001108,Zonegran 25mg capsules (DE Pharmaceuticals) (AMP)
18621611000001106,Zonegran 50mg capsules (DE Pharmaceuticals) (AMP)
18627011000001109,Lamotrigine 100mg tablets (Phoenix Healthcare Distribution Ltd) (AMP)
18629811000001106,Lyrica 200mg capsules (DE Pharmaceuticals) (AMP)
186311000001105,Sodium valproate 200mg gastro-resistant tablets (Alliance Healthcare (Distribution) Ltd) (AMP)
187111000001106,Phenobarbital 30mg tablets (Kent Pharma (UK) Ltd) (AMP)
18742711000001100,Topiramate 15mg capsules (Sigma Pharmaceuticals Plc) (AMP)
18742911000001103,Topiramate 25mg capsules (Sigma Pharmaceuticals Plc) (AMP)
18781211000001106,Phenytoin sodium 100mg tablets (Accord-UK Ltd) (AMP)
19174011000001104,Topamax 15mg sprinkle capsules (Waymade Healthcare Plc) (AMP)
19174211000001109,Topamax 25mg sprinkle capsules (Waymade Healthcare Plc) (AMP)
191911000001102,Sodium valproate 500mg gastro-resistant tablets (IVAX Pharmaceuticals UK Ltd) (AMP)
19430311000001105,Levetiracetam 250mg tablets (Consilient Health Ltd) (AMP)
19430511000001104,Levetiracetam 500mg tablets (Consilient Health Ltd) (AMP)
19430711000001109,Levetiracetam 750mg tablets (Consilient Health Ltd) (AMP)
19430911000001106,Levetiracetam 1g tablets (Consilient Health Ltd) (AMP)
19431111000001102,Levetiracetam 100mg/ml oral solution sugar free (Consilient Health Ltd) (AMP)
19472111000001105,Levetiracetam 100mg/ml oral solution sugar free (A A H Pharmaceuticals Ltd) (AMP)
19472311000001107,Levetiracetam 1g tablets (A A H Pharmaceuticals Ltd) (AMP)
19472511000001101,Levetiracetam 250mg tablets (A A H Pharmaceuticals Ltd) (AMP)
19472711000001106,Levetiracetam 500mg tablets (A A H Pharmaceuticals Ltd) (AMP)
19472911000001108,Levetiracetam 750mg tablets (A A H Pharmaceuticals Ltd) (AMP)
19484711000001106,Levetiracetam 250mg tablets (Teva UK Ltd) (AMP)
19484911000001108,Levetiracetam 500mg tablets (Teva UK Ltd) (AMP)
19485111000001109,Levetiracetam 750mg tablets (Teva UK Ltd) (AMP)
19485311000001106,Levetiracetam 1g tablets (Teva UK Ltd) (AMP)
19489911000001109,Levetiracetam 100mg/ml oral solution sugar free (Alliance Healthcare (Distribution) Ltd) (AMP)
19490111000001100,Levetiracetam 250mg tablets (Alliance Healthcare (Distribution) Ltd) (AMP)
19490311000001103,Levetiracetam 500mg tablets (Alliance Healthcare (Distribution) Ltd) (AMP)
19490511000001109,Levetiracetam 750mg tablets (Alliance Healthcare (Distribution) Ltd) (AMP)
19490711000001104,Levetiracetam 1g tablets (Alliance Healthcare (Distribution) Ltd) (AMP)
19491711000001107,Carbamazepine 100mg/5ml oral suspension sugar free (Accord-UK Ltd) (AMP)
19570411000001105,Carbamazepine 100mg/5ml oral suspension sugar free (A A H Pharmaceuticals Ltd) (AMP)
19590911000001109,Levetiracetam 250mg tablets (Dr Reddy's Laboratories (UK) Ltd) (AMP)
19591111000001100,Levetiracetam 500mg tablets (Dr Reddy's Laboratories (UK) Ltd) (AMP)
19591311000001103,Levetiracetam 750mg tablets (Dr Reddy's Laboratories (UK) Ltd) (AMP)
19591511000001109,Levetiracetam 1g tablets (Dr Reddy's Laboratories (UK) Ltd) (AMP)
19617711000001104,Mysoline 250mg tablets (DE Pharmaceuticals) (AMP)
196211000001103,Carbamazepine 200mg tablets (Viatris UK Healthcare Ltd) (AMP)
19632511000001100,Levetiracetam 500mg tablets (Actavis UK Ltd) (AMP)
19632711000001105,Levetiracetam 750mg tablets (Actavis UK Ltd) (AMP)
19632911000001107,Levetiracetam 1g tablets (Actavis UK Ltd) (AMP)
19633111000001103,Levetiracetam 250mg tablets (Actavis UK Ltd) (AMP)
19657311000001109,Sodium valproate 200mg/5ml oral solution sugar free (Wockhardt UK Ltd) (AMP)
19664811000001102,Sodium valproate 500mg gastro-resistant tablets (Wockhardt UK Ltd) (AMP)
19665211000001102,Sodium valproate 200mg gastro-resistant tablets (Wockhardt UK Ltd) (AMP)
19735411000001100,Vimpat 100mg tablets (Waymade Healthcare Plc) (AMP)
19811011000001103,Vimpat 10mg/ml syrup (Imported (United States)) (AMP)
19817511000001100,Carbamazepine 100mg tablets (Almus Pharmaceuticals Ltd) (AMP)
19817711000001105,Carbamazepine 200mg tablets (Almus Pharmaceuticals Ltd) (AMP)
19817911000001107,Carbamazepine 400mg tablets (Almus Pharmaceuticals Ltd) (AMP)
19821611000001100,Lacosamide 10mg/ml oral solution sugar free (VMP)
19843411000001102,Levetiracetam 100mg/ml oral solution sugar free (Actavis UK Ltd) (AMP)
19861211000001109,Levetiracetam 100mg/ml oral solution sugar free (Kent Pharma (UK) Ltd) (AMP)
19867811000001103,Matever 1g tablets (Aspire Pharma Ltd) (AMP)
19868011000001105,Matever 750mg tablets (Aspire Pharma Ltd) (AMP)
19868411000001101,Matever 500mg tablets (Aspire Pharma Ltd) (AMP)
19868711000001107,Matever 250mg tablets (Aspire Pharma Ltd) (AMP)
19870811000001108,Matever 500mg/5ml concentrate for solution for infusion vials (Aspire Pharma Ltd) (AMP)
198711000001109,Epanutin 300mg capsules (Pfizer Ltd) (AMP)
19948811000001100,Sodium valproate 500mg/5ml oral suspension (Special Order) (AMP)
19964511000001101,Sodium valproate 100mg suppositories (VMP)
19964711000001106,Sodium valproate 100mg suppositories (Special Order) (AMP)
19977911000001108,Sodium valproate 500mg/5ml oral suspension (VMP)
199911000001103,Epanutin 25mg capsules (Pfizer Ltd) (AMP)
20004711000001104,Topiramate 25mg tablets (Pfizer Ltd) (AMP)
20004911000001102,Topiramate 50mg tablets (Pfizer Ltd) (AMP)
20005111000001101,Topiramate 100mg tablets (Pfizer Ltd) (AMP)
20005311000001104,Topiramate 200mg tablets (Pfizer Ltd) (AMP)
20018711000001105,Clonazepam 500micrograms/5ml oral solution sugar free (Rosemont Pharmaceuticals Ltd) (AMP)
20019211000001108,Clonazepam 2mg/5ml oral solution sugar free (Rosemont Pharmaceuticals Ltd) (AMP)
20028611000001107,Topamax 50mg sprinkle capsules (Lexon (UK) Ltd) (AMP)
20065611000001108,Clonazepam 2mg/5ml oral solution sugar free (VMP)
20128211000001100,Clonazepam 500micrograms/5ml oral solution sugar free (VMP)
20167011000001102,Lamotrigine 25mg tablets (Accord-UK Ltd) (AMP)
20167211000001107,Lamotrigine 50mg tablets (Accord-UK Ltd) (AMP)
20167411000001106,Lamotrigine 100mg tablets (Accord-UK Ltd) (AMP)
20167611000001109,Lamotrigine 200mg tablets (Accord-UK Ltd) (AMP)
20168111000001100,Levetiracetam 250mg tablets (Accord-UK Ltd) (AMP)
20168311000001103,Levetiracetam 500mg tablets (Accord-UK Ltd) (AMP)
20168511000001109,Levetiracetam 750mg tablets (Accord-UK Ltd) (AMP)
20168711000001104,Levetiracetam 1g tablets (Accord-UK Ltd) (AMP)
20290811000001109,Levetiracetam 250mg tablets (Sandoz Ltd) (AMP)
20291011000001107,Levetiracetam 500mg tablets (Sandoz Ltd) (AMP)
20291211000001102,Levetiracetam 750mg tablets (Sandoz Ltd) (AMP)
20309611000001108,Levetiracetam 1g tablets (Sandoz Ltd) (AMP)
20343811000001100,Inovelon 40mg/ml oral suspension (Eisai Ltd) (AMP)
20353211000001104,Rufinamide 40mg/ml oral suspension sugar free (VMP)
20353711000001106,Vimpat 10mg/ml syrup (UCB Pharma Ltd) (AMP)
20359311000001105,Clonazepam 500micrograms/5ml oral solution sugar free (Alliance Healthcare (Distribution) Ltd) (AMP)
20359511000001104,Clonazepam 2mg/5ml oral solution sugar free (Alliance Healthcare (Distribution) Ltd) (AMP)
204111000001102,Gardenal Sodium 200mg/1ml solution for injection ampoules (Concord Pharmaceuticals Ltd) (AMP)
20451011000001102,Vimpat 50mg tablets (Waymade Healthcare Plc) (AMP)
205311000001101,Carbamazepine 400mg tablets (Actavis UK Ltd) (AMP)
205411000001108,Phenobarbital 60mg tablets (Alliance Healthcare (Distribution) Ltd) (AMP)
20545111000001105,Topiramate 250mg/5ml oral suspension (Special Order) (AMP)
20545811000001103,Lyrica 20mg/ml oral solution (Viatris UK Healthcare Ltd) (AMP)
20556411000001107,Pregabalin 20mg/ml oral solution sugar free (VMP)
20556611000001105,Topiramate 250mg/5ml oral suspension (VMP)
20560511000001102,Epilim Chronosphere MR 100mg granules sachets (Waymade Healthcare Plc) (AMP)
20560711000001107,Epilim Chronosphere MR 500mg granules sachets (Waymade Healthcare Plc) (AMP)
206011000001108,Phenytoin sodium 50mg tablets (Approved Prescription Services Ltd) (AMP)
20612511000001109,Clonazepam 500micrograms/5ml oral solution sugar free (A A H Pharmaceuticals Ltd) (AMP)
20637711000001105,Clonazepam 2mg/5ml oral solution sugar free (A A H Pharmaceuticals Ltd) (AMP)
206611000001101,Carbamazepine 100mg tablets (A A H Pharmaceuticals Ltd) (AMP)
208611000001100,Epanutin 50mg capsules (Pfizer Ltd) (AMP)
20901711000001105,Topiramate 25mg tablets (Sandoz Ltd) (AMP)
20902311000001102,Topiramate 50mg tablets (Sandoz Ltd) (AMP)
20905111000001106,Topiramate 100mg tablets (Sandoz Ltd) (AMP)
20910211000001106,Topiramate 200mg tablets (Sandoz Ltd) (AMP)
20910411000001105,Topiramate 15mg capsules (Sandoz Ltd) (AMP)
20910611000001108,Topiramate 25mg capsules (Sandoz Ltd) (AMP)
20910811000001107,Topiramate 50mg capsules (Sandoz Ltd) (AMP)
20914811000001102,Levetiracetam 250mg tablets (Zentiva Pharma UK Ltd) (AMP)
20915011000001107,Levetiracetam 500mg tablets (Zentiva Pharma UK Ltd) (AMP)
20915211000001102,Levetiracetam 750mg tablets (Zentiva Pharma UK Ltd) (AMP)
20915411000001103,Levetiracetam 1g tablets (Zentiva Pharma UK Ltd) (AMP)
21025111000001104,Phenytoin sodium 100mg tablets (Milpharm Ltd) (AMP)
21028311000001106,Levetiracetam 250mg tablets (Arrow Generics Ltd) (AMP)
21028511000001100,Levetiracetam 500mg tablets (Arrow Generics Ltd) (AMP)
21028711000001105,Levetiracetam 750mg tablets (Arrow Generics Ltd) (AMP)
21028911000001107,Levetiracetam 1g tablets (Arrow Generics Ltd) (AMP)
21032911000001107,Gabapentin 100mg capsules (Bristol Laboratories Ltd) (AMP)
21033111000001103,Gabapentin 300mg capsules (Bristol Laboratories Ltd) (AMP)
21033311000001101,Gabapentin 400mg capsules (Bristol Laboratories Ltd) (AMP)
21039111000001100,Phenobarbital 15mg tablets (Bristol Laboratories Ltd) (AMP)
21039311000001103,Phenobarbital 30mg tablets (Bristol Laboratories Ltd) (AMP)
21039511000001109,Phenobarbital 60mg tablets (Bristol Laboratories Ltd) (AMP)
21059411000001106,Neurontin 250mg/5ml oral solution (Imported (United States)) (AMP)
210911000001107,Arbil MR 400mg tablets (Sun Pharma UK Ltd) (AMP)
21200511000001100,Phenytoin sodium 25mg capsules (Flynn Pharma Ltd) (AMP)
21200711000001105,Phenytoin sodium 50mg capsules (Flynn Pharma Ltd) (AMP)
21200911000001107,Phenytoin sodium 100mg capsules (Flynn Pharma Ltd) (AMP)
21201111000001103,Phenytoin sodium 300mg capsules (Flynn Pharma Ltd) (AMP)
21212111000001106,Fycompa 2mg tablets (Eisai Ltd) (AMP)
21212611000001103,Fycompa 4mg tablets (Eisai Ltd) (AMP)
21213011000001101,Fycompa 6mg tablets (Eisai Ltd) (AMP)
21213311000001103,Fycompa 8mg tablets (Eisai Ltd) (AMP)
21213611000001108,Fycompa 10mg tablets (Eisai Ltd) (AMP)
21213911000001102,Fycompa 12mg tablets (Eisai Ltd) (AMP)
21282711000001105,Gabapentin 600mg tablets (Accord-UK Ltd) (AMP)
21283911000001100,Gabapentin 800mg tablets (Accord-UK Ltd) (AMP)
21348611000001102,Phenytoin sodium 25mg capsules (Alliance Healthcare (Distribution) Ltd) (AMP)
21349211000001109,Phenytoin sodium 50mg capsules (Alliance Healthcare (Distribution) Ltd) (AMP)
21349411000001108,Phenytoin sodium 100mg capsules (Alliance Healthcare (Distribution) Ltd) (AMP)
21349711000001102,Phenytoin sodium 300mg capsules (Alliance Healthcare (Distribution) Ltd) (AMP)
21374911000001100,Phenytoin sodium 25mg capsules (A A H Pharmaceuticals Ltd) (AMP)
21375111000001104,Phenytoin sodium 50mg capsules (A A H Pharmaceuticals Ltd) (AMP)
21375311000001102,Phenytoin sodium 100mg capsules (A A H Pharmaceuticals Ltd) (AMP)
21375511000001108,Phenytoin sodium 300mg capsules (A A H Pharmaceuticals Ltd) (AMP)
21500711000001100,Epilim Chronosphere MR 250mg granules sachets (Waymade Healthcare Plc) (AMP)
21500911000001103,Epilim Chronosphere MR 750mg granules sachets (Waymade Healthcare Plc) (AMP)
21501111000001107,Epilim Chronosphere MR 1000mg granules sachets (Waymade Healthcare Plc) (AMP)
21502311000001100,Phenytoin sodium 100mg capsules (Waymade Healthcare Plc) (AMP)
21504611000001102,Vimpat 150mg tablets (Waymade Healthcare Plc) (AMP)
21504911000001108,Vimpat 200mg tablets (Waymade Healthcare Plc) (AMP)
21519511000001104,Levetiracetam 500mg/5ml concentrate for solution for infusion vials (Sun Pharma UK Ltd) (AMP)
21546911000001107,Levetiracetam 500mg/5ml solution for infusion vials (A A H Pharmaceuticals Ltd) (AMP)
21658711000001101,Gabapentin 50mg/ml oral solution sugar free (Rosemont Pharmaceuticals Ltd) (AMP)
21660111000001105,Gabapentin 50mg/ml oral solution sugar free (VMP)
21696311000001108,Gabapentin 50mg/ml oral solution sugar free (Alliance Healthcare (Distribution) Ltd) (AMP)
217211000001104,Sodium valproate 500mg gastro-resistant tablets (Viatris UK Healthcare Ltd) (AMP)
21730711000001109,Desitrend 250mg granules sachets (Desitin Pharma Ltd) (AMP)
21731111000001102,Desitrend 500mg granules sachets (Desitin Pharma Ltd) (AMP)
21731611000001105,Desitrend 1000mg granules sachets (Desitin Pharma Ltd) (AMP)
21732511000001103,Gabapentin 50mg/ml oral solution sugar free (A A H Pharmaceuticals Ltd) (AMP)
21733211000001107,Levetiracetam 1g granules sachets sugar free (VMP)
21733311000001104,Levetiracetam 250mg granules sachets sugar free (VMP)
21733411000001106,Levetiracetam 500mg granules sachets sugar free (VMP)
21802811000001108,Tapclob 5mg/5ml oral suspension (Martindale Pharmaceuticals Ltd) (AMP)
21803611000001104,Tapclob 10mg/5ml oral suspension (Martindale Pharmaceuticals Ltd) (AMP)
21816611000001107,Carbamazepine 100mg tablets (Waymade Healthcare Plc) (AMP)
21817311000001104,Carbamazepine 200mg tablets (Waymade Healthcare Plc) (AMP)
21846411000001103,Phenobarbital 30mg tablets (Waymade Healthcare Plc) (AMP)
21846611000001100,Phenobarbital 60mg tablets (Waymade Healthcare Plc) (AMP)
21846811000001101,Phenytoin sodium 100mg tablets (Waymade Healthcare Plc) (AMP)
21856411000001100,Clobazam 10mg/5ml oral suspension sugar free (VMP)
21856511000001101,Clobazam 5mg/5ml oral suspension sugar free (VMP)
21858711000001105,Clobazam 10mg tablets (Waymade Healthcare Plc) (AMP)
21884711000001109,Topiramate 15mg capsules (Waymade Healthcare Plc) (AMP)
21884911000001106,Topiramate 25mg capsules (Waymade Healthcare Plc) (AMP)
21885111000001107,Topiramate 50mg capsules (Waymade Healthcare Plc) (AMP)
21891211000001103,Topiramate 25mg tablets (Waymade Healthcare Plc) (AMP)
21891411000001104,Topiramate 50mg tablets (Waymade Healthcare Plc) (AMP)
21891611000001101,Topiramate 100mg tablets (Waymade Healthcare Plc) (AMP)
21891811000001102,Topiramate 200mg tablets (Waymade Healthcare Plc) (AMP)
21900611000001102,Sodium valproate 200mg gastro-resistant tablets (Waymade Healthcare Plc) (AMP)
21900811000001103,Sodium valproate 500mg gastro-resistant tablets (Waymade Healthcare Plc) (AMP)
21922211000001109,Clonazepam 500microgram tablets (Waymade Healthcare Plc) (AMP)
21922411000001108,Clonazepam 2mg tablets (Waymade Healthcare Plc) (AMP)
220011000001104,Orlept 500mg gastro-resistant tablets (Wockhardt UK Ltd) (AMP)
22019211000001101,Gabapentin 100mg capsules (Waymade Healthcare Plc) (AMP)
22019411000001102,Gabapentin 300mg capsules (Waymade Healthcare Plc) (AMP)
22019611000001104,Gabapentin 400mg capsules (Waymade Healthcare Plc) (AMP)
22019811000001100,Gabapentin 600mg tablets (Waymade Healthcare Plc) (AMP)
22024511000001108,Gabapentin 800mg tablets (Waymade Healthcare Plc) (AMP)
22056811000001103,Lamotrigine 5mg dispersible tablets sugar free (Waymade Healthcare Plc) (AMP)
22057311000001105,Lamotrigine 25mg dispersible tablets sugar free (Waymade Healthcare Plc) (AMP)
22057911000001106,Lamotrigine 100mg dispersible tablets sugar free (Waymade Healthcare Plc) (AMP)
22058811000001102,Lamotrigine 25mg tablets (Waymade Healthcare Plc) (AMP)
22060111000001101,Lamotrigine 50mg tablets (Waymade Healthcare Plc) (AMP)
22060411000001106,Lamotrigine 100mg tablets (Waymade Healthcare Plc) (AMP)
22060711000001100,Lamotrigine 200mg tablets (Waymade Healthcare Plc) (AMP)
22064511000001101,Levetiracetam 100mg/ml oral solution sugar free (Waymade Healthcare Plc) (AMP)
22064811000001103,Levetiracetam 250mg tablets (Waymade Healthcare Plc) (AMP)
22065211000001103,Levetiracetam 500mg tablets (Waymade Healthcare Plc) (AMP)
22065411000001104,Levetiracetam 750mg tablets (Waymade Healthcare Plc) (AMP)
22065611000001101,Levetiracetam 1g tablets (Waymade Healthcare Plc) (AMP)
22081811000001103,Clonazepam 500micrograms/5ml oral solution sugar free (Waymade Healthcare Plc) (AMP)
22082011000001101,Clonazepam 2mg/5ml oral solution sugar free (Waymade Healthcare Plc) (AMP)
22339211000001106,Levetiracetam 250mg tablets (Pfizer Ltd) (AMP)
22339411000001105,Levetiracetam 500mg tablets (Pfizer Ltd) (AMP)
22339611000001108,Levetiracetam 750mg tablets (Pfizer Ltd) (AMP)
22339811000001107,Levetiracetam 1g tablets (Pfizer Ltd) (AMP)
22349411000001109,Gabapentin 600mg tablets (Milpharm Ltd) (AMP)
22349611000001107,Gabapentin 800mg tablets (Milpharm Ltd) (AMP)
22602811000001104,Gabapentin 600mg tablets (Creo Pharma Ltd) (AMP)
22603111000001100,Gabapentin 800mg tablets (Creo Pharma Ltd) (AMP)
22629711000001105,Carbamazepine 100mg/5ml oral suspension sugar free (DE Pharmaceuticals) (AMP)
22629911000001107,Carbamazepine 100mg tablets (DE Pharmaceuticals) (AMP)
22630111000001101,Carbamazepine 200mg tablets (DE Pharmaceuticals) (AMP)
22630311000001104,Carbamazepine 400mg tablets (DE Pharmaceuticals) (AMP)
22643011000001108,Depakote 250mg gastro-resistant tablets (Waymade Healthcare Plc) (AMP)
22644111000001106,Trileptal 60mg/ml oral suspension (Waymade Healthcare Plc) (AMP)
22657811000001106,Sodium valproate 400mg/4ml solution for injection ampoules (Wockhardt UK Ltd) (AMP)
22663911000001101,Sodium valproate 400mg/4ml solution for injection ampoules (VMP)
22682011000001106,Sodium valproate 400mg/4ml solution for injection ampoules (A A H Pharmaceuticals Ltd) (AMP)
227011000001103,Phenobarbital 15mg tablets (The Boots Company Plc) (AMP)
23017611000001104,Phenytoin sodium 250mg/5ml solution for injection ampoules (Kent Pharma (UK) Ltd) (AMP)
23167411000001105,Desitrend 100mg/ml oral solution (Desitin Pharma Ltd) (AMP)
23180311000001102,Primidone 50mg tablets (Alliance Healthcare (Distribution) Ltd) (AMP)
23180511000001108,Primidone 250mg tablets (Alliance Healthcare (Distribution) Ltd) (AMP)
23222711000001106,Sodium valproate 200mg modified-release tablets (J M McGill Ltd) (AMP)
23223011000001100,Sodium valproate 300mg modified-release tablets (J M McGill Ltd) (AMP)
23223411000001109,Sodium valproate 500mg modified-release tablets (J M McGill Ltd) (AMP)
23305711000001100,Primidone 250mg tablets (SERB) (AMP)
23305911000001103,Primidone 50mg tablets (SERB) (AMP)
233611000001104,Rivotril 500microgram tablets (Roche Products Ltd) (AMP)
23403411000001101,Clonazepam 2.5mg/ml drops (Part VIIID Drug Tariff Special Order) (AMP)
23407311000001101,Gabapentin 100mg capsules (Medreich Plc) (AMP)
23407511000001107,Gabapentin 300mg capsules (Medreich Plc) (AMP)
23407711000001102,Gabapentin 400mg capsules (Medreich Plc) (AMP)
23420711000001108,Levetiracetam 250mg tablets (Wockhardt UK Ltd) (AMP)
23420911000001105,Levetiracetam 500mg tablets (Wockhardt UK Ltd) (AMP)
23421211000001107,Levetiracetam 750mg tablets (Wockhardt UK Ltd) (AMP)
23421411000001106,Levetiracetam 1g tablets (Wockhardt UK Ltd) (AMP)
23466511000001106,Clonazepam 2.5mg/ml drops (VMP)
23480211000001109,Primidone 250mg tablets (A A H Pharmaceuticals Ltd) (AMP)
235111000001108,Topamax 200mg tablets (Janssen-Cilag Ltd) (AMP)
23587811000001101,Levetiracetam 250mg tablets (Bristol Laboratories Ltd) (AMP)
23588011000001108,Levetiracetam 500mg tablets (Bristol Laboratories Ltd) (AMP)
23588211000001103,Levetiracetam 750mg tablets (Bristol Laboratories Ltd) (AMP)
23588511000001100,Levetiracetam 1g tablets (Bristol Laboratories Ltd) (AMP)
23595311000001103,Phenytoin sodium 100mg capsules (Accord-UK Ltd) (AMP)
23600711000001100,Primidone 250mg tablets (Waymade Healthcare Plc) (AMP)
23614311000001109,Gabapentin 100mg capsules (Creo Pharma Ltd) (AMP)
23614511000001103,Gabapentin 300mg capsules (Creo Pharma Ltd) (AMP)
23614711000001108,Gabapentin 400mg capsules (Creo Pharma Ltd) (AMP)
23640811000001104,Primidone 50mg tablets (A A H Pharmaceuticals Ltd) (AMP)
23644911000001104,Phenytoin sodium 100mg capsules (Ennogen Healthcare International Ltd) (AMP)
23660611000001105,Sodium valproate 300mg modified-release tablets (Cubic Pharmaceuticals Ltd) (AMP)
23961711000001105,Sodium valproate 200mg modified-release tablets (Niche Pharma Ltd) (AMP)
23961911000001107,Sodium valproate 300mg modified-release tablets (Niche Pharma Ltd) (AMP)
23962111000001104,Sodium valproate 500mg modified-release tablets (Niche Pharma Ltd) (AMP)
240511000001105,Phenobarbital 30mg tablets (A A H Pharmaceuticals Ltd) (AMP)
24104711000001108,Gabapentin 100mg capsules (DE Pharmaceuticals) (AMP)
24104911000001105,Gabapentin 300mg capsules (DE Pharmaceuticals) (AMP)
24105111000001106,Gabapentin 400mg capsules (DE Pharmaceuticals) (AMP)
24105311000001108,Gabapentin 50mg/ml oral solution sugar free (DE Pharmaceuticals) (AMP)
24105511000001102,Gabapentin 600mg tablets (DE Pharmaceuticals) (AMP)
24105711000001107,Gabapentin 800mg tablets (DE Pharmaceuticals) (AMP)
24108311000001104,Carbagen 100mg tablets (Viatris UK Healthcare Ltd) (AMP)
24108811000001108,Carbagen 200mg tablets (Viatris UK Healthcare Ltd) (AMP)
24109211000001102,Carbagen 400mg tablets (Viatris UK Healthcare Ltd) (AMP)
24132711000001109,Gabapentin 100mg capsules (Morningside Healthcare Ltd) (AMP)
24132911000001106,Gabapentin 300mg capsules (Morningside Healthcare Ltd) (AMP)
24133111000001102,Gabapentin 600mg tablets (Morningside Healthcare Ltd) (AMP)
24133511000001106,Gabapentin 800mg tablets (Morningside Healthcare Ltd) (AMP)
24354411000001104,Lamotrigine 100mg tablets (DE Pharmaceuticals) (AMP)
24354611000001101,Lamotrigine 200mg tablets (DE Pharmaceuticals) (AMP)
24354811000001102,Lamotrigine 25mg tablets (DE Pharmaceuticals) (AMP)
24355011000001107,Lamotrigine 50mg tablets (DE Pharmaceuticals) (AMP)
24364811000001109,Levetiracetam 100mg/ml oral solution sugar free (DE Pharmaceuticals) (AMP)
24365111000001103,Levetiracetam 1g tablets (DE Pharmaceuticals) (AMP)
24365411000001108,Levetiracetam 250mg tablets (DE Pharmaceuticals) (AMP)
24365611000001106,Levetiracetam 500mg tablets (DE Pharmaceuticals) (AMP)
24365811000001105,Levetiracetam 750mg tablets (DE Pharmaceuticals) (AMP)
24410311000001102,Sodium valproate 300mg modified-release tablets (DE Pharmaceuticals) (AMP)
24413111000001106,Sodium valproate 300mg modified-release tablets (CST Pharma Ltd) (AMP)
24498411000001108,Topamax 50mg sprinkle capsules (Waymade Healthcare Plc) (AMP)
24582211000001103,Zonisamide 25mg/5ml oral suspension (Special Order) (AMP)
24582511000001100,Zonisamide 100mg/5ml oral suspension (Special Order) (AMP)
24595411000001108,Zonisamide 100mg/5ml oral suspension (VMP)
24595511000001107,Zonisamide 25mg/5ml oral suspension (VMP)
24667611000001107,Sodium valproate 500mg modified-release tablets (Cubic Pharmaceuticals Ltd) (AMP)
251711000001106,Epanutin Infatabs 50mg chewable tablets (Viatris UK Healthcare Ltd) (AMP)
253111000001106,Carbamazepine 400mg tablets (A A H Pharmaceuticals Ltd) (AMP)
25369611000001100,Levetiracetam 100mg/ml oral solution sugar free (Rosemont Pharmaceuticals Ltd) (AMP)
25442311000001101,Levetiracetam 500mg/5ml concentrate for solution for infusion vials (Kent Pharma (UK) Ltd) (AMP)
260011000001109,Epimaz 100mg tablets (IVAX Pharmaceuticals UK Ltd) (AMP)
261911000001101,Tegretol Prolonged Release 200mg tablets (Novartis Pharmaceuticals UK Ltd) (AMP)
26418911000001108,Sodium valproate 300mg modified-release tablets (Icarus Pharmaceuticals Ltd) (AMP)
26419411000001108,Sodium valproate 500mg modified-release tablets (Icarus Pharmaceuticals Ltd) (AMP)
26856711000001108,Sodium valproate 500mg modified-release tablets (Ennogen Healthcare Ltd) (AMP)
27398011000001103,Tiagabine 2.5mg/5ml oral suspension (Special Order) (AMP)
27441011000001106,Tiagabine 2.5mg/5ml oral suspension (VMP)
27988911000001109,Levetiracetam 250mg tablets (Lupin Healthcare (UK) Ltd) (AMP)
27989111000001104,Levetiracetam 500mg tablets (Lupin Healthcare (UK) Ltd) (AMP)
27989311000001102,Levetiracetam 750mg tablets (Lupin Healthcare (UK) Ltd) (AMP)
27989511000001108,Levetiracetam 1g tablets (Lupin Healthcare (UK) Ltd) (AMP)
28001411000001106,Levetiracetam 100mg/ml oral solution sugar free (Teva UK Ltd) (AMP)
28036611000001106,Sodium valproate 200mg modified-release tablets (Ennogen Healthcare Ltd) (AMP)
28036811000001105,Sodium valproate 300mg modified-release capsules (Ennogen Healthcare Ltd) (AMP)
28037011000001101,Sodium valproate 300mg modified-release tablets (Ennogen Healthcare Ltd) (AMP)
28050211000001106,Sodium valproate 500mg modified-release tablets (DE Pharmaceuticals) (AMP)
28138411000001102,Sodium valproate 500mg modified-release tablets (Pharma-z Ltd) (AMP)
28266111000001100,Sodium valproate 200mg modified-release tablets (Colorama Pharmaceuticals Ltd) (AMP)
28267611000001105,Sodium valproate 300mg modified-release tablets (Colorama Pharmaceuticals Ltd) (AMP)
28645811000001109,Desitrend 500mg/5ml concentrate for solution for infusion ampoules (Desitin Pharma Ltd) (AMP)
28694511000001103,Gabapentin 100mg capsules (Rivopharm (UK) Ltd) (AMP)
28694811000001100,Gabapentin 300mg capsules (Rivopharm (UK) Ltd) (AMP)
28695111000001106,Gabapentin 400mg capsules (Rivopharm (UK) Ltd) (AMP)
28695711000001107,Levetiracetam 250mg tablets (Rivopharm (UK) Ltd) (AMP)
28696111000001100,Levetiracetam 500mg tablets (Rivopharm (UK) Ltd) (AMP)
28696511000001109,Levetiracetam 750mg tablets (Rivopharm (UK) Ltd) (AMP)
28696911000001102,Levetiracetam 1g tablets (Rivopharm (UK) Ltd) (AMP)
28736211000001106,Rewisca 100mg capsules (Consilient Health Ltd) (AMP)
28736711000001104,Rewisca 25mg capsules (Consilient Health Ltd) (AMP)
28737611000001105,Rewisca 50mg capsules (Consilient Health Ltd) (AMP)
28738211000001107,Rewisca 75mg capsules (Consilient Health Ltd) (AMP)
28738711000001100,Rewisca 150mg capsules (Consilient Health Ltd) (AMP)
28739111000001108,Rewisca 200mg capsules (Consilient Health Ltd) (AMP)
28740211000001105,Rewisca 225mg capsules (Consilient Health Ltd) (AMP)
28742111000001100,Rewisca 300mg capsules (Consilient Health Ltd) (AMP)
28909711000001107,Lecaent 25mg capsules (Accord-UK Ltd) (AMP)
28910011000001104,Lecaent 50mg capsules (Accord-UK Ltd) (AMP)
28910211000001109,Lecaent 75mg capsules (Actavis UK Ltd) (AMP)
28910411000001108,Lecaent 100mg capsules (Accord-UK Ltd) (AMP)
28910611000001106,Lecaent 150mg capsules (Accord-UK Ltd) (AMP)
28910811000001105,Lecaent 200mg capsules (Accord-UK Ltd) (AMP)
28911011000001108,Lecaent 225mg capsules (Accord-UK Ltd) (AMP)
28911211000001103,Lecaent 300mg capsules (Actavis UK Ltd) (AMP)
28947311000001109,Levetiracetam 500mg/5ml solution for infusion ampoules (VMP)
28963911000001107,Pregabalin 25mg capsules (A A H Pharmaceuticals Ltd) (AMP)
28964511000001102,Pregabalin 50mg capsules (A A H Pharmaceuticals Ltd) (AMP)
28964811000001104,Pregabalin 75mg capsules (A A H Pharmaceuticals Ltd) (AMP)
28965011000001109,Pregabalin 100mg capsules (A A H Pharmaceuticals Ltd) (AMP)
28965211000001104,Pregabalin 150mg capsules (A A H Pharmaceuticals Ltd) (AMP)
28965411000001100,Pregabalin 200mg capsules (A A H Pharmaceuticals Ltd) (AMP)
28965611000001102,Pregabalin 225mg capsules (A A H Pharmaceuticals Ltd) (AMP)
28965811000001103,Pregabalin 300mg capsules (A A H Pharmaceuticals Ltd) (AMP)
28996411000001106,Alzain 25mg capsules (Dr Reddy's Laboratories (UK) Ltd) (AMP)
28996611000001109,Alzain 50mg capsules (Dr Reddy's Laboratories (UK) Ltd) (AMP)
28996911000001103,Alzain 75mg capsules (Dr Reddy's Laboratories (UK) Ltd) (AMP)
28997111000001103,Alzain 100mg capsules (Dr Reddy's Laboratories (UK) Ltd) (AMP)
28997311000001101,Alzain 150mg capsules (Dr Reddy's Laboratories (UK) Ltd) (AMP)
28997511000001107,Alzain 200mg capsules (Dr Reddy's Laboratories (UK) Ltd) (AMP)
28997711000001102,Alzain 225mg capsules (Dr Reddy's Laboratories (UK) Ltd) (AMP)
28997911000001100,Alzain 300mg capsules (Dr Reddy's Laboratories (UK) Ltd) (AMP)
290011000001107,Topamax 25mg tablets (Janssen-Cilag Ltd) (AMP)
29052311000001102,Epilim 200mg/5ml syrup (Waymade Healthcare Plc) (AMP)
291011000001103,Rivotril 2mg tablets (Roche Products Ltd) (AMP)
292411000001102,Sodium valproate 200mg gastro-resistant tablets (Zentiva Pharma UK Ltd) (AMP)
2925811000001101,Lamictal 25mg tablets (GlaxoSmithKline UK Ltd) (AMP)
2927711000001103,Lamictal 50mg tablets (GlaxoSmithKline UK Ltd) (AMP)
2928811000001105,Lamictal 100mg tablets (GlaxoSmithKline UK Ltd) (AMP)
296811000001104,Epimaz 200mg tablets (Teva UK Ltd) (AMP)
29778811000001108,Carbamazepine 100mg/5ml oral suspension sugar free (Sigma Pharmaceuticals Plc) (AMP)
29789511000001107,Clobazam 10mg tablets (Sigma Pharmaceuticals Plc) (AMP)
29790511000001100,Clonazepam 500micrograms/5ml oral solution sugar free (Sigma Pharmaceuticals Plc) (AMP)
29790711000001105,Clonazepam 2mg/5ml oral solution sugar free (Sigma Pharmaceuticals Plc) (AMP)
29790911000001107,Clonazepam 500microgram tablets (Sigma Pharmaceuticals Plc) (AMP)
29794011000001101,Perizam 1mg/ml oral suspension (Rosemont Pharmaceuticals Ltd) (AMP)
29794211000001106,Perizam 2mg/ml oral suspension (Rosemont Pharmaceuticals Ltd) (AMP)
29868211000001104,Gabapentin 50mg/ml oral solution sugar free (Sigma Pharmaceuticals Plc) (AMP)
29885511000001106,Levetiracetam 1g tablets (Sigma Pharmaceuticals Plc) (AMP)
29885711000001101,Levetiracetam 100mg/ml oral solution sugar free (Sigma Pharmaceuticals Plc) (AMP)
29885911000001104,Levetiracetam 250mg tablets (Sigma Pharmaceuticals Plc) (AMP)
29886111000001108,Levetiracetam 500mg tablets (Sigma Pharmaceuticals Plc) (AMP)
29886311000001105,Levetiracetam 750mg tablets (Sigma Pharmaceuticals Plc) (AMP)
29888211000001101,Gabapentin 100mg capsules (Wockhardt UK Ltd) (AMP)
29888411000001102,Gabapentin 300mg capsules (Wockhardt UK Ltd) (AMP)
29888611000001104,Gabapentin 400mg capsules (Wockhardt UK Ltd) (AMP)
29915911000001107,Pregabalin 20mg/ml oral solution sugar free (Colorama Pharmaceuticals Ltd) (AMP)
29933411000001108,Clobazam 5mg/5ml oral suspension sugar free (A A H Pharmaceuticals Ltd) (AMP)
29933611000001106,Clobazam 10mg/5ml oral suspension sugar free (A A H Pharmaceuticals Ltd) (AMP)
29935311000001100,Pregabalin 75mg capsules (Teva UK Ltd) (AMP)
29935711000001101,Sodium valproate 400mg powder and solvent for solution for injection vials (A A H Pharmaceuticals Ltd) (AMP)
29936111000001108,Pregabalin 50mg capsules (Teva UK Ltd) (AMP)
29936311000001105,Pregabalin 100mg capsules (Teva UK Ltd) (AMP)
29936811000001101,Pregabalin 150mg capsules (Teva UK Ltd) (AMP)
29937611000001103,Pregabalin 200mg capsules (Teva UK Ltd) (AMP)
29937911000001109,Pregabalin 225mg capsules (Teva UK Ltd) (AMP)
29938111000001107,Pregabalin 300mg capsules (Teva UK Ltd) (AMP)
29938311000001109,Pregabalin 25mg capsules (Teva UK Ltd) (AMP)
29984311000001109,Phenobarbital 15mg tablets (Sigma Pharmaceuticals Plc) (AMP)
29984511000001103,Phenobarbital 30mg tablets (Sigma Pharmaceuticals Plc) (AMP)
29984711000001108,Phenobarbital 60mg tablets (Sigma Pharmaceuticals Plc) (AMP)
29984911000001105,Phenytoin sodium 100mg capsules (Sigma Pharmaceuticals Plc) (AMP)
30007311000001106,Carbamazepine 100mg tablets (Mawdsley-Brooks & Company Ltd) (AMP)
30007811000001102,Carbamazepine 200mg tablets (Mawdsley-Brooks & Company Ltd) (AMP)
30028711000001102,Carbamazepine 200mg modified-release tablets (DE Pharmaceuticals) (AMP)
30028911000001100,Carbamazepine 400mg modified-release tablets (DE Pharmaceuticals) (AMP)
30042411000001109,Clobazam 10mg tablets (DE Pharmaceuticals) (AMP)
30060211000001101,Lamotrigine 5mg dispersible tablets sugar free (DE Pharmaceuticals) (AMP)
30060411000001102,Lamotrigine 25mg dispersible tablets sugar free (DE Pharmaceuticals) (AMP)
30060611000001104,Lamotrigine 100mg dispersible tablets sugar free (DE Pharmaceuticals) (AMP)
30069911000001104,Oxcarbazepine 150mg tablets (DE Pharmaceuticals) (AMP)
30070111000001104,Oxcarbazepine 300mg tablets (DE Pharmaceuticals) (AMP)
30070311000001102,Oxcarbazepine 600mg tablets (DE Pharmaceuticals) (AMP)
30076311000001104,Phenobarbital 15mg tablets (DE Pharmaceuticals) (AMP)
30076511000001105,Phenobarbital 30mg tablets (DE Pharmaceuticals) (AMP)
30076711000001100,Phenobarbital 60mg tablets (DE Pharmaceuticals) (AMP)
30101411000001101,Topiramate 15mg capsules (DE Pharmaceuticals) (AMP)
30101611000001103,Topiramate 25mg capsules (DE Pharmaceuticals) (AMP)
30101811000001104,Pregabalin 20mg/ml oral solution sugar free (Teva UK Ltd) (AMP)
30102011000001102,Topiramate 50mg capsules (DE Pharmaceuticals) (AMP)
30102411000001106,Topiramate 25mg tablets (DE Pharmaceuticals) (AMP)
30102611000001109,Topiramate 50mg tablets (DE Pharmaceuticals) (AMP)
30102811000001108,Topiramate 100mg tablets (DE Pharmaceuticals) (AMP)
30103611000001104,Topiramate 200mg tablets (DE Pharmaceuticals) (AMP)
30115211000001104,Pregabalin 25mg capsules (DE Pharmaceuticals) (AMP)
30115511000001101,Pregabalin 50mg capsules (DE Pharmaceuticals) (AMP)
30115811000001103,Pregabalin 75mg capsules (DE Pharmaceuticals) (AMP)
30116211000001105,Pregabalin 100mg capsules (DE Pharmaceuticals) (AMP)
30116411000001109,Pregabalin 150mg capsules (DE Pharmaceuticals) (AMP)
30116611000001107,Pregabalin 200mg capsules (DE Pharmaceuticals) (AMP)
30116811000001106,Pregabalin 225mg capsules (DE Pharmaceuticals) (AMP)
30117011000001102,Pregabalin 300mg capsules (DE Pharmaceuticals) (AMP)
30129411000001108,Pregabalin 20mg/ml oral solution sugar free (A A H Pharmaceuticals Ltd) (AMP)
30134111000001102,Gabapentin 800mg tablets (Mawdsley-Brooks & Company Ltd) (AMP)
30207711000001101,Phenytoin sodium 300mg capsules (Waymade Healthcare Plc) (AMP)
30208011000001102,Epanutin 50mg capsules (Waymade Healthcare Plc) (AMP)
30217511000001108,Lamotrigine 5mg dispersible tablets sugar free (Mawdsley-Brooks & Company Ltd) (AMP)
30217811000001106,Lamotrigine 25mg dispersible tablets sugar free (Mawdsley-Brooks & Company Ltd) (AMP)
30218011000001104,Lamotrigine 100mg dispersible tablets sugar free (Mawdsley-Brooks & Company Ltd) (AMP)
30218211000001109,Lamotrigine 25mg tablets (Mawdsley-Brooks & Company Ltd) (AMP)
30219611000001102,Levetiracetam 100mg/ml oral solution sugar free (Mawdsley-Brooks & Company Ltd) (AMP)
30219811000001103,Levetiracetam 250mg tablets (Mawdsley-Brooks & Company Ltd) (AMP)
30224011000001103,Pregabalin 25mg capsules (Sandoz Ltd) (AMP)
30224311000001100,Pregabalin 300mg capsules (Sandoz Ltd) (AMP)
30224511000001106,Pregabalin 50mg capsules (Sandoz Ltd) (AMP)
30224711000001101,Pregabalin 225mg capsules (Sandoz Ltd) (AMP)
30224911000001104,Pregabalin 75mg capsules (Sandoz Ltd) (AMP)
30225111000001103,Pregabalin 200mg capsules (Sandoz Ltd) (AMP)
30225311000001101,Pregabalin 100mg capsules (Sandoz Ltd) (AMP)
30225511000001107,Pregabalin 150mg capsules (Sandoz Ltd) (AMP)
30272011000001105,Inovelon 200mg tablets (Waymade Healthcare Plc) (AMP)
30280311000001100,Clobazam 10mg tablets (Waymade Healthcare Plc) (AMP)
302911000001103,Neurontin 400mg capsules (Viatris UK Healthcare Ltd) (AMP)
304111000001109,Phenobarbital 60mg tablets (Teva UK Ltd) (AMP)
30764211000001106,Phenytoin sodium 100mg tablets (Almus Pharmaceuticals Ltd) (AMP)
30767711000001106,Levetiracetam 100mg/ml oral solution sugar free (Creo Pharma Ltd) (AMP)
30782011000001109,Pregabalin 150mg capsules (Zentiva Pharma UK Ltd) (AMP)
30782211000001104,Pregabalin 200mg capsules (Zentiva Pharma UK Ltd) (AMP)
30782411000001100,Pregabalin 225mg capsules (Zentiva Pharma UK Ltd) (AMP)
30782611000001102,Pregabalin 300mg capsules (Zentiva Pharma UK Ltd) (AMP)
30782811000001103,Pregabalin 50mg capsules (Zentiva Pharma UK Ltd) (AMP)
30783011000001100,Pregabalin 75mg capsules (Zentiva Pharma UK Ltd) (AMP)
30783211000001105,Pregabalin 100mg capsules (Zentiva Pharma UK Ltd) (AMP)
30783411000001109,Pregabalin 25mg capsules (Zentiva Pharma UK Ltd) (AMP)
30786811000001102,Pregabalin 25mg capsules (Accord-UK Ltd) (AMP)
30787011000001106,Pregabalin 50mg capsules (Accord-UK Ltd) (AMP)
30787311000001109,Pregabalin 75mg capsules (Accord-UK Ltd) (AMP)
30787511000001103,Pregabalin 100mg capsules (Accord-UK Ltd) (AMP)
30787711000001108,Pregabalin 150mg capsules (Accord-UK Ltd) (AMP)
30787911000001105,Pregabalin 200mg capsules (Accord-UK Ltd) (AMP)
30788111000001108,Pregabalin 225mg capsules (Accord-UK Ltd) (AMP)
30788311000001105,Pregabalin 300mg capsules (Accord-UK Ltd) (AMP)
30788411000001103,Levetiracetam 100mg/ml oral solution sugar free (Syri Ltd) (AMP)
30811000001102,Phenobarbital 30mg tablets (Teva UK Ltd) (AMP)
30843211000001103,Oxcarbazepine 150mg tablets (Mawdsley-Brooks & Company Ltd) (AMP)
30843411000001104,Oxcarbazepine 300mg tablets (Mawdsley-Brooks & Company Ltd) (AMP)
30843611000001101,Oxcarbazepine 600mg tablets (Mawdsley-Brooks & Company Ltd) (AMP)
30845411000001100,Phenytoin sodium 100mg capsules (DE Pharmaceuticals) (AMP)
30845611000001102,Phenytoin sodium 100mg tablets (DE Pharmaceuticals) (AMP)
30854111000001109,Primidone 50mg tablets (Teva UK Ltd) (AMP)
30854311000001106,Primidone 250mg tablets (Teva UK Ltd) (AMP)
30915811000001100,Sodium valproate 200mg gastro-resistant tablets (Mawdsley-Brooks & Company Ltd) (AMP)
30921411000001109,Zonisamide 25mg capsules (Teva UK Ltd) (AMP)
30921611000001107,Zonisamide 50mg capsules (Teva UK Ltd) (AMP)
30922211000001103,Zonisamide 100mg capsules (Teva UK Ltd) (AMP)
30923411000001108,Topiramate 50mg capsules (Mawdsley-Brooks & Company Ltd) (AMP)
30923611000001106,Topiramate 50mg tablets (Mawdsley-Brooks & Company Ltd) (AMP)
30923811000001105,Topiramate 100mg tablets (Mawdsley-Brooks & Company Ltd) (AMP)
30924011000001102,Topiramate 200mg tablets (Mawdsley-Brooks & Company Ltd) (AMP)
30951511000001107,Sodium valproate 200mg modified-release tablets (DE Pharmaceuticals) (AMP)
30986311000001101,Zonisamide 25mg capsules (Alliance Healthcare (Distribution) Ltd) (AMP)
30986511000001107,Zonisamide 50mg capsules (Alliance Healthcare (Distribution) Ltd) (AMP)
30986711000001102,Zonisamide 100mg capsules (Alliance Healthcare (Distribution) Ltd) (AMP)
30988911000001101,Zonisamide 25mg capsules (A A H Pharmaceuticals Ltd) (AMP)
30989111000001106,Zonisamide 50mg capsules (A A H Pharmaceuticals Ltd) (AMP)
30989311000001108,Zonisamide 100mg capsules (A A H Pharmaceuticals Ltd) (AMP)
31068111000001102,Pregabalin 20mg/ml oral solution sugar free (Alliance Healthcare (Distribution) Ltd) (AMP)
3145211000001105,Lamictal 200mg tablets (GlaxoSmithKline UK Ltd) (AMP)
3145811000001106,Lamictal 5mg dispersible tablets (GlaxoSmithKline UK Ltd) (AMP)
3146411000001100,Lamictal 25mg dispersible tablets (GlaxoSmithKline UK Ltd) (AMP)
3147211000001102,Lamictal 100mg dispersible tablets (GlaxoSmithKline UK Ltd) (AMP)
31499611000001107,Briviact 10mg tablets (UCB Pharma Ltd) (AMP)
31500511000001109,Briviact 25mg tablets (UCB Pharma Ltd) (AMP)
31501311000001108,Briviact 50mg tablets (UCB Pharma Ltd) (AMP)
31502211000001107,Briviact 75mg tablets (UCB Pharma Ltd) (AMP)
31502611000001109,Briviact 100mg tablets (UCB Pharma Ltd) (AMP)
31505811000001101,Briviact 50mg/5ml solution for injection vials (UCB Pharma Ltd) (AMP)
31507311000001102,Briviact 10mg/ml oral solution (UCB Pharma Ltd) (AMP)
31511111000001108,Sodium valproate 300mg modified-release capsules (J M McGill Ltd) (AMP)
31533711000001103,Brivaracetam 100mg tablets (VMP)
31533811000001106,Brivaracetam 10mg tablets (VMP)
31534011000001103,Brivaracetam 25mg tablets (VMP)
31534111000001102,Brivaracetam 50mg tablets (VMP)
31534211000001108,Brivaracetam 50mg/5ml oral solution sugar free (VMP)
31534411000001107,Brivaracetam 50mg/5ml solution for injection vials (VMP)
31534511000001106,Brivaracetam 75mg tablets (VMP)
3160011000001104,Tegretol 100mg Chewtabs (Novartis Pharmaceuticals UK Ltd) (AMP)
3160911000001100,Tegretol 200mg Chewtabs (Novartis Pharmaceuticals UK Ltd) (AMP)
31898611000001108,Pregabalin 25mg capsules (Alliance Healthcare (Distribution) Ltd) (AMP)
31899611000001104,Pregabalin 50mg capsules (Alliance Healthcare (Distribution) Ltd) (AMP)
31901111000001103,Pregabalin 75mg capsules (Alliance Healthcare (Distribution) Ltd) (AMP)
31901711000001102,Pregabalin 100mg capsules (Alliance Healthcare (Distribution) Ltd) (AMP)
31902411000001103,Pregabalin 150mg capsules (Alliance Healthcare (Distribution) Ltd) (AMP)
31902911000001106,Pregabalin 200mg capsules (Alliance Healthcare (Distribution) Ltd) (AMP)
31903611000001105,Pregabalin 225mg capsules (Alliance Healthcare (Distribution) Ltd) (AMP)
31904411000001105,Pregabalin 300mg capsules (Alliance Healthcare (Distribution) Ltd) (AMP)
31953611000001101,Clobazam 5mg/5ml oral suspension sugar free (Syri Ltd) (AMP)
31954311000001108,Clobazam 10mg/5ml oral suspension sugar free (Syri Ltd) (AMP)
31995011000001104,Pregabalin 20mg/ml oral solution sugar free (Ennogen Healthcare Ltd) (AMP)
32164111000001102,Pregabalin 25mg capsules (Wockhardt UK Ltd) (AMP)
32164811000001109,Pregabalin 50mg capsules (Wockhardt UK Ltd) (AMP)
32165111000001103,Pregabalin 100mg capsules (Wockhardt UK Ltd) (AMP)
32165511000001107,Pregabalin 200mg capsules (Wockhardt UK Ltd) (AMP)
32165811000001105,Pregabalin 300mg capsules (Wockhardt UK Ltd) (AMP)
32167211000001101,Levetiracetam 500mg/5ml concentrate for solution for infusion vials (Wockhardt UK Ltd) (AMP)
32323211000001105,Pregabalin 75mg capsules (Wockhardt UK Ltd) (AMP)
32323411000001109,Pregabalin 150mg capsules (Wockhardt UK Ltd) (AMP)
32323711000001103,Pregabalin 225mg capsules (Wockhardt UK Ltd) (AMP)
32361411000001100,Sodium valproate 100mg modified-release granules sachets sugar free (Ennogen Healthcare Ltd) (AMP)
32361611000001102,Sodium valproate 1g modified-release granules sachets sugar free (Ennogen Healthcare Ltd) (AMP)
32361811000001103,Sodium valproate 250mg modified-release granules sachets sugar free (Ennogen Healthcare Ltd) (AMP)
32362011000001101,Sodium valproate 500mg modified-release granules sachets sugar free (Ennogen Healthcare Ltd) (AMP)
32362211000001106,Sodium valproate 750mg modified-release granules sachets sugar free (Ennogen Healthcare Ltd) (AMP)
32397611000001108,Clobazam 10mg tablets (Kent Pharma (UK) Ltd) (AMP)
32398011000001100,Clonazepam 500microgram tablets (Kent Pharma (UK) Ltd) (AMP)
32398211000001105,Clonazepam 2mg tablets (Kent Pharma (UK) Ltd) (AMP)
32415111000001103,Levetiracetam 250mg tablets (Kent Pharma (UK) Ltd) (AMP)
32415311000001101,Levetiracetam 500mg tablets (Kent Pharma (UK) Ltd) (AMP)
32415511000001107,Levetiracetam 750mg tablets (Kent Pharma (UK) Ltd) (AMP)
32415711000001102,Levetiracetam 1g tablets (Kent Pharma (UK) Ltd) (AMP)
32443211000001104,Pregabalin 25mg capsules (Kent Pharma (UK) Ltd) (AMP)
32444011000001106,Pregabalin 50mg capsules (Kent Pharma (UK) Ltd) (AMP)
32444211000001101,Pregabalin 75mg capsules (Kent Pharma (UK) Ltd) (AMP)
32444411000001102,Pregabalin 100mg capsules (Kent Pharma (UK) Ltd) (AMP)
32446111000001100,Pregabalin 150mg capsules (Kent Pharma (UK) Ltd) (AMP)
32446711000001104,Pregabalin 200mg capsules (Kent Pharma (UK) Ltd) (AMP)
32446911000001102,Pregabalin 225mg capsules (Kent Pharma (UK) Ltd) (AMP)
32448411000001106,Topiramate 100mg tablets (Kent Pharma (UK) Ltd) (AMP)
32448711000001100,Topiramate 200mg tablets (Kent Pharma (UK) Ltd) (AMP)
32450011000001102,Pregabalin 300mg capsules (Kent Pharma (UK) Ltd) (AMP)
32489811000001106,Gabapentin 100mg capsules (Brown & Burk UK Ltd) (AMP)
32490011000001109,Gabapentin 300mg capsules (Brown & Burk UK Ltd) (AMP)
32490211000001104,Gabapentin 400mg capsules (Brown & Burk UK Ltd) (AMP)
32490511000001101,Gabapentin 600mg tablets (Brown & Burk UK Ltd) (AMP)
32490711000001106,Gabapentin 800mg tablets (Brown & Burk UK Ltd) (AMP)
32498111000001107,Phenobarbital 15mg tablets (Accord-UK Ltd) (AMP)
32623011000001109,Topiramate 62.5mg/5ml oral suspension (Special Order) (AMP)
32636411000001107,Rivotril 1mg/1ml concentrate for solution for injection ampoules and diluent (Imported (France)) (AMP)
32638611000001106,Topiramate 62.5mg/5ml oral suspension (VMP)
32711911000001108,Levetiracetam 500mg/5ml concentrate for solution for infusion vials (Pfizer Ltd) (AMP)
32723911000001100,Gabapentin 6% cream (Special Order) (AMP)
32749011000001103,Gabapentin 6% cream (VMP)
32770711000001107,Pregabalin 20mg/ml oral solution sugar free (DE Pharmaceuticals) (AMP)
32773711000001103,Zonisamide 25mg capsules (Flynn Pharma Ltd) (AMP)
32773911000001101,Zonisamide 50mg capsules (Flynn Pharma Ltd) (AMP)
32774111000001102,Zonisamide 100mg capsules (Flynn Pharma Ltd) (AMP)
32787711000001104,Zonisamide 25mg capsules (Dr Reddy's Laboratories (UK) Ltd) (AMP)
32787911000001102,Zonisamide 50mg capsules (Dr Reddy's Laboratories (UK) Ltd) (AMP)
32788111000001104,Zonisamide 100mg capsules (Dr Reddy's Laboratories (UK) Ltd) (AMP)
32845211000001108,Topiramate 25mg/5ml oral solution (Special Order) (AMP)
32857111000001108,Topiramate 8mg/5ml oral suspension (Special Order) (AMP)
32862811000001109,Lamotrigine 70mg/5ml oral suspension (Special Order) (AMP)
32863111000001108,Lamotrigine 10mg/5ml oral suspension (Special Order) (AMP)
32867211000001106,Pregabalin 50mg/5ml oral suspension (Special Order) (AMP)
32877611000001102,Lamotrigine 10mg/5ml oral suspension (VMP)
32877711000001106,Lamotrigine 70mg/5ml oral suspension (VMP)
32879411000001109,Pregabalin 50mg/5ml oral suspension (VMP)
32880411000001109,Topiramate 25mg/5ml oral solution (VMP)
32880511000001108,Topiramate 8mg/5ml oral suspension (VMP)
332111000001105,Carbamazepine 100mg tablets (Teva UK Ltd) (AMP)
33431811000001105,Zonisamide 100mg capsules (Zentiva Pharma UK Ltd) (AMP)
33493711000001109,Ethosuximide 250mg/5ml syrup (Essential Pharma Ltd) (AMP)
33607411000001109,Pregabalin 300mg capsules (Viatris UK Healthcare Ltd) (AMP)
33607611000001107,Pregabalin 225mg capsules (Viatris UK Healthcare Ltd) (AMP)
33607811000001106,Pregabalin 200mg capsules (Viatris UK Healthcare Ltd) (AMP)
33608011000001104,Pregabalin 150mg capsules (Viatris UK Healthcare Ltd) (AMP)
33608211000001109,Pregabalin 100mg capsules (Viatris UK Healthcare Ltd) (AMP)
33608411000001108,Pregabalin 75mg capsules (Viatris UK Healthcare Ltd) (AMP)
33608611000001106,Pregabalin 50mg capsules (Viatris UK Healthcare Ltd) (AMP)
33608811000001105,Pregabalin 25mg capsules (Viatris UK Healthcare Ltd) (AMP)
33676811000001100,Carbamazepine 125mg suppositories (Essential Pharma Ltd) (AMP)
33677011000001109,Carbamazepine 250mg suppositories (Essential Pharma Ltd) (AMP)
33709111000001104,Axalid 25mg capsules (Kent Pharma (UK) Ltd) (AMP)
33709711000001103,Axalid 50mg capsules (Kent Pharma (UK) Ltd) (AMP)
33710311000001109,Axalid 75mg capsules (Kent Pharma (UK) Ltd) (AMP)
33710511000001103,Axalid 100mg capsules (Kent Pharma (UK) Ltd) (AMP)
33712111000001106,Axalid 150mg capsules (Kent Pharma (UK) Ltd) (AMP)
33712511000001102,Axalid 200mg capsules (Kent Pharma (UK) Ltd) (AMP)
33715511000001108,Axalid 225mg capsules (Kent Pharma (UK) Ltd) (AMP)
33715911000001101,Axalid 300mg capsules (Kent Pharma (UK) Ltd) (AMP)
33732111000001104,Carbamazepine 125mg suppositories (Alliance Healthcare (Distribution) Ltd) (AMP)
33732311000001102,Carbamazepine 250mg suppositories (Alliance Healthcare (Distribution) Ltd) (AMP)
33746511000001105,Zonisamide 100mg capsules (Healthcare Pharma Ltd) (AMP)
34176711000001105,Zonisamide 25mg capsules (Accord-UK Ltd) (AMP)
34176911000001107,Zonisamide 50mg capsules (Accord-UK Ltd) (AMP)
34177111000001107,Zonisamide 100mg capsules (Accord-UK Ltd) (AMP)
34187611000001108,Carbamazepine 125mg suppositories (A A H Pharmaceuticals Ltd) (AMP)
34195511000001104,Ethosuximide 250mg/5ml syrup (Alliance Healthcare (Distribution) Ltd) (AMP)
34211000001106,Carbamazepine 200mg tablets (Teva UK Ltd) (AMP)
34241211000001105,Zonisamide 50mg capsules (Zentiva Pharma UK Ltd) (AMP)
34246711000001109,Zacco 5mg/5ml oral suspension (Syri Ltd) (AMP)
34247011000001105,Zacco 10mg/5ml oral suspension (Syri Ltd) (AMP)
34274311000001103,Gabapentin 50mg/ml oral solution sugar free (Colonis Pharma Ltd) (AMP)
34275211000001107,Zonisamide 25mg capsules (Endo Ventures Ltd) (AMP)
34275411000001106,Zonisamide 50mg capsules (Endo Ventures Ltd) (AMP)
34275611000001109,Zonisamide 100mg capsules (Endo Ventures Ltd) (AMP)
34327611000001105,Ethosuximide 250mg/5ml syrup (A A H Pharmaceuticals Ltd) (AMP)
34354311000001105,Perampanel 4mg/5ml oral suspension (Special Order) (AMP)
34378611000001108,Perampanel 4mg/5ml oral suspension (VMP)
34462211000001109,Gabapentin 50mg/ml oral solution sugar free (Accord-UK Ltd) (AMP)
34574311000001105,Carbamazepine 100mg/5ml oral suspension sugar free (Alliance Healthcare (Distribution) Ltd) (AMP)
34581711000001102,Zebinix 200mg tablets (BIAL Pharma UK Ltd) (AMP)
34585511000001105,Levetiracetam 500mg/5ml concentrate for solution for infusion vials (Milpharm Ltd) (AMP)
34606011000001101,Carbamazepine 50mg/5ml oral solution (Special Order) (AMP)
34606411000001105,Carbamazepine 50mg/5ml oral solution (VMP)
34606611000001108,Eslicarbazepine 200mg tablets (VMP)
34673511000001109,Zonisamide 25mg capsules (Aristo Pharma Ltd) (AMP)
34673911000001102,Zonisamide 50mg capsules (Aristo Pharma Ltd) (AMP)
34674111000001103,Zonisamide 100mg capsules (Aristo Pharma Ltd) (AMP)
34677911000001106,Pregabalin 300mg/5ml oral suspension (Special Order) (AMP)
34680811000001109,Zonisamide 50mg capsules (Healthcare Pharma Ltd) (AMP)
34683911000001107,Pregabalin 300mg/5ml oral suspension (VMP)
34717211000001100,Pregabalin 20mg/ml oral solution sugar free (Advanz Pharma) (AMP)
34754411000001104,Levetiracetam 500mg/5ml concentrate for solution for infusion vials (Bowmed Ibisqus Ltd) (AMP)
34759711000001106,Carbamazepine 100mg/5ml oral suspension sugar free (Sun Pharma UK Ltd) (AMP)
34886611000001100,Clonazepam 500micrograms/5ml oral solution sugar free (Syri Ltd) (AMP)
34886811000001101,Clonazepam 2mg/5ml oral solution sugar free (Syri Ltd) (AMP)
34933211000001109,Gabapentin 400mg capsules (Accord-UK Ltd) (AMP)
34933411000001108,Gabapentin 300mg capsules (Accord-UK Ltd) (AMP)
34933611000001106,Gabapentin 100mg capsules (Accord-UK Ltd) (AMP)
35022611000001101,Cannabidiol 200mg/ml oral solution (VMP)
35022711000001105,Cannabidiol 200mg/ml oral solution (Special Order) (AMP)
35084611000001102,Pregabalin 20mg/ml oral solution sugar free (Aspire Pharma Ltd) (AMP)
35086411000001108,Topiramate 200mg tablets (Glenmark Pharmaceuticals Europe Ltd) (AMP)
35162211000001102,Gabapentin 100mg capsules (Milpharm Ltd) (AMP)
35162411000001103,Gabapentin 300mg capsules (Milpharm Ltd) (AMP)
35162611000001100,Gabapentin 400mg capsules (Milpharm Ltd) (AMP)
35163411000001107,Lamotrigine 25mg tablets (Milpharm Ltd) (AMP)
35163611000001105,Lamotrigine 50mg tablets (Milpharm Ltd) (AMP)
35163811000001109,Lamotrigine 100mg tablets (Milpharm Ltd) (AMP)
35164011000001101,Lamotrigine 200mg tablets (Milpharm Ltd) (AMP)
35164211000001106,Levetiracetam 250mg tablets (Milpharm Ltd) (AMP)
35164411000001105,Levetiracetam 500mg tablets (Milpharm Ltd) (AMP)
35164611000001108,Levetiracetam 750mg tablets (Milpharm Ltd) (AMP)
35164811000001107,Levetiracetam 1g tablets (Milpharm Ltd) (AMP)
35176411000001108,Pregabalin 25mg capsules (Milpharm Ltd) (AMP)
35176711000001102,Pregabalin 50mg capsules (Milpharm Ltd) (AMP)
35177111000001100,Pregabalin 75mg capsules (Milpharm Ltd) (AMP)
35177311000001103,Pregabalin 100mg capsules (Milpharm Ltd) (AMP)
35177711000001104,Pregabalin 150mg capsules (Milpharm Ltd) (AMP)
35178011000001100,Pregabalin 200mg capsules (Milpharm Ltd) (AMP)
35178311000001102,Pregabalin 225mg capsules (Milpharm Ltd) (AMP)
35178511000001108,Pregabalin 300mg capsules (Milpharm Ltd) (AMP)
35186611000001101,Topiramate 25mg tablets (Milpharm Ltd) (AMP)
35186811000001102,Topiramate 50mg tablets (Milpharm Ltd) (AMP)
35187011000001106,Topiramate 100mg tablets (Milpharm Ltd) (AMP)
35187211000001101,Topiramate 200mg tablets (Milpharm Ltd) (AMP)
35191811000001108,Gabapentin 10% gel (VMP)
35191911000001103,Gabapentin 10% gel (Special Order) (AMP)
35241511000001104,Levetiracetam 100mg/ml oral solution sugar free (Accord-UK Ltd) (AMP)
352911000001109,Epimaz Retard 200mg tablets (IVAX Pharmaceuticals UK Ltd) (AMP)
35323511000001106,Pregabalin 20mg/ml oral solution sugar free (Accord-UK Ltd) (AMP)
35533511000001107,Genlev 100mg/ml oral solution (Genesis Pharmaceuticals Ltd) (AMP)
35549311000001102,Perampanel 6mg/5ml oral suspension (Special Order) (AMP)
35550311000001108,Gabapentin 50mg/ml oral solution sugar free (Teva UK Ltd) (AMP)
35575411000001105,Perampanel 6mg/5ml oral suspension (VMP)
35596611000001107,Depakin 200mg/ml oral solution (Imported (Italy)) (AMP)
35599811000001100,Sodium valproate 200mg/ml oral solution (VMP)
35711000001100,Carbamazepine 400mg tablets (Viatris UK Healthcare Ltd) (AMP)
35721411000001107,Gabapentin 100mg capsules (Tillomed Laboratories Ltd) (AMP)
35721611000001105,Gabapentin 300mg capsules (Tillomed Laboratories Ltd) (AMP)
35721811000001109,Gabapentin 400mg capsules (Tillomed Laboratories Ltd) (AMP)
35722411000001102,Pregabalin 25mg capsules (Tillomed Laboratories Ltd) (AMP)
35722811000001100,Pregabalin 50mg capsules (Tillomed Laboratories Ltd) (AMP)
35723111000001101,Pregabalin 75mg capsules (Tillomed Laboratories Ltd) (AMP)
35723411000001106,Pregabalin 100mg capsules (Tillomed Laboratories Ltd) (AMP)
35723611000001109,Pregabalin 150mg capsules (Tillomed Laboratories Ltd) (AMP)
35723811000001108,Pregabalin 200mg capsules (Tillomed Laboratories Ltd) (AMP)
35724011000001100,Pregabalin 225mg capsules (Tillomed Laboratories Ltd) (AMP)
35724211000001105,Pregabalin 300mg capsules (Tillomed Laboratories Ltd) (AMP)
35826811000001102,Clonazepam 500micrograms/5ml oral solution sugar free (Accord-UK Ltd) (AMP)
35827011000001106,Clonazepam 2mg/5ml oral solution sugar free (Accord-UK Ltd) (AMP)
35831611000001106,Phenytoin sodium 250mg/5ml solution for injection ampoules (Hikma Pharmaceuticals International Ltd) (AMP)
35832511000001104,Levetiracetam 500mg/5ml concentrate for solution for infusion vials (Hikma Pharmaceuticals International Ltd) (AMP)
35838111000001106,Pregabalin 20mg/ml oral solution sugar free (Wockhardt UK Ltd) (AMP)
35890411000001106,Ethosuximide 250mg/5ml oral solution sugar free (Aristo Pharma Ltd) (AMP)
358911000001107,Phenobarbital 200mg/1ml solution for injection ampoules (Martindale Pharmaceuticals Ltd) (AMP)
35919911000001103,Topiramate 15mg capsules (VMP)
35920011000001101,Topiramate 25mg capsules (VMP)
35920111000001100,Topiramate 50mg capsules (VMP)
35928211000001109,Sodium valproate 200mg/5ml oral solution (VMP)
35928311000001101,Sodium valproate 200mg/5ml oral solution sugar free (VMP)
35928511000001107,Sodium valproate 400mg powder and solvent for solution for injection vials (VMP)
35939111000001107,Phenobarbital 15mg/1ml solution for injection ampoules (VMP)
35939211000001101,Phenobarbital 200mg/1ml solution for injection ampoules (VMP)
35939311000001109,Phenobarbital 30mg/1ml solution for injection ampoules (VMP)
35939411000001102,Phenobarbital 60mg/1ml solution for injection ampoules (VMP)
35943611000001102,Topiramate 25mg tablets (Morningside Healthcare Ltd) (AMP)
35949011000001107,Topiramate 50mg tablets (Morningside Healthcare Ltd) (AMP)
35949811000001101,Topiramate 100mg tablets (Morningside Healthcare Ltd) (AMP)
36015611000001102,Phenytoin sodium 250mg/5ml solution for injection ampoules (VMP)
36037711000001108,Lamotrigine 2mg dispersible tablets sugar free (VMP)
36038411000001103,Levetiracetam 500mg/5ml solution for infusion vials (VMP)
36061111000001107,Fosphenytoin 750mg/10ml solution for injection vials (VMP)
36107311000001106,Ethosuximide 250mg/5ml oral solution sugar free (VMP)
36345111000001101,Pregabalin 25mg capsules (Krka UK Ltd) (AMP)
36349011000001100,Pregabalin 50mg capsules (Krka UK Ltd) (AMP)
36350711000001107,Pregabalin 75mg capsules (Krka UK Ltd) (AMP)
36351511000001109,Pregabalin 100mg capsules (Krka UK Ltd) (AMP)
36353011000001100,Pregabalin 150mg capsules (Krka UK Ltd) (AMP)
36354011000001103,Pregabalin 200mg capsules (Krka UK Ltd) (AMP)
36354411000001107,Pregabalin 225mg capsules (Krka UK Ltd) (AMP)
36355411000001108,Pregabalin 300mg capsules (Krka UK Ltd) (AMP)
3637411000001100,Keppra 1g tablets (UCB Pharma Ltd) (AMP)
36408711000001107,Phenytoin sodium (VTM)
364611000001102,Emeside 250mg/5ml syrup (Fontus Health Ltd) (AMP)
36507911000001103,Epidiolex 100mg/ml oral solution (Jazz Pharmaceuticals Operations UK Ltd) (AMP)
36508311000001103,Cannabidiol 100mg/ml oral solution sugar free (VMP)
36510411000001109,Zebinix 50mg/1ml oral suspension (BIAL Pharma UK Ltd) (AMP)
36511211000001104,Eslicarbazepine 50mg/1ml oral suspension sugar free (VMP)
36513911000001109,Zonisamide 100mg capsules (Sovereign Medical Ltd) (AMP)
36514111000001108,Zonisamide 25mg capsules (Sovereign Medical Ltd) (AMP)
36514411000001103,Zonisamide 50mg capsules (Sovereign Medical Ltd) (AMP)
36544911000001100,Kevesy 500mg/100ml infusion bags (Kent Pharma (UK) Ltd) (AMP)
36545211000001105,Kevesy 1g/100ml infusion bags (Kent Pharma (UK) Ltd) (AMP)
36545511000001108,Kevesy 1.5g/100ml infusion bags (Stragen UK Ltd) (AMP)
36561711000001105,Levetiracetam 1.5g/100ml infusion bags (VMP)
36561811000001102,Levetiracetam 1g/100ml infusion bags (VMP)
36561911000001107,Levetiracetam 500mg/100ml infusion bags (VMP)
36566611000001108,Lamotrigine 5mg dispersible tablets sugar free (VMP)
36567411000001107,Topiramate 50mg/5ml oral suspension sugar free (Rosemont Pharmaceuticals Ltd) (AMP)
36567811000001109,Topiramate 100mg/5ml oral suspension sugar free (Rosemont Pharmaceuticals Ltd) (AMP)
36582211000001108,Perampanel 5mg/5ml oral suspension (Special Order) (AMP)
36584311000001107,Sodium valproate 60mg/5ml oral suspension (Special Order) (AMP)
36595911000001106,Perampanel 5mg/5ml oral suspension (VMP)
36596111000001102,Sodium valproate 60mg/5ml oral suspension (VMP)
3672511000001102,Trileptal 300mg tablets (Novartis Pharmaceuticals UK Ltd) (AMP)
36753111000001103,Topiramate 100mg/5ml oral suspension sugar free (VMP)
36753211000001109,Topiramate 50mg/5ml oral suspension sugar free (VMP)
36762911000001102,Briviact 25mg tablets (Abacus Medicine Ltd) (AMP)
36763111000001106,Briviact 50mg tablets (Originalis B.V.) (AMP)
36763311000001108,Briviact 100mg tablets (Originalis B.V.) (AMP)
36776811000001103,Fycompa 0.5mg/ml oral suspension (Eisai Ltd) (AMP)
36778611000001101,Epidiolex 25mg/ml oral solution (Jazz Pharmaceuticals Operations UK Ltd) (AMP)
36784011000001105,Levetiracetam 500mg/5ml concentrate for solution for infusion vials (Esteve Pharmaceuticals Ltd) (AMP)
36786811000001106,Cannabidiol 25mg/ml oral solution sugar free (VMP)
36793911000001106,Pregabalin 20mg/ml oral solution sugar free (Rosemont Pharmaceuticals Ltd) (AMP)
36797711000001104,Levetiracetam 100mg/ml oral solution sugar free (Wockhardt UK Ltd) (AMP)
36802111000001102,Fycompa 2mg tablets (Originalis B.V.) (AMP)
36802311000001100,Fycompa 4mg tablets (Abacus Medicine Ltd) (AMP)
36802511000001106,Fycompa 6mg tablets (Abacus Medicine Ltd) (AMP)
36802711000001101,Fycompa 8mg tablets (Abacus Medicine Ltd) (AMP)
36802911000001104,Fycompa 10mg tablets (Abacus Medicine Ltd) (AMP)
36803111000001108,Fycompa 12mg tablets (Abacus Medicine Ltd) (AMP)
36805711000001105,Keppra 100mg/ml oral solution (Abacus Medicine Ltd) (AMP)
36806011000001104,Keppra 750mg tablets (Abacus Medicine Ltd) (AMP)
36806211000001109,Keppra 500mg tablets (Originalis B.V.) (AMP)
36806411000001108,Keppra 1g tablets (Originalis B.V.) (AMP)
36807511000001109,Oxcarbazepine 600mg tablets (Sandoz Ltd) (AMP)
36807711000001104,Oxcarbazepine 300mg tablets (Sandoz Ltd) (AMP)
36808011000001100,Oxcarbazepine 150mg tablets (Sandoz Ltd) (AMP)
36812911000001101,Lamotrigine 25mg tablets (Torrent Pharma (UK) Ltd) (AMP)
36813311000001107,Lamotrigine 50mg tablets (Torrent Pharma (UK) Ltd) (AMP)
36813411000001100,Lyrica 50mg capsules (Originalis B.V.) (AMP)
36813711000001106,Lyrica 75mg capsules (Originalis B.V.) (AMP)
36813811000001103,Lamotrigine 100mg tablets (Torrent Pharma (UK) Ltd) (AMP)
36814111000001107,Lyrica 100mg capsules (Originalis B.V.) (AMP)
36814211000001101,Lamotrigine 200mg tablets (Torrent Pharma (UK) Ltd) (AMP)
36814511000001103,Lyrica 150mg capsules (Originalis B.V.) (AMP)
36814711000001108,Lyrica 300mg capsules (Originalis B.V.) (AMP)
36824011000001101,Ethosuximide 250mg/5ml oral solution sugar free (A A H Pharmaceuticals Ltd) (AMP)
36830311000001109,Levetiracetam 250mg tablets (Torrent Pharma (UK) Ltd) (AMP)
36832611000001103,Zonisamide 100mg capsules (Torrent Pharma (UK) Ltd) (AMP)
36854511000001108,Levetiracetam 500mg tablets (Torrent Pharma (UK) Ltd) (AMP)
36854811000001106,Levetiracetam 750mg tablets (Torrent Pharma (UK) Ltd) (AMP)
36855011000001101,Levetiracetam 1g tablets (Torrent Pharma (UK) Ltd) (AMP)
36861411000001103,Pregabalin 25mg capsules (Torrent Pharma (UK) Ltd) (AMP)
36862011000001104,Pregabalin 50mg capsules (Torrent Pharma (UK) Ltd) (AMP)
36862311000001101,Pregabalin 75mg capsules (Torrent Pharma (UK) Ltd) (AMP)
36862711000001102,Pregabalin 100mg capsules (Torrent Pharma (UK) Ltd) (AMP)
36863211000001103,Pregabalin 150mg capsules (Torrent Pharma (UK) Ltd) (AMP)
36863511000001100,Pregabalin 200mg capsules (Torrent Pharma (UK) Ltd) (AMP)
36863911000001107,Pregabalin 225mg capsules (Torrent Pharma (UK) Ltd) (AMP)
36865111000001105,Pregabalin 300mg capsules (Torrent Pharma (UK) Ltd) (AMP)
36866411000001109,Ethosuximide 250mg/5ml oral solution sugar free (Accord-UK Ltd) (AMP)
36872911000001107,Zonisamide 25mg capsules (Torrent Pharma (UK) Ltd) (AMP)
36873111000001103,Zonisamide 50mg capsules (Torrent Pharma (UK) Ltd) (AMP)
36875511000001106,Perampanel 2mg/5ml oral suspension (Special Order) (AMP)
36879811000001107,Topiramate 25mg tablets (Torrent Pharma (UK) Ltd) (AMP)
36880211000001106,Topiramate 50mg tablets (Torrent Pharma (UK) Ltd) (AMP)
36880411000001105,Topiramate 100mg tablets (Torrent Pharma (UK) Ltd) (AMP)
36880811000001107,Topiramate 200mg tablets (Torrent Pharma (UK) Ltd) (AMP)
36881311000001108,Sodium valproate 400mg powder and solvent for solution for injection vials (Kent Pharma (UK) Ltd) (AMP)
36888911000001100,Gabapentin 50mg/ml oral solution sugar free (Syri Ltd) (AMP)
36890311000001102,Zonisamide 100mg capsules (Viatris UK Healthcare Ltd) (AMP)
36890511000001108,Zonisamide 25mg capsules (Viatris UK Healthcare Ltd) (AMP)
36890711000001103,Zonisamide 50mg capsules (Viatris UK Healthcare Ltd) (AMP)
36901711000001104,Topamax 100mg tablets (Originalis B.V.) (AMP)
36901911000001102,Topamax 200mg tablets (Abacus Medicine Ltd) (AMP)
36902111000001105,Trileptal 60mg/ml oral suspension (Abacus Medicine Ltd) (AMP)
36902311000001107,Trileptal 300mg tablets (Abacus Medicine Ltd) (AMP)
36905211000001109,Perampanel 2mg/5ml oral suspension (VMP)
36905711000001102,Vimpat 100mg tablets (Abacus Medicine Ltd) (AMP)
36905911000001100,Vimpat 150mg tablets (Abacus Medicine Ltd) (AMP)
36906111000001109,Vimpat 200mg tablets (Abacus Medicine Ltd) (AMP)
36908811000001101,Zebinix 800mg tablets (Originalis B.V.) (AMP)
36915111000001101,Perampanel 500micrograms/ml oral suspension sugar free (VMP)
36918611000001103,Zonegran 100mg capsules (Originalis B.V.) (AMP)
36941411000001102,Topiramate 50mg/5ml oral suspension sugar free (Alliance Healthcare (Distribution) Ltd) (AMP)
36941611000001104,Topiramate 100mg/5ml oral suspension sugar free (Alliance Healthcare (Distribution) Ltd) (AMP)
369911000001109,Carbagen SR 200mg tablets (Viatris UK Healthcare Ltd) (AMP)
37053711000001100,Clonazepam 500microgram tablets (Mawdsley-Brooks & Company Ltd) (AMP)
37054011000001100,Clonazepam 2mg tablets (Mawdsley-Brooks & Company Ltd) (AMP)
37082411000001106,Carbamazepine 200mg modified-release tablets (VMP)
37082511000001105,Carbamazepine 400mg modified-release tablets (VMP)
37086211000001108,Gabapentin 100mg capsules (Mawdsley-Brooks & Company Ltd) (AMP)
37086411000001107,Gabapentin 300mg capsules (Mawdsley-Brooks & Company Ltd) (AMP)
37086711000001101,Gabapentin 400mg capsules (Mawdsley-Brooks & Company Ltd) (AMP)
37087011000001100,Gabapentin 600mg tablets (Mawdsley-Brooks & Company Ltd) (AMP)
37089911000001108,Lamotrigine 200mg tablets (Relonchem Ltd) (AMP)
37090511000001108,Lamotrigine 50mg tablets (Relonchem Ltd) (AMP)
37092211000001106,Lamotrigine 25mg tablets (Relonchem Ltd) (AMP)
37092711000001104,Lamotrigine 100mg tablets (Relonchem Ltd) (AMP)
37093211000001100,Levetiracetam 250mg tablets (Relonchem Ltd) (AMP)
37093411000001101,Levetiracetam 500mg tablets (Relonchem Ltd) (AMP)
37093611000001103,Levetiracetam 750mg tablets (Relonchem Ltd) (AMP)
37093911000001109,Levetiracetam 1g tablets (Relonchem Ltd) (AMP)
37095311000001109,Lamotrigine 50mg tablets (Mawdsley-Brooks & Company Ltd) (AMP)
37095611000001104,Lamotrigine 100mg tablets (Mawdsley-Brooks & Company Ltd) (AMP)
37095911000001105,Lamotrigine 200mg tablets (Mawdsley-Brooks & Company Ltd) (AMP)
3711611000001107,Sabril 500mg granules for oral solution sachets (Sanofi) (AMP)
37126711000001102,Phenobarbital 15mg tablets (Mawdsley-Brooks & Company Ltd) (AMP)
37126911000001100,Phenobarbital 30mg tablets (Mawdsley-Brooks & Company Ltd) (AMP)
37127111000001100,Phenobarbital 60mg tablets (Mawdsley-Brooks & Company Ltd) (AMP)
37127311000001103,Phenytoin sodium 100mg tablets (Mawdsley-Brooks & Company Ltd) (AMP)
37131411000001104,Pregabalin 25mg capsules (Mawdsley-Brooks & Company Ltd) (AMP)
37132111000001104,Pregabalin 50mg capsules (Mawdsley-Brooks & Company Ltd) (AMP)
37132311000001102,Pregabalin 75mg capsules (Mawdsley-Brooks & Company Ltd) (AMP)
37132711000001103,Pregabalin 100mg capsules (Mawdsley-Brooks & Company Ltd) (AMP)
37133111000001105,Pregabalin 150mg capsules (Mawdsley-Brooks & Company Ltd) (AMP)
37133511000001101,Pregabalin 200mg capsules (Mawdsley-Brooks & Company Ltd) (AMP)
37133911000001108,Pregabalin 225mg capsules (Mawdsley-Brooks & Company Ltd) (AMP)
37134311000001109,Pregabalin 300mg capsules (Mawdsley-Brooks & Company Ltd) (AMP)
37134711000001108,Pregabalin 20mg/ml oral solution sugar free (Mawdsley-Brooks & Company Ltd) (AMP)
37135011000001105,Primidone 50mg tablets (Mawdsley-Brooks & Company Ltd) (AMP)
37135211000001100,Primidone 250mg tablets (Mawdsley-Brooks & Company Ltd) (AMP)
37145611000001104,Topiramate 25mg tablets (Mawdsley-Brooks & Company Ltd) (AMP)
37225711000001107,Clobazam 5mg/5ml oral suspension sugar free (DE Pharmaceuticals) (AMP)
37225911000001109,Clobazam 10mg/5ml oral suspension sugar free (DE Pharmaceuticals) (AMP)
37226111000001100,Clonazepam 500micrograms/5ml oral solution sugar free (DE Pharmaceuticals) (AMP)
37226311000001103,Clonazepam 2mg/5ml oral solution sugar free (DE Pharmaceuticals) (AMP)
37226511000001109,Clonazepam 500microgram tablets (DE Pharmaceuticals) (AMP)
37227011000001103,Clonazepam 2mg tablets (DE Pharmaceuticals) (AMP)
37250811000001106,Levetiracetam 250mg tablets (Viatris UK Healthcare Ltd) (AMP)
37251111000001105,Levetiracetam 500mg tablets (Viatris UK Healthcare Ltd) (AMP)
37251911000001108,Levetiracetam 750mg tablets (Viatris UK Healthcare Ltd) (AMP)
37252111000001100,Levetiracetam 1g tablets (Viatris UK Healthcare Ltd) (AMP)
37269511000001109,Sodium valproate 200mg/5ml oral solution sugar free (Mawdsley-Brooks & Company Ltd) (AMP)
37293211000001107,Levetiracetam 500mg/5ml concentrate for solution for infusion vials (JCSH Pharma Ltd) (AMP)
37293811000001108,Pregabalin 300mg capsules (Sciecure Pharma Ltd) (AMP)
37294011000001100,Pregabalin 225mg capsules (Sciecure Pharma Ltd) (AMP)
37294211000001105,Pregabalin 200mg capsules (Sciecure Pharma Ltd) (AMP)
37294411000001109,Pregabalin 150mg capsules (Sciecure Pharma Ltd) (AMP)
37294611000001107,Pregabalin 100mg capsules (Sciecure Pharma Ltd) (AMP)
37294811000001106,Pregabalin 75mg capsules (Sciecure Pharma Ltd) (AMP)
37295011000001101,Pregabalin 50mg capsules (Sciecure Pharma Ltd) (AMP)
37295211000001106,Pregabalin 25mg capsules (Sciecure Pharma Ltd) (AMP)
37322111000001107,Phenytoin 50mg chewable tablets (Special Order) (AMP)
37322611000001104,Dilantin Infatabs 50mg chewable tablets (Imported (Canada)) (AMP)
37323411000001106,Pregabalin 20mg/ml oral solution sugar free (Genus Pharmaceuticals Ltd) (AMP)
37327811000001102,Pregabalin 25mg capsules (Creo Pharma Ltd) (AMP)
37329211000001109,Pregabalin 50mg capsules (Creo Pharma Ltd) (AMP)
37329411000001108,Pregabalin 75mg capsules (Creo Pharma Ltd) (AMP)
37329611000001106,Pregabalin 100mg capsules (Creo Pharma Ltd) (AMP)
37330511000001102,Pregabalin 150mg capsules (Creo Pharma Ltd) (AMP)
37331711000001104,Pregabalin 200mg capsules (Creo Pharma Ltd) (AMP)
37332411000001100,Pregabalin 225mg capsules (Creo Pharma Ltd) (AMP)
37332811000001103,Pregabalin 300mg capsules (Creo Pharma Ltd) (AMP)
37338711000001109,Topiramate 50mg tablets (Ennogen Healthcare International Ltd) (AMP)
37338911000001106,Topiramate 100mg tablets (Ennogen Healthcare International Ltd) (AMP)
37339111000001101,Topiramate 200mg tablets (Ennogen Healthcare International Ltd) (AMP)
37351111000001101,Topamax 15mg sprinkle capsules (CST Pharma Ltd) (AMP)
37351411000001106,Topamax 25mg sprinkle capsules (CST Pharma Ltd) (AMP)
37352411000001101,Topamax 25mg tablets (CST Pharma Ltd) (AMP)
37352811000001104,Topamax 50mg tablets (CST Pharma Ltd) (AMP)
37353211000001106,Topamax 100mg tablets (CST Pharma Ltd) (AMP)
37356711000001106,Epilim Chronosphere MR 500mg granules sachets (CST Pharma Ltd) (AMP)
37356911000001108,Epilim Chronosphere MR 100mg granules sachets (CST Pharma Ltd) (AMP)
37362411000001107,Epilim Chrono 200 tablets (CST Pharma Ltd) (AMP)
37362611000001105,Epilim Chrono 300 tablets (CST Pharma Ltd) (AMP)
37362811000001109,Epilim Chrono 500 tablets (CST Pharma Ltd) (AMP)
37370711000001105,Depakote 250mg gastro-resistant tablets (Mawdsley-Brooks & Company Ltd) (AMP)
37370911000001107,Depakote 500mg gastro-resistant tablets (Mawdsley-Brooks & Company Ltd) (AMP)
37380911000001101,Epilim Chronosphere MR 250mg granules sachets (CST Pharma Ltd) (AMP)
37382411000001105,Topiramate 25mg tablets (Ennogen Healthcare International Ltd) (AMP)
37383211000001100,Topamax 200mg tablets (CST Pharma Ltd) (AMP)
37402611000001101,Depakote 250mg gastro-resistant tablets (CST Pharma Ltd) (AMP)
37408511000001103,Trileptal 60mg/ml oral suspension (CST Pharma Ltd) (AMP)
37411611000001105,Lamictal 5mg dispersible tablets (CST Pharma Ltd) (AMP)
37412511000001103,Epilim Chronosphere MR 100mg granules sachets (Mawdsley-Brooks & Company Ltd) (AMP)
37414411000001109,Lamictal 25mg dispersible tablets (CST Pharma Ltd) (AMP)
37414611000001107,Topamax 50mg sprinkle capsules (CST Pharma Ltd) (AMP)
37431411000001100,Briviact 100mg tablets (CST Pharma Ltd) (AMP)
37431611000001102,Briviact 25mg tablets (CST Pharma Ltd) (AMP)
37431811000001103,Briviact 50mg tablets (CST Pharma Ltd) (AMP)
37438211000001108,Fycompa 2mg tablets (CST Pharma Ltd) (AMP)
37450611000001106,Clonazepam 2mg tablets (Star Pharmaceuticals Ltd) (AMP)
37451611000001101,Clonazepam 500microgram tablets (Star Pharmaceuticals Ltd) (AMP)
37471111000001107,Clobazam 10mg/5ml oral suspension sugar free (Atnahs Pharma UK Ltd) (AMP)
37471711000001108,Clobazam 5mg/5ml oral suspension sugar free (Atnahs Pharma UK Ltd) (AMP)
37480211000001100,Levetiracetam 100mg/ml oral solution sugar free (Crescent Pharma Ltd) (AMP)
37506511000001109,Gabapentin 100mg capsules (Noumed Life Sciences Ltd) (AMP)
37506711000001104,Gabapentin 300mg capsules (Noumed Life Sciences Ltd) (AMP)
37506911000001102,Gabapentin 400mg capsules (Noumed Life Sciences Ltd) (AMP)
37508211000001107,Fycompa 2mg tablets (Mawdsley-Brooks & Company Ltd) (AMP)
37515211000001102,Keppra 250mg tablets (CST Pharma Ltd) (AMP)
37515411000001103,Keppra 500mg tablets (CST Pharma Ltd) (AMP)
37515611000001100,Keppra 750mg tablets (CST Pharma Ltd) (AMP)
37516411000001107,Lyrica 100mg capsules (CST Pharma Ltd) (AMP)
37516711000001101,Lyrica 150mg capsules (CST Pharma Ltd) (AMP)
37516911000001104,Lyrica 200mg capsules (CST Pharma Ltd) (AMP)
37517111000001104,Lyrica 25mg capsules (CST Pharma Ltd) (AMP)
37517511000001108,Lyrica 50mg capsules (CST Pharma Ltd) (AMP)
37517711000001103,Lyrica 75mg capsules (CST Pharma Ltd) (AMP)
37529411000001106,Lamictal 100mg dispersible tablets (Mawdsley-Brooks & Company Ltd) (AMP)
37537311000001107,Vimpat 100mg tablets (CST Pharma Ltd) (AMP)
37537511000001101,Vimpat 150mg tablets (CST Pharma Ltd) (AMP)
37537711000001106,Vimpat 200mg tablets (CST Pharma Ltd) (AMP)
37544811000001106,Zebinix 800mg tablets (CST Pharma Ltd) (AMP)
37545611000001108,Zonegran 100mg capsules (CST Pharma Ltd) (AMP)
37545911000001102,Zonegran 25mg capsules (CST Pharma Ltd) (AMP)
37546211000001100,Zonegran 50mg capsules (CST Pharma Ltd) (AMP)
37573711000001104,Belvo 250mg gastro-resistant tablets (Consilient Health Ltd) (AMP)
37574111000001103,Belvo 500mg gastro-resistant tablets (Consilient Health Ltd) (AMP)
37592011000001103,Keppra 100mg/ml oral solution (CST Pharma Ltd) (AMP)
37596811000001105,Keppra 1g tablets (CST Pharma Ltd) (AMP)
37613111000001104,Levetiracetam 250mg tablets (Crescent Pharma Ltd) (AMP)
37622611000001109,Briviact 100mg tablets (Ethigen Ltd) (AMP)
37622811000001108,Briviact 50mg tablets (Ethigen Ltd) (AMP)
37629911000001108,Depakote 250mg gastro-resistant tablets (Pilsco Ltd) (AMP)
37630111000001102,Depakote 500mg gastro-resistant tablets (Pilsco Ltd) (AMP)
37635111000001105,Epilim Chrono 200 tablets (Pilsco Ltd) (AMP)
37635311000001107,Epilim Chrono 300 tablets (Pilsco Ltd) (AMP)
37635511000001101,Epilim Chrono 500 tablets (Pilsco Ltd) (AMP)
37655411000001104,Ethosuximide 250mg capsules (Accord-UK Ltd) (AMP)
37668911000001107,Keppra 1g tablets (Ethigen Ltd) (AMP)
37669211000001108,Keppra 100mg/ml oral solution (Ethigen Ltd) (AMP)
37669511000001106,Keppra 250mg tablets (Ethigen Ltd) (AMP)
37669811000001109,Keppra 500mg tablets (Ethigen Ltd) (AMP)
37670211000001105,Lamictal 100mg tablets (Pilsco Ltd) (AMP)
37671011000001109,Lamictal 25mg tablets (Pilsco Ltd) (AMP)
37671411000001100,Lamictal 50mg tablets (Pilsco Ltd) (AMP)
37705811000001100,Topamax 25mg sprinkle capsules (Pilsco Ltd) (AMP)
37716211000001109,Briviact 75mg tablets (Ethigen Ltd) (AMP)
37730811000001103,Topamax 100mg tablets (Pilsco Ltd) (AMP)
37731111000001104,Topamax 200mg tablets (Pilsco Ltd) (AMP)
37731411000001109,Topamax 50mg tablets (Pilsco Ltd) (AMP)
37748411000001101,Levetiracetam 1g tablets (CST Pharma Ltd) (AMP)
37748711000001107,Levetiracetam 250mg tablets (CST Pharma Ltd) (AMP)
37749111000001104,Levetiracetam 500mg tablets (CST Pharma Ltd) (AMP)
37750711000001107,Vimpat 50mg tablets (CST Pharma Ltd) (AMP)
37764211000001103,Ethosuximide 250mg capsules (Neuraxpharm UK Ltd) (AMP)
37779411000001108,Primidone 50mg tablets (DE Pharmaceuticals) (AMP)
37815811000001100,Sodium valproate 200mg/5ml oral solution sugar free (DE Pharmaceuticals) (AMP)
37827411000001101,Topiramate 50mg/5ml oral suspension sugar free (DE Pharmaceuticals) (AMP)
37827611000001103,Topiramate 100mg/5ml oral suspension sugar free (DE Pharmaceuticals) (AMP)
37830511000001104,Ethosuximide 250mg/5ml oral solution sugar free (Neuraxpharm UK Ltd) (AMP)
37832111000001107,Zonisamide 25mg capsules (DE Pharmaceuticals) (AMP)
37832311000001109,Zonisamide 50mg capsules (DE Pharmaceuticals) (AMP)
37832511000001103,Zonisamide 100mg capsules (DE Pharmaceuticals) (AMP)
3784111000001104,Trileptal 600mg tablets (Novartis Pharmaceuticals UK Ltd) (AMP)
37853811000001109,Pregabalin 75mg tablets (Neuraxpharm UK Ltd) (AMP)
37854111000001100,Pregabalin 150mg tablets (Neuraxpharm UK Ltd) (AMP)
37854411000001105,Pregabalin 225mg tablets (Neuraxpharm UK Ltd) (AMP)
37888711000001103,Depakote 500mg gastro-resistant tablets (CST Pharma Ltd) (AMP)
37902711000001107,Pregabalin 25mg tablets (Neuraxpharm UK Ltd) (AMP)
37903011000001101,Pregabalin 50mg tablets (Neuraxpharm UK Ltd) (AMP)
37903311000001103,Pregabalin 100mg tablets (Neuraxpharm UK Ltd) (AMP)
37903611000001108,Pregabalin 200mg tablets (Neuraxpharm UK Ltd) (AMP)
37903911000001102,Pregabalin 300mg tablets (Neuraxpharm UK Ltd) (AMP)
37907311000001105,Pregabalin 50mg capsules (Sun Pharma UK Ltd) (AMP)
37907611000001100,Pregabalin 75mg capsules (Sun Pharma UK Ltd) (AMP)
37907811000001101,Pregabalin 100mg capsules (Sun Pharma UK Ltd) (AMP)
37908011000001108,Pregabalin 150mg capsules (Sun Pharma UK Ltd) (AMP)
37921211000001104,Clobazam 5mg/5ml oral suspension sugar free (Wockhardt UK Ltd) (AMP)
37921711000001106,Clobazam 10mg/5ml oral suspension sugar free (Wockhardt UK Ltd) (AMP)
37928611000001105,Levetiracetam 250mg tablets (Sciecure Pharma Ltd) (AMP)
37928811000001109,Levetiracetam 500mg tablets (Sciecure Pharma Ltd) (AMP)
37929011000001108,Levetiracetam 750mg tablets (Sciecure Pharma Ltd) (AMP)
37929211000001103,Levetiracetam 1g tablets (Sciecure Pharma Ltd) (AMP)
37940711000001101,Ethosuximide 250mg/5ml oral solution sugar free (Alliance Healthcare (Distribution) Ltd) (AMP)
37972511000001108,Keppra 100mg/ml oral solution (Pharmaram Ltd) (AMP)
37982211000001101,Syonell 500mg gastro-resistant tablets (Lupin Healthcare (UK) Ltd) (AMP)
37982411000001102,Syonell 250mg gastro-resistant tablets (Lupin Healthcare (UK) Ltd) (AMP)
37983011000001102,Ethosuximide 250mg capsules (Strides Pharma UK Ltd) (AMP)
37990611000001101,Keppra 250mg tablets (Pharmaram Ltd) (AMP)
37990911000001107,Keppra 500mg tablets (Pharmaram Ltd) (AMP)
37997911000001108,Tegretol Prolonged Release 200mg tablets (Pharmaram Ltd) (AMP)
37998111000001106,Tegretol Prolonged Release 400mg tablets (Pharmaram Ltd) (AMP)
38019511000001108,Pregabalin 100mg tablets (VMP)
38019611000001107,Pregabalin 150mg tablets (VMP)
38019711000001103,Pregabalin 200mg tablets (VMP)
38019811000001106,Pregabalin 225mg tablets (VMP)
38019911000001101,Pregabalin 25mg tablets (VMP)
38020011000001104,Pregabalin 300mg tablets (VMP)
38020111000001103,Pregabalin 50mg tablets (VMP)
38020211000001109,Pregabalin 75mg tablets (VMP)
38029811000001101,Epidyolex 100mg/ml oral solution (Jazz Pharmaceuticals Operations UK Ltd) (AMP)
380311000001102,Carbamazepine 200mg tablets (A A H Pharmaceuticals Ltd) (AMP)
38075011000001109,Vimpat 150mg tablets (Pharmaram Ltd) (AMP)
38077011000001102,Lamictal 100mg tablets (Pharmaram Ltd) (AMP)
38077511000001105,Lamictal 200mg tablets (Pharmaram Ltd) (AMP)
38078211000001106,Lamictal 100mg dispersible tablets (Pharmaram Ltd) (AMP)
38087311000001105,Topiramate 100mg tablets (Glenmark Pharmaceuticals Europe Ltd) (AMP)
38109311000001105,Kigabeq 100mg soluble tablets (Alan Pharmaceuticals) (AMP)
38109611000001100,Kigabeq 500mg soluble tablets (Alan Pharmaceuticals) (AMP)
38122211000001104,Briviact 25mg tablets (DE Pharmaceuticals) (AMP)
38122411000001100,Briviact 50mg tablets (DE Pharmaceuticals) (AMP)
38122611000001102,Briviact 100mg tablets (DE Pharmaceuticals) (AMP)
38127611000001104,Depakote 250mg gastro-resistant tablets (DE Pharmaceuticals) (AMP)
38127811000001100,Depakote 500mg gastro-resistant tablets (DE Pharmaceuticals) (AMP)
38136711000001108,Fycompa 2mg tablets (DE Pharmaceuticals) (AMP)
38136911000001105,Fycompa 4mg tablets (DE Pharmaceuticals) (AMP)
38137111000001105,Fycompa 6mg tablets (DE Pharmaceuticals) (AMP)
38137311000001107,Fycompa 8mg tablets (DE Pharmaceuticals) (AMP)
38137511000001101,Fycompa 10mg tablets (DE Pharmaceuticals) (AMP)
38137711000001106,Fycompa 12mg tablets (DE Pharmaceuticals) (AMP)
38143811000001108,Keppra 750mg tablets (DE Pharmaceuticals) (AMP)
38144311000001102,Lamictal 5mg dispersible tablets (DE Pharmaceuticals) (AMP)
38147611000001101,Lyrica 225mg capsules (DE Pharmaceuticals) (AMP)
38155311000001100,Neurontin 100mg capsules (DE Pharmaceuticals) (AMP)
38155511000001106,Neurontin 300mg capsules (DE Pharmaceuticals) (AMP)
38160711000001103,Carbamazepine 400mg tablets (Medreich Plc) (AMP)
38160911000001101,Carbamazepine 200mg tablets (Medreich Plc) (AMP)
38161111000001105,Carbamazepine 100mg tablets (Medreich Plc) (AMP)
38162811000001107,Phenytoin sodium 50mg capsules (DE Pharmaceuticals) (AMP)
38163011000001105,Phenytoin sodium 100mg capsules (DE Pharmaceuticals) (AMP)
38171411000001106,Trileptal 60mg/ml oral suspension (DE Pharmaceuticals) (AMP)
38174011000001104,Vimpat 50mg tablets (DE Pharmaceuticals) (AMP)
38174211000001109,Vimpat 100mg tablets (DE Pharmaceuticals) (AMP)
38174411000001108,Vimpat 150mg tablets (DE Pharmaceuticals) (AMP)
38176811000001103,Zebinix 800mg tablets (DE Pharmaceuticals) (AMP)
38222411000001103,Ethosuximide 250mg/5ml oral solution sugar free (CST Pharma Ltd) (AMP)
38233911000001102,Phenytoin sodium 100mg capsules (Pharmaram Ltd) (AMP)
38286011000001103,Vigabatrin 100mg soluble tablets sugar free (VMP)
38286111000001102,Vigabatrin 500mg soluble tablets sugar free (VMP)
38299711000001105,Pregabalin 225mg capsules (Sun Pharma UK Ltd) (AMP)
38300411000001102,Pregabalin 300mg capsules (Sun Pharma UK Ltd) (AMP)
38313611000001106,Ethosuximide 250mg capsules (CST Pharma Ltd) (AMP)
38321211000001104,Oxcarbazepine 600mg tablets (Morningside Healthcare Ltd) (AMP)
38326811000001108,Oxcarbazepine 300mg tablets (Morningside Healthcare Ltd) (AMP)
38336811000001105,Clobazam 10mg/5ml oral suspension sugar free (Alliance Healthcare (Distribution) Ltd) (AMP)
38337011000001101,Clobazam 5mg/5ml oral suspension sugar free (Alliance Healthcare (Distribution) Ltd) (AMP)
3839911000001106,Trileptal 150mg tablets (Novartis Pharmaceuticals UK Ltd) (AMP)
38407511000001105,Topiramate 50mg tablets (Crescent Pharma Ltd) (AMP)
38413711000001107,Topiramate 200mg tablets (Crescent Pharma Ltd) (AMP)
38414811000001101,Topiramate 25mg tablets (Crescent Pharma Ltd) (AMP)
38416311000001104,Topiramate 100mg tablets (Crescent Pharma Ltd) (AMP)
3846411000001106,Depakote 250mg gastro-resistant tablets (Sanofi) (AMP)
3847111000001103,Depakote 500mg gastro-resistant tablets (Sanofi) (AMP)
38686511000001109,Pregabalin 25mg tablets (A A H Pharmaceuticals Ltd) (AMP)
38686711000001104,Pregabalin 50mg tablets (A A H Pharmaceuticals Ltd) (AMP)
38686911000001102,Pregabalin 100mg tablets (A A H Pharmaceuticals Ltd) (AMP)
38687111000001102,Pregabalin 150mg tablets (A A H Pharmaceuticals Ltd) (AMP)
38687311000001100,Pregabalin 200mg tablets (A A H Pharmaceuticals Ltd) (AMP)
38687511000001106,Pregabalin 225mg tablets (A A H Pharmaceuticals Ltd) (AMP)
38687711000001101,Pregabalin 300mg tablets (A A H Pharmaceuticals Ltd) (AMP)
38715711000001102,Levetiracetam 100mg/ml oral solution sugar free (Milpharm Ltd) (AMP)
38723711000001108,Keppra 750mg tablets (Pilsco Ltd) (AMP)
38738811000001107,Levetiracetam 750mg tablets (Crescent Pharma Ltd) (AMP)
38739111000001107,Levetiracetam 1g tablets (Crescent Pharma Ltd) (AMP)
38743511000001101,Pregabalin 75mg tablets (A A H Pharmaceuticals Ltd) (AMP)
38744011000001106,Topiramate 50mg/5ml oral suspension sugar free (A A H Pharmaceuticals Ltd) (AMP)
38752611000001105,Oxcarbazepine 60mg/ml oral suspension sugar free (VMP)
38770411000001109,Lamotrigine 25mg dispersible tablets sugar free (NorthStar Healthcare Unlimited Company) (AMP)
38770711000001103,Lamotrigine 100mg dispersible tablets sugar free (NorthStar Healthcare Unlimited Company) (AMP)
38819711000001102,Carbamazepine 100mg/5ml oral suspension sugar free (Medihealth (Northern) Ltd) (AMP)
38819911000001100,Carbamazepine 200mg tablets (Medihealth (Northern) Ltd) (AMP)
38843311000001109,Clobazam 10mg tablets (Medihealth (Northern) Ltd) (AMP)
38843511000001103,Clobazam 10mg/5ml oral suspension sugar free (Medihealth (Northern) Ltd) (AMP)
38843711000001108,Clobazam 5mg/5ml oral suspension sugar free (Medihealth (Northern) Ltd) (AMP)
38845011000001107,Clonazepam 500microgram tablets (Medihealth (Northern) Ltd) (AMP)
38845211000001102,Clonazepam 2mg tablets (Medihealth (Northern) Ltd) (AMP)
38845611000001100,Clonazepam 500micrograms/5ml oral solution sugar free (Medihealth (Northern) Ltd) (AMP)
38845811000001101,Clonazepam 2mg/5ml oral solution sugar free (Medihealth (Northern) Ltd) (AMP)
38849711000001106,Pregabalin 100mg tablets (Alliance Healthcare (Distribution) Ltd) (AMP)
38849911000001108,Pregabalin 150mg tablets (Alliance Healthcare (Distribution) Ltd) (AMP)
38850111000001103,Pregabalin 200mg tablets (Alliance Healthcare (Distribution) Ltd) (AMP)
38850311000001101,Pregabalin 225mg tablets (Alliance Healthcare (Distribution) Ltd) (AMP)
38850711000001102,Pregabalin 25mg tablets (Alliance Healthcare (Distribution) Ltd) (AMP)
38851111000001109,Pregabalin 300mg tablets (Alliance Healthcare (Distribution) Ltd) (AMP)
38851311000001106,Pregabalin 50mg tablets (Alliance Healthcare (Distribution) Ltd) (AMP)
38851911000001107,Pregabalin 75mg tablets (Alliance Healthcare (Distribution) Ltd) (AMP)
38901711000001107,Ethosuximide 250mg/5ml syrup (Medihealth (Northern) Ltd) (AMP)
38901911000001109,Ethosuximide 250mg capsules (Medihealth (Northern) Ltd) (AMP)
38902111000001101,Ethosuximide 250mg/5ml oral solution sugar free (Medihealth (Northern) Ltd) (AMP)
38928311000001107,Gabapentin 100mg capsules (Medihealth (Northern) Ltd) (AMP)
38928511000001101,Gabapentin 300mg capsules (Medihealth (Northern) Ltd) (AMP)
38928711000001106,Gabapentin 400mg capsules (Medihealth (Northern) Ltd) (AMP)
38928911000001108,Gabapentin 600mg tablets (Medihealth (Northern) Ltd) (AMP)
38929111000001103,Gabapentin 800mg tablets (Medihealth (Northern) Ltd) (AMP)
38929311000001101,Gabapentin 50mg/ml oral solution sugar free (Medihealth (Northern) Ltd) (AMP)
38930211000001100,Ethosuximide 250mg capsules (Aristo Pharma Ltd) (AMP)
38938711000001109,Pregabalin 25mg capsules (Relonchem Ltd) (AMP)
38939511000001105,Pregabalin 50mg capsules (Relonchem Ltd) (AMP)
38940111000001105,Pregabalin 75mg capsules (Relonchem Ltd) (AMP)
38940711000001106,Pregabalin 100mg capsules (Relonchem Ltd) (AMP)
38940911000001108,Pregabalin 150mg capsules (Relonchem Ltd) (AMP)
38941111000001104,Pregabalin 200mg capsules (Relonchem Ltd) (AMP)
38941711000001103,Pregabalin 225mg capsules (Relonchem Ltd) (AMP)
38941911000001101,Pregabalin 300mg capsules (Relonchem Ltd) (AMP)
38953611000001108,Topiramate 200mg tablets (Morningside Healthcare Ltd) (AMP)
38998111000001101,Dyzantil 200mg modified-release tablets (Aspire Pharma Ltd) (AMP)
38998711000001100,Dyzantil 300mg modified-release tablets (Aspire Pharma Ltd) (AMP)
38999111000001108,Dyzantil 500mg modified-release tablets (Aspire Pharma Ltd) (AMP)
39007711000001106,Lamotrigine 100mg tablets (Medihealth (Northern) Ltd) (AMP)
39007911000001108,Lamotrigine 100mg dispersible tablets sugar free (Medihealth (Northern) Ltd) (AMP)
39008511000001102,Lamotrigine 200mg tablets (Medihealth (Northern) Ltd) (AMP)
39008911000001109,Lamotrigine 25mg tablets (Medihealth (Northern) Ltd) (AMP)
39009611000001107,Lamotrigine 50mg tablets (Medihealth (Northern) Ltd) (AMP)
39013911000001102,Levetiracetam 1g tablets (Medihealth (Northern) Ltd) (AMP)
39014111000001103,Levetiracetam 250mg tablets (Medihealth (Northern) Ltd) (AMP)
39014411000001108,Levetiracetam 500mg tablets (Medihealth (Northern) Ltd) (AMP)
39014611000001106,Levetiracetam 750mg tablets (Medihealth (Northern) Ltd) (AMP)
39014811000001105,Levetiracetam 100mg/ml oral solution sugar free (Medihealth (Northern) Ltd) (AMP)
3901811000001103,Gabitril 5mg tablets (Teva UK Ltd) (AMP)
3902111000001100,Gabitril 10mg tablets (Teva UK Ltd) (AMP)
39025611000001101,Phenytoin sodium 100mg capsules (VMP)
39029611000001103,Keppra 1g tablets (Pilsco Ltd) (AMP)
39030111000001103,Keppra 250mg tablets (Pilsco Ltd) (AMP)
39030311000001101,Keppra 500mg tablets (Pilsco Ltd) (AMP)
39068011000001109,Oxcarbazepine 150mg tablets (Medihealth (Northern) Ltd) (AMP)
39068611000001102,Oxcarbazepine 300mg tablets (Medihealth (Northern) Ltd) (AMP)
39068811000001103,Oxcarbazepine 600mg tablets (Medihealth (Northern) Ltd) (AMP)
39076711000001101,Lamictal 50mg tablets (Pharmaram Ltd) (AMP)
39089611000001108,Lamictal 200mg tablets (Pilsco Ltd) (AMP)
39098811000001101,Vimpat 100mg tablets (Pharmaram Ltd) (AMP)
39100211000001107,Ethosuximide 250mg capsules (Pilsco Ltd) (AMP)
39107811000001107,Sodium valproate 100mg tablets (VMP)
39108211000001105,Sodium valproate 200mg modified-release tablets (VMP)
39108311000001102,Sodium valproate 300mg modified-release tablets (VMP)
39108411000001109,Sodium valproate 500mg modified-release tablets (VMP)
39136911000001108,Epilim Chronosphere MR 500mg granules sachets (Pilsco Ltd) (AMP)
39137111000001108,Epilim Chronosphere MR 100mg granules sachets (Pilsco Ltd) (AMP)
39151811000001109,Briviact 25mg tablets (Pharmaram Ltd) (AMP)
39152111000001107,Briviact 50mg tablets (Pharmaram Ltd) (AMP)
39164211000001100,Levetiracetam 100mg/ml oral solution sugar free (Sandoz Ltd) (AMP)
39178211000001101,Pregabalin 200mg capsules (Medihealth (Northern) Ltd) (AMP)
39178411000001102,Pregabalin 20mg/ml oral solution sugar free (Medihealth (Northern) Ltd) (AMP)
39178611000001104,Pregabalin 225mg capsules (Medihealth (Northern) Ltd) (AMP)
39178811000001100,Pregabalin 25mg capsules (Medihealth (Northern) Ltd) (AMP)
39179111000001100,Pregabalin 300mg capsules (Medihealth (Northern) Ltd) (AMP)
39180311000001103,Pregabalin 100mg capsules (Medihealth (Northern) Ltd) (AMP)
39180511000001109,Pregabalin 150mg capsules (Medihealth (Northern) Ltd) (AMP)
39180711000001104,Pregabalin 50mg capsules (Medihealth (Northern) Ltd) (AMP)
39180911000001102,Pregabalin 75mg capsules (Medihealth (Northern) Ltd) (AMP)
39181111000001106,Primidone 250mg tablets (Medihealth (Northern) Ltd) (AMP)
39181311000001108,Primidone 50mg tablets (Medihealth (Northern) Ltd) (AMP)
39182911000001103,Pregabalin 50mg capsules (Bristol Laboratories Ltd) (AMP)
39183111000001107,Pregabalin 100mg capsules (Bristol Laboratories Ltd) (AMP)
39183411000001102,Pregabalin 150mg capsules (Bristol Laboratories Ltd) (AMP)
39183611000001104,Pregabalin 200mg capsules (Bristol Laboratories Ltd) (AMP)
39186211000001108,Phenobarbital 15mg tablets (Medihealth (Northern) Ltd) (AMP)
39186411000001107,Phenobarbital 30mg tablets (Medihealth (Northern) Ltd) (AMP)
39186611000001105,Phenobarbital 60mg tablets (Medihealth (Northern) Ltd) (AMP)
39186811000001109,Phenytoin sodium 100mg tablets (Medihealth (Northern) Ltd) (AMP)
39198611000001105,Lamictal 100mg tablets (CST Pharma Ltd) (AMP)
39205511000001103,Desizon 20mg/ml oral suspension (Desitin Pharma Ltd) (AMP)
3923811000001107,Tegretol 125mg suppositories (Essential Pharma Ltd) (AMP)
3924111000001103,Tegretol 250mg suppositories (Essential Pharma Ltd) (AMP)
39250111000001106,Pregabalin 25mg capsules (Bristol Laboratories Ltd) (AMP)
39250511000001102,Pregabalin 75mg capsules (Bristol Laboratories Ltd) (AMP)
39334711000001109,Ethosuximide 250mg/5ml syrup (Accord-UK Ltd) (AMP)
39356911000001102,Pregabalin 150mg capsules (Noumed Life Sciences Ltd) (AMP)
39391011000001102,Lamictal 100mg dispersible tablets (Pilsco Ltd) (AMP)
39409111000001105,Trileptal 60mg/ml oral suspension (Pilsco Ltd) (AMP)
39476211000001101,Pregabalin 225mg capsules (Bristol Laboratories Ltd) (AMP)
39477011000001109,Levetiracetam 100mg/ml oral solution sugar free (Brillpharma Ltd) (AMP)
39492211000001105,Pregabalin 20mg/ml oral solution sugar free (Aristo Pharma Ltd) (AMP)
39570211000001109,Lamotrigine 25mg tablets (Aristo Pharma Ltd) (AMP)
39570411000001108,Lamotrigine 100mg tablets (Aristo Pharma Ltd) (AMP)
39570611000001106,Lamotrigine 50mg tablets (Aristo Pharma Ltd) (AMP)
39577811000001109,Zebinix 800mg tablets (Ethigen Ltd) (AMP)
39647711000001109,Lamotrigine 200mg tablets (Aristo Pharma Ltd) (AMP)
39648711000001105,Lamictal 25mg tablets (Pharmaram Ltd) (AMP)
39704911000001104,Tiagabine 10mg tablets (VMP)
39705011000001104,Tiagabine 15mg tablets (VMP)
39705111000001103,Tiagabine 5mg tablets (VMP)
39833711000001105,Lamictal 50mg tablets (CST Pharma Ltd) (AMP)
39833911000001107,Epilim Chronosphere MR 750mg granules sachets (CST Pharma Ltd) (AMP)
39835011000001109,Epilim Chronosphere MR 1000mg granules sachets (CST Pharma Ltd) (AMP)
39845111000001106,Carbamazepine 400mg tablets (Medihealth (Northern) Ltd) (AMP)
39845311000001108,Carbamazepine 100mg tablets (Medihealth (Northern) Ltd) (AMP)
39857711000001104,Lamictal 200mg tablets (CST Pharma Ltd) (AMP)
39888511000001102,Pregabalin 100mg tablets (Medihealth (Northern) Ltd) (AMP)
39888711000001107,Pregabalin 150mg tablets (Medihealth (Northern) Ltd) (AMP)
39888911000001109,Pregabalin 200mg tablets (Medihealth (Northern) Ltd) (AMP)
39889111000001104,Pregabalin 225mg tablets (Medihealth (Northern) Ltd) (AMP)
39889311000001102,Pregabalin 25mg tablets (Medihealth (Northern) Ltd) (AMP)
39889511000001108,Pregabalin 300mg tablets (Medihealth (Northern) Ltd) (AMP)
39889711000001103,Pregabalin 50mg tablets (Medihealth (Northern) Ltd) (AMP)
39889911000001101,Pregabalin 75mg tablets (Medihealth (Northern) Ltd) (AMP)
39902811000001106,Zonisamide 50mg capsules (Medihealth (Northern) Ltd) (AMP)
39903011000001109,Zonisamide 25mg capsules (Medihealth (Northern) Ltd) (AMP)
39903211000001104,Zonisamide 100mg capsules (Medihealth (Northern) Ltd) (AMP)
39912311000001104,Topiramate 100mg tablets (Medihealth (Northern) Ltd) (AMP)
39912511000001105,Topiramate 200mg tablets (Medihealth (Northern) Ltd) (AMP)
39912711000001100,Topiramate 25mg tablets (Medihealth (Northern) Ltd) (AMP)
39912911000001103,Topiramate 50mg tablets (Medihealth (Northern) Ltd) (AMP)
39932111000001108,Pregabalin 75mg capsules (Dr Reddy's Laboratories (UK) Ltd) (AMP)
39932311000001105,Pregabalin 100mg capsules (Dr Reddy's Laboratories (UK) Ltd) (AMP)
39932511000001104,Pregabalin 150mg capsules (Dr Reddy's Laboratories (UK) Ltd) (AMP)
39932711000001109,Pregabalin 225mg capsules (Dr Reddy's Laboratories (UK) Ltd) (AMP)
39932911000001106,Pregabalin 200mg capsules (Dr Reddy's Laboratories (UK) Ltd) (AMP)
39933111000001102,Pregabalin 300mg capsules (Dr Reddy's Laboratories (UK) Ltd) (AMP)
399711000001109,Phenytoin sodium 100mg tablets (Kent Pharma (UK) Ltd) (AMP)
40013611000001106,Pregabalin 25mg capsules (Dr Reddy's Laboratories (UK) Ltd) (AMP)
40013811000001105,Pregabalin 50mg capsules (Dr Reddy's Laboratories (UK) Ltd) (AMP)
40020211000001105,Epesri 250mg capsules (Strides Pharma UK Ltd) (AMP)
40111911000001105,Eslicarbazepine 800mg tablets (Aristo Pharma Ltd) (AMP)
40112111000001102,Eslicarbazepine 200mg tablets (Aristo Pharma Ltd) (AMP)
40119811000001104,Dilantin-30 suspension (Imported (Canada)) (AMP)
401511000001108,Neurontin 300mg capsules (Viatris UK Healthcare Ltd) (AMP)
40196811000001106,Eslicarbazepine 800mg tablets (Alliance Healthcare (Distribution) Ltd) (AMP)
40201011000001107,Levetiracetam 500mg tablets (Crescent Pharma Ltd) (AMP)
40209211000001101,Topiramate 100mg tablets (Syri Ltd) (AMP)
4021611000001103,Lamictal 2mg dispersible tablets (GlaxoSmithKline UK Ltd) (AMP)
40263311000001107,Carbamazepine 250mg suppositories (A A H Pharmaceuticals Ltd) (AMP)
40287911000001102,Topiramate 25mg tablets (Syri Ltd) (AMP)
40288111000001104,Topiramate 50mg tablets (Syri Ltd) (AMP)
40288311000001102,Topiramate 200mg tablets (Syri Ltd) (AMP)
40344211000001101,Ethosuximide 250mg/5ml syrup (DE Pharmaceuticals) (AMP)
40345111000001106,Ethosuximide 250mg capsules (DE Pharmaceuticals) (AMP)
40368811000001102,Pregabalin 100mg tablets (DE Pharmaceuticals) (AMP)
40369311000001100,Pregabalin 150mg tablets (DE Pharmaceuticals) (AMP)
40369511000001106,Pregabalin 200mg tablets (DE Pharmaceuticals) (AMP)
40369711000001101,Pregabalin 225mg tablets (DE Pharmaceuticals) (AMP)
40369911000001104,Pregabalin 25mg tablets (DE Pharmaceuticals) (AMP)
40370311000001102,Pregabalin 300mg tablets (DE Pharmaceuticals) (AMP)
40370611000001107,Pregabalin 50mg tablets (DE Pharmaceuticals) (AMP)
40370911000001101,Pregabalin 75mg tablets (DE Pharmaceuticals) (AMP)
40371011000001109,Sodium valproate 200mg gastro-resistant tablets (DE Pharmaceuticals) (AMP)
40371411000001100,Sodium valproate 500mg gastro-resistant tablets (DE Pharmaceuticals) (AMP)
40392711000001105,Epilim Chronosphere MR 100mg granules sachets (DE Pharmaceuticals) (AMP)
40392911000001107,Epilim Chronosphere MR 250mg granules sachets (DE Pharmaceuticals) (AMP)
40393111000001103,Epilim Chronosphere MR 500mg granules sachets (DE Pharmaceuticals) (AMP)
40394011000001102,Tegretol Prolonged Release 400mg tablets (Pilsco Ltd) (AMP)
40411000001103,Phenytoin sodium 50mg tablets (A A H Pharmaceuticals Ltd) (AMP)
40439411000001109,Eslicarbazepine 200mg tablets (A A H Pharmaceuticals Ltd) (AMP)
40439611000001107,Eslicarbazepine 800mg tablets (A A H Pharmaceuticals Ltd) (AMP)
40445311000001103,Arupsan 200mg tablets (Accord-UK Ltd) (AMP)
40445511000001109,Arupsan 800mg tablets (Accord-UK Ltd) (AMP)
40484411000001101,Pregabalin 300mg capsules (Bristol Laboratories Ltd) (AMP)
40513811000001108,Trileptal 300mg tablets (Pharmaram Ltd) (AMP)
40538311000001100,Zonisamide 25mg capsules (Aspire Pharma Ltd) (AMP)
40539011000001108,Zonisamide 50mg capsules (Aspire Pharma Ltd) (AMP)
40539311000001106,Zonisamide 100mg capsules (Aspire Pharma Ltd) (AMP)
40554511000001103,Trileptal 60mg/ml oral suspension (Pharmaram Ltd) (AMP)
405811000001109,Carbamazepine 400mg tablets (Alliance Healthcare (Distribution) Ltd) (AMP)
40597911000001106,Ethosuximide 250mg/5ml oral solution sugar free (Roma Pharmaceuticals Ltd) (AMP)
406111000001108,Carbamazepine 200mg tablets (Kent Pharma (UK) Ltd) (AMP)
40628011000001109,Eslicarbazepine 200mg tablets (Zentiva Pharma UK Ltd) (AMP)
40628211000001104,Eslicarbazepine 800mg tablets (Zentiva Pharma UK Ltd) (AMP)
40682511000001109,Clonazepam 500microgram tablets (Neuraxpharm UK Ltd) (AMP)
40682711000001104,Clonazepam 2mg tablets (Neuraxpharm UK Ltd) (AMP)
40738811000001108,Levetiracetam 500mg tablets (Amarox Ltd) (AMP)
40799011000001102,Lacosamide 50mg tablets (Zentiva Pharma UK Ltd) (AMP)
40799211000001107,Lacosamide 100mg tablets (Zentiva Pharma UK Ltd) (AMP)
40799511000001105,Lacosamide 150mg tablets (Zentiva Pharma UK Ltd) (AMP)
40799811000001108,Lacosamide 200mg tablets (Zentiva Pharma UK Ltd) (AMP)
40821711000001105,Levetiracetam 500mg/5ml concentrate for solution for infusion vials (Seacross Pharmaceuticals Ltd) (AMP)
40827511000001106,Sodium valproate 300mg/3ml solution for injection vials (Seacross Pharmaceuticals Ltd) (AMP)
40827811000001109,Sodium valproate 400mg/4ml solution for injection vials (Seacross Pharmaceuticals Ltd) (AMP)
40829211000001102,Sodium valproate 300mg/3ml solution for injection vials (VMP)
40829311000001105,Sodium valproate 400mg/4ml solution for injection vials (VMP)
40830711000001104,Eslicarbazepine 200mg tablets (Torrent Pharma (UK) Ltd) (AMP)
40830911000001102,Eslicarbazepine 800mg tablets (Torrent Pharma (UK) Ltd) (AMP)
40852711000001104,Carbamazepine 100mg tablets (Crescent Pharma Ltd) (AMP)
40852911000001102,Carbamazepine 200mg tablets (Crescent Pharma Ltd) (AMP)
40853111000001106,Carbamazepine 400mg tablets (Crescent Pharma Ltd) (AMP)
40862711000001105,Lacosamide 50mg tablets (Torrent Pharma (UK) Ltd) (AMP)
40863011000001104,Lacosamide 100mg tablets (Torrent Pharma (UK) Ltd) (AMP)
40863211000001109,Lacosamide 150mg tablets (Torrent Pharma (UK) Ltd) (AMP)
40863811000001105,Lacosamide 200mg tablets (Torrent Pharma (UK) Ltd) (AMP)
40866211000001102,Pregabalin 100mg capsules (Noumed Life Sciences Ltd) (AMP)
40866411000001103,Pregabalin 200mg capsules (Noumed Life Sciences Ltd) (AMP)
40866611000001100,Pregabalin 225mg capsules (Noumed Life Sciences Ltd) (AMP)
40866811000001101,Pregabalin 25mg capsules (Noumed Life Sciences Ltd) (AMP)
40867011000001105,Pregabalin 300mg capsules (Noumed Life Sciences Ltd) (AMP)
40867211000001100,Pregabalin 50mg capsules (Noumed Life Sciences Ltd) (AMP)
40867411000001101,Pregabalin 75mg capsules (Noumed Life Sciences Ltd) (AMP)
40906711000001102,Pregabalin 25mg capsules (Aristo Pharma Ltd) (AMP)
40907411000001105,Pregabalin 50mg capsules (Aristo Pharma Ltd) (AMP)
40908211000001105,Pregabalin 75mg capsules (Aristo Pharma Ltd) (AMP)
40908811000001106,Pregabalin 100mg capsules (Aristo Pharma Ltd) (AMP)
40909011000001105,Pregabalin 150mg capsules (Aristo Pharma Ltd) (AMP)
40909711000001107,Pregabalin 200mg capsules (Aristo Pharma Ltd) (AMP)
40910211000001109,Pregabalin 225mg capsules (Aristo Pharma Ltd) (AMP)
40910411000001108,Pregabalin 300mg capsules (Aristo Pharma Ltd) (AMP)
40915911000001109,Zonisamide 100mg capsules (Pilsco Ltd) (AMP)
40922211000001102,Curatil Prolonged Release 200mg tablets (Tillomed Laboratories Ltd) (AMP)
40979211000001106,Clonazepam 500microgram tablets (Accord-UK Ltd) (AMP)
40979411000001105,Clonazepam 2mg tablets (Accord-UK Ltd) (AMP)
41009311000001109,Briviact 10mg/ml oral solution (Pharmaram Ltd) (AMP)
41075011000001104,Lacosamide 100mg tablets (G.L. Pharma UK Ltd) (AMP)
41075211000001109,Lacosamide 150mg tablets (G.L. Pharma UK Ltd) (AMP)
41075411000001108,Lacosamide 200mg/20ml solution for infusion vials (G.L. Pharma UK Ltd) (AMP)
41075611000001106,Lacosamide 10mg/ml oral solution sugar free (G.L. Pharma UK Ltd) (AMP)
41082811000001109,Lacosamide 100mg tablets (Aspire Pharma Ltd) (AMP)
41083111000001108,Lacosamide 200mg tablets (Aspire Pharma Ltd) (AMP)
41083611000001100,Lacosamide 150mg tablets (Aspire Pharma Ltd) (AMP)
41083811000001101,Lacosamide 50mg tablets (Aspire Pharma Ltd) (AMP)
41098011000001104,Lacosamide 100mg tablets (Aristo Pharma Ltd) (AMP)
41100611000001102,Lacosamide 50mg tablets (Aristo Pharma Ltd) (AMP)
41101811000001106,Zebinix 200mg tablets (CST Pharma Ltd) (AMP)
41102711000001105,Lacosamide 150mg tablets (Aristo Pharma Ltd) (AMP)
41103011000001104,Lacosamide 200mg tablets (Aristo Pharma Ltd) (AMP)
41112611000001104,Lacosamide 50mg tablets (A A H Pharmaceuticals Ltd) (AMP)
41112811000001100,Lacosamide 100mg tablets (A A H Pharmaceuticals Ltd) (AMP)
41113111000001101,Lacosamide 150mg tablets (A A H Pharmaceuticals Ltd) (AMP)
41113411000001106,Lacosamide 200mg tablets (A A H Pharmaceuticals Ltd) (AMP)
41129711000001108,Lacosamide 50mg tablets (Dr Reddy's Laboratories (UK) Ltd) (AMP)
41130111000001104,Lacosamide 100mg tablets (Dr Reddy's Laboratories (UK) Ltd) (AMP)
41130511000001108,Lacosamide 150mg tablets (Dr Reddy's Laboratories (UK) Ltd) (AMP)
41130911000001101,Lacosamide 200mg tablets (Dr Reddy's Laboratories (UK) Ltd) (AMP)
41132611000001108,Eplaid 50mg tablets (Dr Reddy's Laboratories (UK) Ltd) (AMP)
41132811000001107,Eplaid 100mg tablets (Dr Reddy's Laboratories (UK) Ltd) (AMP)
41133111000001106,Eplaid 150mg tablets (Dr Reddy's Laboratories (UK) Ltd) (AMP)
41133411000001101,Eplaid 200mg tablets (Dr Reddy's Laboratories (UK) Ltd) (AMP)
41147211000001105,Lacosamide 50mg tablets (G.L. Pharma UK Ltd) (AMP)
41147611000001107,Lacosamide 200mg tablets (G.L. Pharma UK Ltd) (AMP)
41163911000001104,Lacosamide 50mg tablets (Accord-UK Ltd) (AMP)
41164211000001106,Lacosamide 100mg tablets (Accord-UK Ltd) (AMP)
41164511000001109,Lacosamide 150mg tablets (Accord-UK Ltd) (AMP)
41164811000001107,Lacosamide 200mg tablets (Accord-UK Ltd) (AMP)
41188211000001102,Gabapentin 100mg capsules (Amarox Ltd) (AMP)
41188411000001103,Gabapentin 300mg capsules (Amarox Ltd) (AMP)
41188611000001100,Gabapentin 400mg capsules (Amarox Ltd) (AMP)
41190111000001107,Primidone 50mg tablets (Aspire Pharma Ltd) (AMP)
41190311000001109,Primidone 250mg tablets (Aspire Pharma Ltd) (AMP)
41210611000001102,Levetiracetam 500mg/5ml concentrate for solution for infusion vials (Amarox Ltd) (AMP)
41211111000001104,Levetiracetam 100mg/ml oral solution sugar free (Amarox Ltd) (AMP)
41216211000001102,Levetiracetam 1g tablets (Amarox Ltd) (AMP)
41217311000001108,Levetiracetam 250mg tablets (Amarox Ltd) (AMP)
41217511000001102,Levetiracetam 750mg tablets (Amarox Ltd) (AMP)
41218911000001105,Pregabalin 100mg capsules (Amarox Ltd) (AMP)
41219511000001109,Pregabalin 150mg capsules (Amarox Ltd) (AMP)
41262411000001100,Pregabalin 200mg capsules (Amarox Ltd) (AMP)
41263211000001105,Pregabalin 225mg capsules (Amarox Ltd) (AMP)
41263911000001101,Pregabalin 25mg capsules (Amarox Ltd) (AMP)
41291011000001104,Pregabalin 300mg capsules (Amarox Ltd) (AMP)
41292311000001105,Pregabalin 50mg capsules (Amarox Ltd) (AMP)
41296111000001107,Pregabalin 75mg capsules (Amarox Ltd) (AMP)
41299011000001100,Lacosamide 50mg tablets (Macleods Pharma UK Ltd) (AMP)
41299211000001105,Lacosamide 100mg tablets (Macleods Pharma UK Ltd) (AMP)
41299811000001106,Lacosamide 150mg tablets (Macleods Pharma UK Ltd) (AMP)
4130011000001105,Gabitril 15mg tablets (Teva UK Ltd) (AMP)
41300511000001105,Lacosamide 200mg tablets (Macleods Pharma UK Ltd) (AMP)
41337711000001109,Lacosamide 100mg tablets (Amarox Ltd) (AMP)
41338011000001108,Lacosamide 150mg tablets (Amarox Ltd) (AMP)
41338311000001106,Lacosamide 200mg tablets (Amarox Ltd) (AMP)
41338511000001100,Lacosamide 50mg tablets (Amarox Ltd) (AMP)
41418111000001106,Zonisamide 100mg capsules (Glenmark Pharmaceuticals Europe Ltd) (AMP)
41418811000001104,Zonisamide 50mg capsules (Glenmark Pharmaceuticals Europe Ltd) (AMP)
41419011000001100,Zonisamide 25mg capsules (Glenmark Pharmaceuticals Europe Ltd) (AMP)
41433811000001100,Lacosamide 50mg tablets (Milpharm Ltd) (AMP)
41434011000001108,Lacosamide 100mg tablets (Milpharm Ltd) (AMP)
41434311000001106,Lacosamide 150mg tablets (Milpharm Ltd) (AMP)
41434511000001100,Lacosamide 200mg tablets (Milpharm Ltd) (AMP)
41464111000001101,Gabapentin 600mg tablets (Glenmark Pharmaceuticals Europe Ltd) (AMP)
41464411000001106,Gabapentin 800mg tablets (Glenmark Pharmaceuticals Europe Ltd) (AMP)
41464611000001109,Gabapentin 100mg capsules (Glenmark Pharmaceuticals Europe Ltd) (AMP)
41464811000001108,Gabapentin 300mg capsules (Glenmark Pharmaceuticals Europe Ltd) (AMP)
41465111000001102,Gabapentin 400mg capsules (Glenmark Pharmaceuticals Europe Ltd) (AMP)
41465711000001101,Gabapentin 50mg/ml oral solution sugar free (Glenmark Pharmaceuticals Europe Ltd) (AMP)
41496511000001102,Gabapentin 100mg capsules (Relonchem Ltd) (AMP)
41496811000001104,Gabapentin 300mg capsules (Relonchem Ltd) (AMP)
41497111000001109,Gabapentin 400mg capsules (Relonchem Ltd) (AMP)
41510811000001108,Lacosamide 10mg/ml oral solution sugar free (Neuraxpharm UK Ltd) (AMP)
41512211000001108,Pregabalin 20mg/ml oral solution sugar free (Neuraxpharm UK Ltd) (AMP)
41517011000001101,Enodama 50mg tablets (Desitin Pharma Ltd) (AMP)
41524111000001103,Enodama 250mg tablets (Desitin Pharma Ltd) (AMP)
41526311000001107,Lamotrigine 5mg dispersible tablets sugar free (Imported) (AMP)
41536411000001103,Gabapentin 50mg/ml oral solution sugar free (Brown & Burk UK Ltd) (AMP)
41541511000001107,Levetiracetam 250mg granules sachets sugar free (Neuraxpharm UK Ltd) (AMP)
41541711000001102,Levetiracetam 500mg granules sachets sugar free (Neuraxpharm UK Ltd) (AMP)
41541911000001100,Levetiracetam 1g granules sachets sugar free (Neuraxpharm UK Ltd) (AMP)
41560711000001104,Epilim Chronosphere MR 1000mg granules sachets (Drugsrus Ltd) (AMP)
41754511000001107,Lacosamide 10mg/ml oral solution sugar free (A A H Pharmaceuticals Ltd) (AMP)
41782011000001101,Pregabalin 25mg capsules (Crescent Pharma Ltd) (AMP)
41782411000001105,Pregabalin 50mg capsules (Crescent Pharma Ltd) (AMP)
41782611000001108,Pregabalin 75mg capsules (Crescent Pharma Ltd) (AMP)
41782811000001107,Pregabalin 100mg capsules (Crescent Pharma Ltd) (AMP)
41928411000001108,Briviact 100mg tablets (Pharmaram Ltd) (AMP)
41961411000001106,Pregabalin 100mg capsules (MSN Laboratories Europe Ltd) (AMP)
41961611000001109,Pregabalin 150mg capsules (MSN Laboratories Europe Ltd) (AMP)
41961811000001108,Pregabalin 200mg capsules (MSN Laboratories Europe Ltd) (AMP)
41962011000001105,Pregabalin 225mg capsules (MSN Laboratories Europe Ltd) (AMP)
41962211000001100,Pregabalin 25mg capsules (MSN Laboratories Europe Ltd) (AMP)
41962511000001102,Pregabalin 300mg capsules (MSN Laboratories Europe Ltd) (AMP)
41962711000001107,Pregabalin 50mg capsules (MSN Laboratories Europe Ltd) (AMP)
41962911000001109,Pregabalin 75mg capsules (MSN Laboratories Europe Ltd) (AMP)
41963111000001100,Eltam 100mg/ml oral solution (Medley Pharma Ltd) (AMP)
4196611000001108,Phenobarbital 15mg/5ml elixir (A A H Pharmaceuticals Ltd) (AMP)
4196911000001102,Phenobarbital 15mg/5ml elixir (Thornton & Ross Ltd) (AMP)
4197311000001100,Phenobarbital 15mg/5ml elixir (Alliance Healthcare (Distribution) Ltd) (AMP)
4205011000001105,Topamax 15mg sprinkle capsules (Janssen-Cilag Ltd) (AMP)
4206011000001101,Topamax 25mg sprinkle capsules (Janssen-Cilag Ltd) (AMP)
4206411000001105,Topamax 50mg sprinkle capsules (Janssen-Cilag Ltd) (AMP)
42125711000001107,Carbamazepine 100mg chewable tablets sugar free (VMP)
42125811000001104,Carbamazepine 100mg tablets (VMP)
42125911000001109,Carbamazepine 100mg/5ml oral suspension sugar free (VMP)
42126011000001101,Carbamazepine 125mg suppositories (VMP)
42126111000001100,Carbamazepine 200mg chewable tablets sugar free (VMP)
42126211000001106,Carbamazepine 200mg tablets (VMP)
42126311000001103,Carbamazepine 250mg suppositories (VMP)
42126411000001105,Carbamazepine 400mg tablets (VMP)
42127011000001103,Clobazam 10mg tablets (VMP)
42127311000001100,Clonazepam 2mg tablets (VMP)
42127411000001107,Clonazepam 500microgram tablets (VMP)
42128711000001100,Ethosuximide 250mg capsules (VMP)
42128811000001108,Ethosuximide 250mg/5ml oral solution (VMP)
42129511000001104,Gabapentin 100mg capsules (VMP)
42129611000001100,Gabapentin 250mg/5ml oral solution (VMP)
42129711000001109,Gabapentin 300mg capsules (VMP)
42129811000001101,Gabapentin 400mg capsules (VMP)
42129911000001106,Gabapentin 600mg tablets (VMP)
42130011000001101,Gabapentin 800mg tablets (VMP)
42130111000001100,Lacosamide 100mg tablets (VMP)
42130211000001106,Lacosamide 150mg tablets (VMP)
42130311000001103,Lacosamide 200mg tablets (VMP)
42130411000001105,Lacosamide 50mg tablets (VMP)
42130511000001109,Lamotrigine 100mg dispersible tablets sugar free (VMP)
42130611000001108,Lamotrigine 100mg tablets (VMP)
42130711000001104,Lamotrigine 200mg tablets (VMP)
42130811000001107,Lamotrigine 25mg dispersible tablets sugar free (VMP)
42130911000001102,Lamotrigine 25mg tablets (VMP)
42131011000001105,Lamotrigine 50mg tablets (VMP)
42131111000001106,Levetiracetam 1g tablets (VMP)
42131211000001100,Levetiracetam 250mg tablets (VMP)
42131311000001108,Levetiracetam 500mg tablets (VMP)
42131411000001101,Levetiracetam 750mg tablets (VMP)
42132811000001108,Oxcarbazepine 150mg tablets (VMP)
42132911000001103,Oxcarbazepine 300mg tablets (VMP)
42133011000001106,Oxcarbazepine 600mg tablets (VMP)
42133111000001107,Perampanel 10mg tablets (VMP)
42133211000001101,Perampanel 12mg tablets (VMP)
42133311000001109,Perampanel 2mg tablets (VMP)
42133411000001102,Perampanel 4mg tablets (VMP)
42133511000001103,Perampanel 6mg tablets (VMP)
42133611000001104,Perampanel 8mg tablets (VMP)
42133711000001108,Phenobarbital 15mg tablets (VMP)
42133811000001100,Phenobarbital 15mg/5ml elixir (VMP)
42133911000001105,Phenobarbital 30mg tablets (VMP)
42134011000001108,Phenobarbital 60mg tablets (VMP)
42134111000001109,Phenytoin 30mg/5ml oral suspension (VMP)
42134211000001103,Phenytoin 50mg chewable tablets (VMP)
42134311000001106,Phenytoin sodium 100mg tablets (VMP)
42134411000001104,Phenytoin sodium 25mg capsules (VMP)
42134511000001100,Phenytoin sodium 300mg capsules (VMP)
42134611000001101,Phenytoin sodium 50mg capsules (VMP)
42134711000001105,Phenytoin sodium 50mg tablets (VMP)
42135011000001107,Pregabalin 100mg capsules (VMP)
42135111000001108,Pregabalin 150mg capsules (VMP)
42135211000001102,Pregabalin 200mg capsules (VMP)
42135311000001105,Pregabalin 225mg capsules (VMP)
42135411000001103,Pregabalin 25mg capsules (VMP)
42135511000001104,Pregabalin 300mg capsules (VMP)
42135611000001100,Pregabalin 50mg capsules (VMP)
42135711000001109,Pregabalin 75mg capsules (VMP)
42135811000001101,Primidone 250mg tablets (VMP)
42135911000001106,Primidone 250mg/5ml oral suspension (VMP)
42136011000001103,Primidone 50mg tablets (VMP)
42136611000001105,Rufinamide 200mg tablets (VMP)
42136711000001101,Rufinamide 400mg tablets (VMP)
42137011000001100,Sodium valproate 200mg gastro-resistant tablets (VMP)
42137111000001104,Sodium valproate 500mg gastro-resistant tablets (VMP)
42137411000001109,Topiramate 100mg tablets (VMP)
42137511000001108,Topiramate 200mg tablets (VMP)
42137611000001107,Topiramate 25mg tablets (VMP)
42137711000001103,Topiramate 50mg tablets (VMP)
42138011000001104,Valproic acid 250mg gastro-resistant tablets (VMP)
42138311000001101,Valproic acid 500mg gastro-resistant tablets (VMP)
42138411000001108,Vigabatrin 500mg granules for oral solution sachets sugar free (VMP)
42138511000001107,Vigabatrin 500mg tablets (VMP)
42139011000001109,Zonisamide 100mg capsules (VMP)
42139111000001105,Zonisamide 25mg capsules (VMP)
42139211000001104,Zonisamide 50mg capsules (VMP)
4215911000001106,Rivotril 1mg/1ml concentrate for solution for injection ampoules (Roche Products Ltd) (AMP)
42173811000001102,Zebinix 800mg tablets (Pharmaram Ltd) (AMP)
4217711000001103,Clonazepam 1mg/1ml solution for injection ampoules and diluent (VMP)
42233111000001109,Levetiracetam 1g tablets (Brown & Burk UK Ltd) (AMP)
42238411000001105,Levetiracetam 500mg tablets (Brown & Burk UK Ltd) (AMP)
42239111000001107,Levetiracetam 750mg tablets (Brown & Burk UK Ltd) (AMP)
42244111000001107,Pregabalin 225mg capsules (Brown & Burk UK Ltd) (AMP)
42252911000001104,Pregabalin 300mg capsules (Brown & Burk UK Ltd) (AMP)
42260311000001109,Levetiracetam 250mg tablets (Brown & Burk UK Ltd) (AMP)
42266811000001103,Levetiracetam 100mg/ml oral solution sugar free (Strides Pharma UK Ltd) (AMP)
42267011000001107,Clobazam 10mg tablets (Brown & Burk UK Ltd) (AMP)
42288911000001109,Clobazam 5mg/5ml oral suspension sugar free (Martindale Pharmaceuticals Ltd) (AMP)
42289311000001102,Clobazam 10mg/5ml oral suspension sugar free (Martindale Pharmaceuticals Ltd) (AMP)
42347511000001104,Topiramate 25mg tablets (Alissa Healthcare Research Ltd) (AMP)
42347711000001109,Topiramate 50mg tablets (Alissa Healthcare Research Ltd) (AMP)
42347911000001106,Topiramate 100mg tablets (Alissa Healthcare Research Ltd) (AMP)
42348111000001109,Topiramate 200mg tablets (Alissa Healthcare Research Ltd) (AMP)
42368411000001106,Ethosuximide 250mg/5ml oral solution sugar free (Noumed Life Sciences Ltd) (AMP)
42431711000001108,Levetiracetam 100mg/ml oral solution sugar free (Manx Healthcare Ltd) (AMP)
42445711000001106,Gabapentin 100mg capsules (Strides Pharma UK Ltd) (AMP)
42446311000001102,Gabapentin 300mg capsules (Strides Pharma UK Ltd) (AMP)
42446611000001107,Gabapentin 400mg capsules (Strides Pharma UK Ltd) (AMP)
42447511000001105,Gabapentin 600mg tablets (Strides Pharma UK Ltd) (AMP)
42457211000001105,Gabapentin 800mg tablets (Strides Pharma UK Ltd) (AMP)
42480511000001104,Zonisamide 25mg capsules (Macleods Pharma UK Ltd) (AMP)
42480711000001109,Zonisamide 50mg capsules (Macleods Pharma UK Ltd) (AMP)
42480911000001106,Zonisamide 100mg capsules (Macleods Pharma UK Ltd) (AMP)
42489711000001102,Zonisamide 25mg capsules (Key Pharmaceuticals Ltd) (AMP)
42489911000001100,Zonisamide 50mg capsules (Key Pharmaceuticals Ltd) (AMP)
42490311000001106,Zonisamide 100mg capsules (Key Pharmaceuticals Ltd) (AMP)
4249711000001102,Sodium valproate 300mg modified-release tablets (Alliance Healthcare (Distribution) Ltd) (AMP)
4249911000001100,Sodium valproate 500mg modified-release tablets (Alliance Healthcare (Distribution) Ltd) (AMP)
425011000001109,Carbamazepine 400mg tablets (Kent Pharma (UK) Ltd) (AMP)
42640911000001102,Oxcarbazepine 60mg/ml oral suspension sugar free (Special Order) (AMP)
42641111000001106,Oxcarbazepine 150mg tablets (Imported) (AMP)
42686611000001101,Lamotrigine 25mg dispersible tablets sugar free (AAH Hillcross) (AMP)
42693711000001104,Zonisamide 25mg capsules (Advanz Pharma) (AMP)
42693911000001102,Zonisamide 50mg capsules (Advanz Pharma) (AMP)
42694111000001103,Zonisamide 100mg capsules (Advanz Pharma) (AMP)
42749611000001109,Carbamazepine 400mg modified-release tablets (Medreich Plc) (AMP)
42749811000001108,Carbamazepine 200mg modified-release tablets (Medreich Plc) (AMP)
42756811000001104,Lamotrigine 100mg dispersible tablets sugar free (AAH Hillcross) (AMP)
42776511000001104,Topamax 50mg tablets (Abacus Medicine Ltd) (AMP)
42793411000001101,Clonazepam 500microgram tablets (Drugsrus Ltd) (AMP)
42793811000001104,Clonazepam 2mg tablets (Drugsrus Ltd) (AMP)
42793911000001109,Lacosamide 10mg/ml oral solution sugar free (Medley Pharma Ltd) (AMP)
42817311000001103,Lacosamide 10mg/ml oral solution sugar free (Alliance Healthcare (Distribution) Ltd) (AMP)
42839211000001106,Clonazepam 500microgram tablets (Necessity Supplies Ltd) (AMP)
42840111000001109,Clonazepam 2mg tablets (Necessity Supplies Ltd) (AMP)
42843011000001103,Epilim Chronosphere MR 500mg granules sachets (Necessity Supplies Ltd) (AMP)
42843211000001108,Depakote 250mg gastro-resistant tablets (Necessity Supplies Ltd) (AMP)
42843311000001100,Epilim Chronosphere MR 750mg granules sachets (Necessity Supplies Ltd) (AMP)
42843711000001101,Depakote 500mg gastro-resistant tablets (Necessity Supplies Ltd) (AMP)
42844011000001101,Epilim Chronosphere MR 1000mg granules sachets (Necessity Supplies Ltd) (AMP)
42844311000001103,Epilim Chronosphere MR 100mg granules sachets (Necessity Supplies Ltd) (AMP)
42844611000001108,Epilim Chronosphere MR 250mg granules sachets (Necessity Supplies Ltd) (AMP)
42845511000001105,Ethosuximide 250mg capsules (Necessity Supplies Ltd) (AMP)
42853911000001101,Lacosamide 200mg/20ml solution for infusion vials (Amarox Ltd) (AMP)
42863111000001107,Mysoline 250mg tablets (Necessity Supplies Ltd) (AMP)
42868111000001103,Phenytoin sodium 25mg capsules (Necessity Supplies Ltd) (AMP)
42868311000001101,Phenytoin sodium 300mg capsules (Necessity Supplies Ltd) (AMP)
42868611000001106,Phenytoin sodium 50mg capsules (Necessity Supplies Ltd) (AMP)
42869111000001105,Phenytoin sodium 100mg capsules (Necessity Supplies Ltd) (AMP)
42877011000001108,Lacosamide 50mg tablets (Novumgen Ltd) (AMP)
42877211000001103,Lacosamide 100mg tablets (Novumgen Ltd) (AMP)
42877411000001104,Lacosamide 150mg tablets (Novumgen Ltd) (AMP)
42877611000001101,Lacosamide 200mg tablets (Novumgen Ltd) (AMP)
42883211000001104,Zonisamide 50mg capsules (Pilsco Ltd) (AMP)
42903811000001109,Lacosamide 100mg tablets (Krka UK Ltd) (AMP)
42908411000001101,Lacosamide 200mg tablets (Krka UK Ltd) (AMP)
42937011000001103,Ethosuximide 250mg/5ml oral solution sugar free (G.L. Pharma UK Ltd) (AMP)
42960011000001107,Zonisamide 100mg capsules (Necessity Supplies Ltd) (AMP)
42960311000001105,Zonisamide 25mg capsules (Necessity Supplies Ltd) (AMP)
42960611000001100,Zonisamide 50mg capsules (Necessity Supplies Ltd) (AMP)
43000211000001100,Clonazepam 500microgram tablets (Novumgen Ltd) (AMP)
43000711000001107,Clonazepam 2mg tablets (Novumgen Ltd) (AMP)
43008711000001109,Lamictal 25mg dispersible tablets (Pilsco Ltd) (AMP)
43009311000001104,Lacosamide 200mg/20ml solution for infusion vials (Accord-UK Ltd) (AMP)
43136511000001103,Tegretol 100mg/5ml liquid (Imported) (AMP)
43141111000001102,Ethosuximide 250mg/5ml oral solution sugar free (Necessity Supplies Ltd) (AMP)
43154211000001107,Phenytoin sodium 25mg capsules (Medihealth (Northern) Ltd) (AMP)
43154411000001106,Phenytoin sodium 300mg capsules (Medihealth (Northern) Ltd) (AMP)
43154611000001109,Phenytoin sodium 50mg capsules (Medihealth (Northern) Ltd) (AMP)
43154811000001108,Phenytoin sodium 100mg capsules (Medihealth (Northern) Ltd) (AMP)
43178711000001105,Clonazepam 2mg tablets (Alissa Healthcare Research Ltd) (AMP)
43178911000001107,Clonazepam 500microgram tablets (Alissa Healthcare Research Ltd) (AMP)
43200111000001101,Lacosamide 10mg/ml oral solution sugar free (Flynn Pharma Ltd) (AMP)
43302211000001100,Sodium valproate 200mg/5ml oral solution sugar free (Somex Pharma) (AMP)
43372311000001102,Phenytoin sodium 100mg tablets (Necessity Supplies Ltd) (AMP)
4351111000001108,Epilim Intravenous 400mg powder and solvent for solution for injection vials (Sanofi) (AMP)
4358511000001109,Phenytoin sodium 250mg/5ml solution for injection ampoules (A A H Pharmaceuticals Ltd) (AMP)
4358711000001104,Phenytoin sodium 250mg/5ml solution for injection ampoules (Pfizer Ltd) (AMP)
4358911000001102,Epanutin Ready-Mixed Parenteral 250mg/5ml solution for injection ampoules (Viatris UK Healthcare Ltd) (AMP)
4359111000001107,Phenytoin sodium 250mg/5ml solution for injection ampoules (Alliance Healthcare (Distribution) Ltd) (AMP)
43729211000001104,Episenta 300mg modified-release capsules (Necessity Supplies Ltd) (AMP)
43767311000001105,Topiramate 100mg tablets (Novumgen Ltd) (AMP)
43767511000001104,Topiramate 200mg tablets (Novumgen Ltd) (AMP)
43767711000001109,Topiramate 25mg tablets (Novumgen Ltd) (AMP)
43767911000001106,Topiramate 50mg tablets (Novumgen Ltd) (AMP)
43770411000001109,Primidone 50mg tablets (Drugsrus Ltd) (AMP)
43770611000001107,Primidone 250mg tablets (Drugsrus Ltd) (AMP)
43787211000001104,Lacosamide 10mg/ml oral solution sugar free (Novumgen Ltd) (AMP)
4390811000001104,Pro-Epanutin 750mg/10ml concentrate for solution for injection vials (Pfizer Ltd) (AMP)
43927311000001106,Pregabalin 25mg capsules (Brown & Burk UK Ltd) (AMP)
43927611000001101,Pregabalin 50mg capsules (Brown & Burk UK Ltd) (AMP)
43929411000001108,Gabapentin 100mg capsules (Crescent Pharma Ltd) (AMP)
43929911000001100,Gabapentin 300mg capsules (Crescent Pharma Ltd) (AMP)
43963511000001104,Pregabalin 25mg capsules (Manx Healthcare Ltd) (AMP)
43964211000001104,Pregabalin 50mg capsules (Manx Healthcare Ltd) (AMP)
43965611000001101,Pregabalin 75mg capsules (Manx Healthcare Ltd) (AMP)
43965811000001102,Gabapentin 400mg capsules (Crescent Pharma Ltd) (AMP)
43965911000001107,Pregabalin 100mg capsules (Manx Healthcare Ltd) (AMP)
43966611000001106,Pregabalin 150mg capsules (Manx Healthcare Ltd) (AMP)
43967711000001104,Pregabalin 200mg capsules (Manx Healthcare Ltd) (AMP)
43968011000001100,Pregabalin 300mg capsules (Manx Healthcare Ltd) (AMP)
43990611000001106,Pregabalin 75mg capsules (Brown & Burk UK Ltd) (AMP)
43991011000001108,Pregabalin 100mg capsules (Brown & Burk UK Ltd) (AMP)
43991411000001104,Pregabalin 150mg capsules (Brown & Burk UK Ltd) (AMP)
43991811000001102,Pregabalin 200mg capsules (Brown & Burk UK Ltd) (AMP)
43998211000001107,Eslicarbazepine 200mg tablets (Amarox Ltd) (AMP)
43998411000001106,Eslicarbazepine 800mg tablets (Amarox Ltd) (AMP)
44083911000001100,Lacosamide 100mg tablets (Alliance Healthcare (Distribution) Ltd) (AMP)
44084411000001106,Lacosamide 150mg tablets (Alliance Healthcare (Distribution) Ltd) (AMP)
44084811000001108,Lacosamide 200mg tablets (Alliance Healthcare (Distribution) Ltd) (AMP)
44085011000001103,Lacosamide 50mg tablets (Alliance Healthcare (Distribution) Ltd) (AMP)
44085411000001107,Eslicarbazepine 200mg tablets (Alliance Healthcare (Distribution) Ltd) (AMP)
44231711000001103,Lacosamide 10mg/ml oral solution sugar free (Consilient Health Ltd) (AMP)
44333811000001104,Pregabalin 50mg capsules (Medical Valley Invest AB) (AMP)
443711000001108,Tegretol 200mg tablets (Novartis Pharmaceuticals UK Ltd) (AMP)
44436711000001105,Clobazam 10mg tablets (Celix Pharma Ltd) (AMP)
44681811000001100,Zonisamide 25mg capsules (Milpharm Ltd) (AMP)
44682011000001103,Zonisamide 50mg capsules (Milpharm Ltd) (AMP)
44682211000001108,Zonisamide 100mg capsules (Milpharm Ltd) (AMP)
44863011000001101,Clonazepam 2mg tablets (Aristo Pharma Ltd) (AMP)
44863511000001109,Clonazepam 500microgram tablets (Aristo Pharma Ltd) (AMP)
448711000001102,Epilim 500 gastro-resistant tablets (Sanofi) (AMP)
451611000001101,Phenobarbital 15mg tablets (Teva UK Ltd) (AMP)
45164511000001108,Carbamazepine 100mg tablets (Noumed Life Sciences Ltd) (AMP)
45164711000001103,Carbamazepine 200mg tablets (Noumed Life Sciences Ltd) (AMP)
45164911000001101,Carbamazepine 400mg tablets (Noumed Life Sciences Ltd) (AMP)
45177411000001109,Lacosamide 10mg/ml oral solution sugar free (Alissa Healthcare Research Ltd) (AMP)
45178411000001108,Briviact 75mg tablets (Pharmaram Ltd) (AMP)
45244711000001106,Lamotrigine 50mg tablets (Rudipharm Ltd) (AMP)
45244911000001108,Lamotrigine 25mg tablets (Rudipharm Ltd) (AMP)
45245111000001109,Lamotrigine 100mg tablets (Rudipharm Ltd) (AMP)
45245311000001106,Lamotrigine 200mg tablets (Rudipharm Ltd) (AMP)
4548311000001102,Mysoline 250mg/5ml oral suspension (Zeneca Pharma) (AMP)
4571411000001103,Carbamazepine 200mg modified-release tablets (A A H Pharmaceuticals Ltd) (AMP)
4571611000001100,Carbamazepine 400mg modified-release tablets (A A H Pharmaceuticals Ltd) (AMP)
459211000001102,Neurontin 100mg capsules (Viatris UK Healthcare Ltd) (AMP)
462911000001106,Sodium valproate 200mg gastro-resistant tablets (A A H Pharmaceuticals Ltd) (AMP)
4765911000001103,Epival CR 300mg tablets (G.L. Pharma UK Ltd) (AMP)
4766111000001107,Epival CR 500mg tablets (G.L. Pharma UK Ltd) (AMP)
489711000001100,Epilim Chrono 200 tablets (Sanofi) (AMP)
4974011000001103,Phenobarbital 60mg/1ml solution for injection ampoules (A A H Pharmaceuticals Ltd) (AMP)
4974211000001108,Phenobarbital 60mg/1ml solution for injection ampoules (Martindale Pharmaceuticals Ltd) (AMP)
4974411000001107,Phenobarbital 60mg/1ml solution for injection ampoules (Alliance Healthcare (Distribution) Ltd) (AMP)
4974711000001101,Phenobarbital 30mg/1ml solution for injection ampoules (A A H Pharmaceuticals Ltd) (AMP)
4974911000001104,Phenobarbital 30mg/1ml solution for injection ampoules (Martindale Pharmaceuticals Ltd) (AMP)
4975111000001103,Phenobarbital 30mg/1ml solution for injection ampoules (Alliance Healthcare (Distribution) Ltd) (AMP)
504111000001107,Carbamazepine 100mg tablets (Kent Pharma (UK) Ltd) (AMP)
504711000001108,Orlept 200mg gastro-resistant tablets (Wockhardt UK Ltd) (AMP)
506411000001105,Carbamazepine 100mg tablets (Alliance Healthcare (Distribution) Ltd) (AMP)
509911000001106,Carbamazepine 400mg modified-release tablets (Alliance Healthcare (Distribution) Ltd) (AMP)
511611000001103,Neurontin 600mg tablets (Viatris UK Healthcare Ltd) (AMP)
514411000001104,Carbamazepine 100mg tablets (Actavis UK Ltd) (AMP)
520611000001103,Carbamazepine 200mg tablets (Alliance Healthcare (Distribution) Ltd) (AMP)
534711000001104,Sodium valproate 200mg/5ml oral solution sugar free (IVAX Pharmaceuticals UK Ltd) (AMP)
5367711000001103,Frisium 10mg tablets (Waymade Healthcare Plc) (AMP)
5369711000001106,Gabitril 5mg tablets (Waymade Healthcare Plc) (AMP)
5370011000001107,Gabitril 10mg tablets (Waymade Healthcare Plc) (AMP)
5370211000001102,Gabitril 15mg tablets (Waymade Healthcare Plc) (AMP)
5379611000001106,Lamictal 200mg tablets (Waymade Healthcare Plc) (AMP)
5380111000001103,Lamotrigine 50mg tablets (Waymade Healthcare Plc) (AMP)
5380411000001108,Lamictal 5mg dispersible tablets (Waymade Healthcare Plc) (AMP)
5380511000001107,Lamotrigine 100mg tablets (Waymade Healthcare Plc) (AMP)
5381611000001101,Lamictal 25mg dispersible tablets (Waymade Healthcare Plc) (AMP)
5384111000001107,Lamictal 100mg dispersible tablets (Waymade Healthcare Plc) (AMP)
5398011000001101,Neurontin 100mg capsules (Waymade Healthcare Plc) (AMP)
5398211000001106,Neurontin 300mg capsules (Waymade Healthcare Plc) (AMP)
5398411000001105,Neurontin 400mg capsules (Waymade Healthcare Plc) (AMP)
5400111000001109,Neurontin 600mg tablets (Waymade Healthcare Plc) (AMP)
5400311000001106,Neurontin 800mg tablets (Waymade Healthcare Plc) (AMP)
5406711000001108,Rivotril 2mg tablets (Waymade Healthcare Plc) (AMP)
5408311000001108,Sabril 500mg granules for oral solution sachets (Waymade Healthcare Plc) (AMP)
5410011000001106,Sabril 500mg tablets (Waymade Healthcare Plc) (AMP)
5418811000001102,Tegretol Prolonged Release 400mg tablets (Waymade Healthcare Plc) (AMP)
5419211000001108,Tegretol 100mg/5ml liquid (Waymade Healthcare Plc) (AMP)
5420811000001108,Topamax 50mg tablets (Waymade Healthcare Plc) (AMP)
5421511000001103,Topamax 100mg tablets (Waymade Healthcare Plc) (AMP)
5422211000001108,Topamax 200mg tablets (Waymade Healthcare Plc) (AMP)
544811000001106,Phenobarbital 200mg/1ml solution for injection ampoules (A A H Pharmaceuticals Ltd) (AMP)
5459611000001104,Topiramate 50mg tablets (Dowelhurst Ltd) (AMP)
5460411000001103,Topiramate 100mg tablets (Dowelhurst Ltd) (AMP)
5461811000001109,Topiramate 200mg tablets (Dowelhurst Ltd) (AMP)
5463311000001104,Tiagabine 10mg tablets (Dowelhurst Ltd) (AMP)
5463911000001103,Tiagabine 15mg tablets (Dowelhurst Ltd) (AMP)
5464511000001108,Gabapentin 300mg capsules (Dowelhurst Ltd) (AMP)
5465111000001100,Gabapentin 400mg capsules (Dowelhurst Ltd) (AMP)
5466211000001100,Tiagabine 5mg tablets (Dowelhurst Ltd) (AMP)
5471011000001105,Lamotrigine 25mg tablets (Dowelhurst Ltd) (AMP)
5471411000001101,Gabapentin 100mg capsules (Teva UK Ltd) (AMP)
5472411000001106,Gabapentin 300mg capsules (Teva UK Ltd) (AMP)
5473811000001100,Gabapentin 400mg capsules (Teva UK Ltd) (AMP)
5474211000001103,Gabapentin 600mg tablets (Teva UK Ltd) (AMP)
5474711000001105,Lamotrigine 50mg tablets (Dowelhurst Ltd) (AMP)
5475011000001107,Lamotrigine 100mg tablets (Dowelhurst Ltd) (AMP)
5475211000001102,Gabapentin 800mg tablets (Teva UK Ltd) (AMP)
5475711000001109,Lamotrigine 200mg tablets (Dowelhurst Ltd) (AMP)
548211000001104,Phenobarbital 15mg tablets (A A H Pharmaceuticals Ltd) (AMP)
5485211000001108,Topamax 25mg tablets (Waymade Healthcare Plc) (AMP)
5504011000001105,Gabapentin 100mg capsules (Dowelhurst Ltd) (AMP)
5507811000001108,Vigabatrin 500mg tablets (Dowelhurst Ltd) (AMP)
552511000001100,Epilim 100mg crushable tablets (Sanofi) (AMP)
5546811000001103,Gabitril 5mg tablets (Dowelhurst Ltd) (AMP)
5547911000001106,Neurontin 300mg capsules (Dowelhurst Ltd) (AMP)
5548611000001101,Neurontin 400mg capsules (Dowelhurst Ltd) (AMP)
5548911000001107,Gabitril 10mg tablets (Dowelhurst Ltd) (AMP)
555011000001103,Sodium valproate 500mg gastro-resistant tablets (Kent Pharma (UK) Ltd) (AMP)
5550211000001103,Gabitril 15mg tablets (Dowelhurst Ltd) (AMP)
5554511000001109,Lamictal 200mg tablets (Dowelhurst Ltd) (AMP)
5554911000001102,Lamictal 100mg dispersible tablets (Dowelhurst Ltd) (AMP)
5555311000001104,Lamictal 100mg tablets (Dowelhurst Ltd) (AMP)
5555711000001100,Lamictal 25mg dispersible tablets (Dowelhurst Ltd) (AMP)
5557011000001109,Lamictal 25mg tablets (Dowelhurst Ltd) (AMP)
5560511000001107,Lamictal 50mg tablets (Dowelhurst Ltd) (AMP)
55611000001105,Phenytoin sodium 100mg tablets (Teva UK Ltd) (AMP)
5563911000001108,Lamictal 5mg dispersible tablets (Dowelhurst Ltd) (AMP)
5566111000001100,Neurontin 100mg capsules (Dowelhurst Ltd) (AMP)
5567111000001102,Neurontin 600mg tablets (Dowelhurst Ltd) (AMP)
5567711000001101,Neurontin 800mg tablets (Dowelhurst Ltd) (AMP)
5568111000001101,Gabapentin 100mg capsules (A A H Pharmaceuticals Ltd) (AMP)
5569411000001103,Gabapentin 300mg capsules (A A H Pharmaceuticals Ltd) (AMP)
5569611000001100,Gabapentin 400mg capsules (A A H Pharmaceuticals Ltd) (AMP)
5570311000001108,Gabapentin 600mg tablets (A A H Pharmaceuticals Ltd) (AMP)
5570911000001109,Gabapentin 800mg tablets (A A H Pharmaceuticals Ltd) (AMP)
5579211000001107,Sabril 500mg tablets (Dowelhurst Ltd) (AMP)
5586611000001106,Tegretol Prolonged Release 400mg tablets (Dowelhurst Ltd) (AMP)
5587411000001105,Topamax 100mg tablets (Dowelhurst Ltd) (AMP)
5588411000001109,Topamax 15mg sprinkle capsules (Dowelhurst Ltd) (AMP)
5590611000001108,Topamax 25mg sprinkle capsules (Dowelhurst Ltd) (AMP)
5592811000001108,Topamax 25mg tablets (Dowelhurst Ltd) (AMP)
5593911000001105,Topamax 50mg tablets (Dowelhurst Ltd) (AMP)
5596711000001101,Zarontin 250mg capsules (Dowelhurst Ltd) (AMP)
5628811000001109,Gabapentin 100mg capsules (Kent Pharma (UK) Ltd) (AMP)
5629011000001108,Gabapentin 300mg capsules (Kent Pharma (UK) Ltd) (AMP)
5629211000001103,Gabapentin 400mg capsules (Kent Pharma (UK) Ltd) (AMP)
5629911000001107,Gabapentin 600mg tablets (Kent Pharma (UK) Ltd) (AMP)
5630311000001104,Gabapentin 800mg tablets (Kent Pharma (UK) Ltd) (AMP)
563311000001108,Phenobarbital 60mg tablets (Accord-UK Ltd) (AMP)
566911000001103,Phenobarbital 60mg tablets (A A H Pharmaceuticals Ltd) (AMP)
56811000001101,Phenobarbital 15mg tablets (Kent Pharma (UK) Ltd) (AMP)
569811000001102,Phenobarbital 15mg tablets (Alliance Healthcare (Distribution) Ltd) (AMP)
577711000001109,Sodium valproate 200mg/5ml oral solution sugar free (Alliance Healthcare (Distribution) Ltd) (AMP)
591311000001109,Sodium valproate 200mg gastro-resistant tablets (Teva UK Ltd) (AMP)
607111000001109,Phenytoin sodium 100mg tablets (The Boots Company Plc) (AMP)
612111000001105,Carbamazepine 100mg tablets (Viatris UK Healthcare Ltd) (AMP)
624411000001104,Phenytoin sodium 100mg tablets (Alliance Healthcare (Distribution) Ltd) (AMP)
640811000001105,Carbagen SR 400mg tablets (Viatris UK Healthcare Ltd) (AMP)
643611000001102,Epimaz Retard 400mg tablets (IVAX Pharmaceuticals UK Ltd) (AMP)
655211000001103,Sodium valproate 500mg gastro-resistant tablets (Actavis UK Ltd) (AMP)
658111000001104,Teril Retard 400mg tablets (Taro Pharmaceuticals (UK) Ltd) (AMP)
662611000001103,Tegretol Prolonged Release 400mg tablets (Novartis Pharmaceuticals UK Ltd) (AMP)
680511000001100,Tegretol 100mg tablets (Novartis Pharmaceuticals UK Ltd) (AMP)
702711000001104,Tegretol 400mg tablets (Novartis Pharmaceuticals UK Ltd) (AMP)
725911000001101,Epanutin 100mg capsules (Pfizer Ltd) (AMP)
731411000001109,Sodium valproate 200mg/5ml oral solution sugar free (Zentiva Pharma UK Ltd) (AMP)
7315411000001103,Trileptal 60mg/ml oral suspension (Novartis Pharmaceuticals UK Ltd) (AMP)
739111000001100,Epilim Chrono 500 tablets (Sanofi) (AMP)
755011000001104,Sodium valproate 500mg gastro-resistant tablets (Zentiva Pharma UK Ltd) (AMP)
757711000001108,Sodium valproate 200mg gastro-resistant tablets (Kent Pharma (UK) Ltd) (AMP)
760111000001100,Tegretol 100mg/5ml liquid (Novartis Pharmaceuticals UK Ltd) (AMP)
760511000001109,Epimaz 400mg tablets (Teva UK Ltd) (AMP)
7655011000001106,Rivotril 2.5mg/1ml drops (Imported (Switzerland)) (AMP)
7662511000001100,Clonazepam 2.5mg/ml drops sugar free (VMP)
767111000001104,Zarontin 250mg capsules (Pfizer Ltd) (AMP)
776044009,Fosphenytoin (VTM)
776457006,Lacosamide (VTM)
777017007,Oxcarbazepine (VTM)
777126008,Perampanel (VTM)
777475004,Rufinamide (VTM)
777762000,Tiagabine (VTM)
778111000001105,Carbamazepine 200mg modified-release tablets (Alliance Healthcare (Distribution) Ltd) (AMP)
781611000001101,Sodium valproate 500mg gastro-resistant tablets (A A H Pharmaceuticals Ltd) (AMP)
782711000001103,Zarontin 250mg/5ml syrup (Essential Pharma Ltd) (AMP)
7847211000001100,Gabapentin 100mg capsules (Alliance Healthcare (Distribution) Ltd) (AMP)
7847411000001101,Gabapentin 300mg capsules (Alliance Healthcare (Distribution) Ltd) (AMP)
7847611000001103,Gabapentin 400mg capsules (Alliance Healthcare (Distribution) Ltd) (AMP)
7847911000001109,Gabapentin 800mg tablets (Alliance Healthcare (Distribution) Ltd) (AMP)
7889411000001104,Lyrica 25mg capsules (Viatris UK Healthcare Ltd) (AMP)
7890211000001109,Lyrica 50mg capsules (Viatris UK Healthcare Ltd) (AMP)
7890511000001107,Lyrica 75mg capsules (Viatris UK Healthcare Ltd) (AMP)
7890811000001105,Lyrica 100mg capsules (Viatris UK Healthcare Ltd) (AMP)
7891211000001103,Lyrica 150mg capsules (Viatris UK Healthcare Ltd) (AMP)
7891611000001101,Lyrica 200mg capsules (Viatris UK Healthcare Ltd) (AMP)
789211000001102,Arbil MR 200mg tablets (Sun Pharma UK Ltd) (AMP)
7892111000001104,Lyrica 300mg capsules (Viatris UK Healthcare Ltd) (AMP)
789911000001106,Epilim Chrono 300 tablets (Sanofi) (AMP)
791711000001109,Phenytoin sodium 50mg tablets (The Boots Company Plc) (AMP)
796011000001100,Carbamazepine 400mg modified-release tablets (Kent Pharma (UK) Ltd) (AMP)
8069911000001100,Dronabinol 2.7mg/dose / Cannabidiol 2.5mg/dose oromucosal spray (VMP)
8070111000001100,Sativex oromucosal spray (Jazz Pharmaceuticals Operations UK Ltd) (AMP)
8171111000001104,Keppra 750mg tablets (UCB Pharma Ltd) (AMP)
8176611000001100,Keppra 100mg/ml oral solution (UCB Pharma Ltd) (AMP)
823811000001105,Topamax 100mg tablets (Janssen-Cilag Ltd) (AMP)
8285511000001102,Levetiracetam 100mg/ml oral solution sugar free (VMP)
8326111000001104,Carbamazepine 40mg/5ml oral suspension (Special Order) (AMP)
8326911000001101,Carbamazepine 500mg/5ml oral suspension (Special Order) (AMP)
8344911000001107,Clobazam 12.5mg/5ml oral solution (Special Order) (AMP)
8345411000001103,Clobazam 12.5mg/5ml oral suspension (Special Order) (AMP)
8348911000001100,Clobazam 1mg/5ml oral solution (Special Order) (AMP)
8352311000001102,Clobazam 10mg/5ml oral solution (Special Order) (AMP)
8352611000001107,Clobazam 1mg/5ml oral suspension (Special Order) (AMP)
8352711000001103,Clobazam 15mg/5ml oral solution (Special Order) (AMP)
8354711000001108,Carbamazepine 40mg/5ml oral suspension (VMP)
8354811000001100,Clobazam 10mg/5ml oral suspension (Special Order) (AMP)
8354911000001105,Carbamazepine 500mg/5ml oral suspension (VMP)
8355011000001105,Clobazam 15mg/5ml oral suspension (Special Order) (AMP)
8356711000001104,Clobazam 2.5mg/5ml oral solution (Special Order) (AMP)
8357211000001108,Clobazam 2.5mg/5ml oral suspension (Special Order) (AMP)
8360011000001108,Clobazam 12.5mg/5ml oral solution (VMP)
8360111000001109,Clobazam 12.5mg/5ml oral suspension (VMP)
8360211000001103,Clobazam 1mg/5ml oral solution (VMP)
8360711000001105,Clobazam 10mg/5ml oral solution (VMP)
8360811000001102,Clobazam 10mg/5ml oral suspension (VMP)
8360911000001107,Clobazam 15mg/5ml oral solution (VMP)
8361011000001104,Clobazam 15mg/5ml oral suspension (VMP)
8361111000001103,Clobazam 1mg/5ml oral suspension (VMP)
8361211000001109,Clobazam 2.5mg/5ml oral solution (VMP)
8361311000001101,Clobazam 2.5mg/5ml oral suspension (VMP)
8361911000001100,Clobazam 3.5mg/5ml oral solution (Special Order) (AMP)
8362011000001107,Clobazam 25mg/5ml oral solution (Special Order) (AMP)
8362511000001104,Clobazam 3.5mg/5ml oral suspension (Special Order) (AMP)
8362811000001101,Clobazam 20mg/5ml oral solution (Special Order) (AMP)
8363011000001103,Clobazam 2mg/5ml oral solution (Special Order) (AMP)
8363211000001108,Clobazam 25mg/5ml oral suspension (Special Order) (AMP)
8363611000001105,Clobazam 4mg/5ml oral solution (Special Order) (AMP)
8363911000001104,Clobazam 2mg/5ml oral suspension (Special Order) (AMP)
8364311000001103,Clobazam 50mg/5ml oral solution (Special Order) (AMP)
8364411000001105,Clobazam 4mg/5ml oral suspension (Special Order) (AMP)
8364711000001104,Clobazam 50mg/5ml oral suspension (Special Order) (AMP)
8365111000001101,Clobazam 6mg/5ml oral solution (Special Order) (AMP)
8365411000001106,Clobazam 6mg/5ml oral suspension (Special Order) (AMP)
8366111000001107,Clobazam 20mg/5ml oral suspension (Special Order) (AMP)
8366211000001101,Clobazam 20mg/5ml oral solution (VMP)
8366311000001109,Clobazam 20mg/5ml oral suspension (VMP)
8366411000001102,Clobazam 25mg/5ml oral solution (VMP)
8366611000001104,Clobazam 25mg/5ml oral suspension (VMP)
8366711000001108,Clobazam 2mg/5ml oral solution (VMP)
8366811000001100,Clobazam 2mg/5ml oral suspension (VMP)
8366911000001105,Clobazam 3.5mg/5ml oral solution (VMP)
8367111000001105,Clobazam 3.5mg/5ml oral suspension (VMP)
8367211000001104,Clobazam 4mg/5ml oral solution (VMP)
8367411000001100,Clobazam 4mg/5ml oral suspension (VMP)
8367511000001101,Clobazam 50mg/5ml oral solution (VMP)
8367611000001102,Clobazam 50mg/5ml oral suspension (VMP)
8367711000001106,Clobazam 5mg/5ml oral solution (Special Order) (AMP)
8367811000001103,Clobazam 6mg/5ml oral solution (VMP)
8368011000001105,Clobazam 6mg/5ml oral suspension (VMP)
8368611000001103,Clobazam 5mg/5ml oral solution (VMP)
8368711000001107,Clobazam 5mg/5ml oral suspension (Special Order) (AMP)
8368811000001104,Clobazam 5mg/5ml oral suspension (VMP)
8371211000001101,Clonazepam 1.5mg/5ml oral solution (Special Order) (AMP)
8372111000001102,Clonazepam 1.5mg/5ml oral suspension (Special Order) (AMP)
8372811000001109,Clonazepam 1.25mg/5ml oral solution (Special Order) (AMP)
8373411000001103,Clonazepam 10mg/5ml oral solution (Special Order) (AMP)
8374111000001105,Clonazepam 10mg/5ml oral suspension (Special Order) (AMP)
8374311000001107,Clonazepam 1.25mg/5ml oral suspension (Special Order) (AMP)
8376711000001102,Clonazepam 2.5mg/5ml oral solution (Special Order) (AMP)
8377011000001101,Clonazepam 200micrograms/5ml oral solution (Special Order) (AMP)
8377711000001104,Clonazepam 180micrograms/5ml oral solution (Special Order) (AMP)
8378111000001104,Clonazepam 200micrograms/5ml oral suspension (Special Order) (AMP)
8378411000001109,Clonazepam 2.5mg/5ml oral suspension (Special Order) (AMP)
8378711000001103,Clonazepam 1mg/5ml oral solution (Special Order) (AMP)
8378911000001101,Clonazepam 180micrograms/5ml oral suspension (Special Order) (AMP)
8379411000001101,Clonazepam 2mg/5ml oral solution (Special Order) (AMP)
8379711000001107,Clonazepam 1mg/5ml oral suspension (Special Order) (AMP)
8380111000001106,Clonazepam 2mg/5ml oral suspension (Special Order) (AMP)
8380311000001108,Clonazepam 250micrograms/5ml oral solution (Drug Tariff Special Order) (AMP)
8380811000001104,Clonazepam 350micrograms/5ml oral suspension (Special Order) (AMP)
8381111000001100,Clonazepam 250micrograms/5ml oral suspension (Drug Tariff Special Order) (AMP)
8381411000001105,Clonazepam 350micrograms/5ml oral solution (Special Order) (AMP)
8381711000001104,Clonazepam 3mg/5ml oral solution (Special Order) (AMP)
8382011000001109,Clonazepam 3mg/5ml oral suspension (Special Order) (AMP)
8382211000001104,Clonazepam 1.25mg/5ml oral solution (VMP)
8382311000001107,Clonazepam 1.25mg/5ml oral suspension (VMP)
8382411000001100,Clonazepam 1.5mg/5ml oral solution (VMP)
8382511000001101,Clonazepam 1.5mg/5ml oral suspension (VMP)
8382911000001108,Clonazepam 10mg/5ml oral solution (VMP)
8383011000001100,Clonazepam 10mg/5ml oral suspension (VMP)
8383311000001102,Clonazepam 3.75mg/5ml oral solution (Special Order) (AMP)
8383711000001103,Clonazepam 3.75mg/5ml oral suspension (Special Order) (AMP)
8384911000001104,Clonazepam 4mg/5ml oral solution (Special Order) (AMP)
8385311000001101,Clonazepam 500micrograms/5ml oral solution (Special Order) (AMP)
8385411000001108,Clonazepam 375micrograms/5ml oral solution (Special Order) (AMP)
8386111000001109,Clonazepam 4mg/5ml oral suspension (Special Order) (AMP)
8386311000001106,Clonazepam 500micrograms/5ml oral suspension (Special Order) (AMP)
8387211000001101,Clonazepam 5mg/5ml oral solution (Special Order) (AMP)
8387811000001100,Clonazepam 375micrograms/5ml oral suspension (Special Order) (AMP)
8388211000001102,Clonazepam 5mg/5ml oral suspension (Special Order) (AMP)
8389311000001104,Clonazepam 7.5mg/5ml oral solution (Special Order) (AMP)
8389711000001100,Clonazepam 7.5mg/5ml oral suspension (Special Order) (AMP)
8390911000001105,Clonazepam 625micrograms/5ml oral solution (Special Order) (AMP)
839211000001109,Keppra 500mg tablets (UCB Pharma Ltd) (AMP)
8392211000001100,Clonazepam 625micrograms/5ml oral suspension (Special Order) (AMP)
8394911000001100,Clonazepam 180micrograms/5ml oral solution (VMP)
8395011000001100,Clonazepam 180micrograms/5ml oral suspension (VMP)
8395111000001104,Clonazepam 1mg/5ml oral solution (VMP)
8395211000001105,Clonazepam 1mg/5ml oral suspension (VMP)
8395311000001102,Clonazepam 2.5mg/5ml oral solution (VMP)
8395411000001109,Clonazepam 2.5mg/5ml oral suspension (VMP)
8395511000001108,Clonazepam 200micrograms/5ml oral solution (VMP)
8395611000001107,Clonazepam 200micrograms/5ml oral suspension (VMP)
8395711000001103,Clonazepam 250micrograms/5ml oral solution (VMP)
8395811000001106,Clonazepam 250micrograms/5ml oral suspension (VMP)
8395911000001101,Clonazepam 2mg/5ml oral solution (VMP)
8396011000001109,Clonazepam 2mg/5ml oral suspension (VMP)
8396111000001105,Clonazepam 3.75mg/5ml oral solution (VMP)
8396211000001104,Clonazepam 3.75mg/5ml oral suspension (VMP)
8396311000001107,Clonazepam 350micrograms/5ml oral solution (VMP)
8396411000001100,Clonazepam 350micrograms/5ml oral suspension (VMP)
8396511000001101,Clonazepam 375micrograms/5ml oral solution (VMP)
8396611000001102,Clonazepam 375micrograms/5ml oral suspension (VMP)
8396711000001106,Clonazepam 3mg/5ml oral solution (VMP)
8396811000001103,Clonazepam 3mg/5ml oral suspension (VMP)
8396911000001108,Clonazepam 4mg/5ml oral solution (VMP)
8397011000001107,Clonazepam 4mg/5ml oral suspension (VMP)
8397111000001108,Clonazepam 500micrograms/5ml oral solution (VMP)
8397211000001102,Clonazepam 500micrograms/5ml oral suspension (VMP)
8397311000001105,Clonazepam 5mg/5ml oral solution (VMP)
8397411000001103,Clonazepam 5mg/5ml oral suspension (VMP)
8397511000001104,Clonazepam 625micrograms/5ml oral solution (VMP)
8397611000001100,Clonazepam 625micrograms/5ml oral suspension (VMP)
8397711000001109,Clonazepam 7.5mg/5ml oral solution (VMP)
8397811000001101,Clonazepam 7.5mg/5ml oral suspension (VMP)
84011000001105,Sodium valproate 500mg gastro-resistant tablets (Teva UK Ltd) (AMP)
8491211000001103,Gabapentin 100mg/5ml oral solution (Drug Tariff Special Order) (AMP)
8492011000001100,Gabapentin 100mg/5ml oral suspension (Drug Tariff Special Order) (AMP)
8492311000001102,Gabapentin 250mg/5ml oral solution (Special Order) (AMP)
8492811000001106,Gabapentin 250mg/5ml oral suspension (Special Order) (AMP)
8493211000001104,Gabapentin 450mg/5ml oral solution (Special Order) (AMP)
8493511000001101,Gabapentin 300mg/5ml oral solution (Special Order) (AMP)
8493811000001103,Gabapentin 450mg/5ml oral suspension (Special Order) (AMP)
8494411000001102,Gabapentin 300mg/5ml oral suspension (Special Order) (AMP)
8494811000001100,Gabapentin 50mg/5ml oral solution (Special Order) (AMP)
8496311000001103,Gabapentin 50mg/5ml oral suspension (Special Order) (AMP)
851511000001107,Carbamazepine 200mg modified-release tablets (Kent Pharma (UK) Ltd) (AMP)
8520111000001104,Gabapentin 100mg/5ml oral solution (VMP)
8520211000001105,Gabapentin 100mg/5ml oral suspension (VMP)
8520411000001109,Gabapentin 250mg/5ml oral suspension (VMP)
8520511000001108,Gabapentin 300mg/5ml oral solution (VMP)
8523111000001106,Gabapentin 300mg/5ml oral suspension (VMP)
8523211000001100,Gabapentin 450mg/5ml oral solution (VMP)
8523311000001108,Gabapentin 450mg/5ml oral suspension (VMP)
8523411000001101,Gabapentin 50mg/5ml oral solution (VMP)
8523511000001102,Gabapentin 50mg/5ml oral suspension (VMP)
8564711000001101,Lamotrigine 20mg/5ml oral suspension (Special Order) (AMP)
8565311000001101,Lamotrigine 50mg/5ml oral suspension (Special Order) (AMP)
8566111000001109,Levetiracetam 300mg/5ml oral solution (Special Order) (AMP)
8566611000001101,Levetiracetam 300mg/5ml oral suspension (Special Order) (AMP)
8582511000001103,Lamotrigine 20mg/5ml oral suspension (VMP)
8582611000001104,Lamotrigine 50mg/5ml oral suspension (VMP)
8583811000001108,Levetiracetam 300mg/5ml oral solution (VMP)
8583911000001103,Levetiracetam 300mg/5ml oral suspension (VMP)
8611000001108,Sodium valproate 500mg gastro-resistant tablets (Alliance Healthcare (Distribution) Ltd) (AMP)
8713411000001107,Topiramate 25mg/5ml oral suspension (Drug Tariff Special Order) (AMP)
8713811000001109,Topiramate 50mg/5ml oral suspension (Special Order) (AMP)
872211000001104,Orlept SF 200mg/5ml liquid (Wockhardt UK Ltd) (AMP)
8723811000001103,Topiramate 50mg/5ml oral suspension (VMP)
8723911000001108,Topiramate 25mg/5ml oral suspension (VMP)
8747011000001101,Clobazam 2.5mg capsules (Special Order) (AMP)
8768411000001102,Primidone 50mg capsules (Special Order) (AMP)
87711000001100,Mysoline 250mg tablets (SERB) (AMP)
8789511000001106,Phenobarbital 50mg/5ml oral solution (Drug Tariff Special Order) (AMP)
8790011000001107,Phenobarbital 50mg/5ml oral suspension (Drug Tariff Special Order) (AMP)
8792211000001101,Clobazam 2.5mg capsules (VMP)
8800311000001105,Primidone 50mg capsules (VMP)
8800811000001101,Phenobarbital 50mg/5ml oral suspension (VMP)
8800911000001106,Phenobarbital 50mg/5ml oral solution (VMP)
880211000001107,Sodium valproate 200mg gastro-resistant tablets (Viatris UK Healthcare Ltd) (AMP)
8807711000001105,Primidone 200mg/5ml oral suspension (Special Order) (AMP)
8808311000001107,Primidone 25mg/5ml oral suspension (Special Order) (AMP)
8808911000001108,Primidone 50mg/5ml oral suspension (Drug Tariff Special Order) (AMP)
8809511000001107,Primidone 62.5mg/5ml oral suspension (Drug Tariff Special Order) (AMP)
8810111000001106,Sodium valproate 300mg suppositories (Special Order) (AMP)
8814411000001107,Phenytoin 90mg/5ml oral suspension (Drug Tariff Special Order) (AMP)
8817911000001105,Phenytoin 90mg/5ml oral suspension (VMP)
8818011000001107,Primidone 200mg/5ml oral suspension (VMP)
8818111000001108,Primidone 25mg/5ml oral suspension (VMP)
8818211000001102,Primidone 50mg/5ml oral suspension (VMP)
8818311000001105,Primidone 62.5mg/5ml oral suspension (VMP)
8818511000001104,Sodium valproate 300mg suppositories (VMP)
889311000001108,Epilim 200 gastro-resistant tablets (Sanofi) (AMP)
89011000001106,Carbamazepine 400mg tablets (Teva UK Ltd) (AMP)
8916811000001109,Gabapentin 100mg capsules (Viatris UK Healthcare Ltd) (AMP)
8917211000001105,Gabapentin 300mg capsules (Viatris UK Healthcare Ltd) (AMP)
8917511000001108,Gabapentin 400mg capsules (Viatris UK Healthcare Ltd) (AMP)
892411000001106,Epilim 200mg/5ml syrup (Sanofi) (AMP)
896911000001104,Phenobarbital 30mg tablets (Alliance Healthcare (Distribution) Ltd) (AMP)
902511000001102,Sodium valproate 200mg/5ml oral solution sugar free (Kent Pharma (UK) Ltd) (AMP)
91511000001103,Carbamazepine 200mg tablets (Actavis UK Ltd) (AMP)
918411000001102,Phenobarbital 30mg tablets (Accord-UK Ltd) (AMP)
926511000001105,Sodium valproate 200mg gastro-resistant tablets (IVAX Pharmaceuticals UK Ltd) (AMP)
929411000001104,Keppra 250mg tablets (UCB Pharma Ltd) (AMP)
9298111000001103,Gabapentin 100mg capsules (IVAX Pharmaceuticals UK Ltd) (AMP)
9298311000001101,Gabapentin 300mg capsules (IVAX Pharmaceuticals UK Ltd) (AMP)
9298511000001107,Gabapentin 400mg capsules (IVAX Pharmaceuticals UK Ltd) (AMP)
929911000001107,Frisium 10mg tablets (Atnahs Pharma UK Ltd) (AMP)
9303511000001105,Zonegran 25mg capsules (Advanz Pharma) (AMP)
9303911000001103,Zonegran 50mg capsules (Advanz Pharma) (AMP)
9304111000001104,Zonegran 100mg capsules (Advanz Pharma) (AMP)
9308411000001100,Gabapentin 300mg capsules (Sandoz Ltd) (AMP)
9326611000001105,Lamotrigine 25mg tablets (Viatris UK Healthcare Ltd) (AMP)
9326811000001109,Lamotrigine 50mg tablets (Viatris UK Healthcare Ltd) (AMP)
9327011000001100,Lamotrigine 100mg tablets (Viatris UK Healthcare Ltd) (AMP)
9327211000001105,Lamotrigine 200mg tablets (Viatris UK Healthcare Ltd) (AMP)
9327411000001109,Lamotrigine 25mg tablets (Actavis UK Ltd) (AMP)
9327611000001107,Lamotrigine 50mg tablets (Actavis UK Ltd) (AMP)
9327811000001106,Lamotrigine 100mg tablets (Actavis UK Ltd) (AMP)
9328011000001104,Lamotrigine 200mg tablets (Actavis UK Ltd) (AMP)
9328711000001102,Lamotrigine 5mg dispersible tablets sugar free (Kent Pharma (UK) Ltd) (AMP)
9328911000001100,Lamotrigine 25mg dispersible tablets sugar free (Kent Pharma (UK) Ltd) (AMP)
9329111000001105,Lamotrigine 100mg dispersible tablets sugar free (Kent Pharma (UK) Ltd) (AMP)
9329311000001107,Lamotrigine 25mg tablets (Kent Pharma (UK) Ltd) (AMP)
9329511000001101,Lamotrigine 50mg tablets (Kent Pharma (UK) Ltd) (AMP)
9329711000001106,Lamotrigine 100mg tablets (Kent Pharma (UK) Ltd) (AMP)
9329911000001108,Lamotrigine 200mg tablets (Kent Pharma (UK) Ltd) (AMP)
9360411000001102,Lamotrigine 25mg tablets (IVAX Pharmaceuticals UK Ltd) (AMP)
9360611000001104,Lamotrigine 50mg tablets (IVAX Pharmaceuticals UK Ltd) (AMP)
9360811000001100,Lamotrigine 100mg tablets (IVAX Pharmaceuticals UK Ltd) (AMP)
9361011000001102,Lamotrigine 200mg tablets (IVAX Pharmaceuticals UK Ltd) (AMP)
9376811000001108,Lamotrigine 25mg tablets (PLIVA Pharma Ltd) (AMP)
9377011000001104,Lamotrigine 50mg tablets (PLIVA Pharma Ltd) (AMP)
9377711000001102,Lamotrigine 100mg tablets (PLIVA Pharma Ltd) (AMP)
9377911000001100,Lamotrigine 200mg tablets (PLIVA Pharma Ltd) (AMP)
9378311000001100,Lamotrigine 5mg dispersible tablets sugar free (PLIVA Pharma Ltd) (AMP)
9378511000001106,Lamotrigine 25mg dispersible tablets sugar free (PLIVA Pharma Ltd) (AMP)
9378711000001101,Lamotrigine 100mg dispersible tablets sugar free (PLIVA Pharma Ltd) (AMP)
9450711000001106,Lamotrigine 25mg tablets (Teva UK Ltd) (AMP)
9450911000001108,Lamotrigine 50mg tablets (Teva UK Ltd) (AMP)
9451211000001105,Lamotrigine 100mg tablets (Teva UK Ltd) (AMP)
9451411000001109,Lamotrigine 200mg tablets (Teva UK Ltd) (AMP)
9451811000001106,Lamotrigine 25mg dispersible tablets sugar free (Teva UK Ltd) (AMP)
9452011000001108,Lamotrigine 100mg dispersible tablets sugar free (Teva UK Ltd) (AMP)
9454111000001101,Lamotrigine 25mg tablets (Alliance Healthcare (Distribution) Ltd) (AMP)
9454511000001105,Lamotrigine 50mg tablets (Alliance Healthcare (Distribution) Ltd) (AMP)
9454711000001100,Lamotrigine 100mg tablets (Alliance Healthcare (Distribution) Ltd) (AMP)
9455011000001103,Lamotrigine 200mg tablets (Alliance Healthcare (Distribution) Ltd) (AMP)
9455411000001107,Lamotrigine 2mg dispersible tablets sugar free (Alliance Healthcare (Distribution) Ltd) (AMP)
9455711000001101,Lamotrigine 5mg dispersible tablets sugar free (Alliance Healthcare (Distribution) Ltd) (AMP)
9456011000001107,Lamotrigine 25mg dispersible tablets sugar free (Alliance Healthcare (Distribution) Ltd) (AMP)
9456311000001105,Lamotrigine 100mg dispersible tablets sugar free (Alliance Healthcare (Distribution) Ltd) (AMP)
9458411000001102,Lamotrigine 5mg dispersible tablets sugar free (A A H Pharmaceuticals Ltd) (AMP)
9458611000001104,Lamotrigine 25mg dispersible tablets sugar free (A A H Pharmaceuticals Ltd) (AMP)
9458811000001100,Lamotrigine 100mg dispersible tablets sugar free (A A H Pharmaceuticals Ltd) (AMP)
9459011000001101,Lamotrigine 25mg tablets (A A H Pharmaceuticals Ltd) (AMP)
9459411000001105,Lamotrigine 50mg tablets (A A H Pharmaceuticals Ltd) (AMP)
9460011000001100,Lamotrigine 100mg tablets (A A H Pharmaceuticals Ltd) (AMP)
9460211000001105,Lamotrigine 200mg tablets (A A H Pharmaceuticals Ltd) (AMP)
9471711000001100,Lamotrigine 25mg tablets (Sandoz Ltd) (AMP)
9471911000001103,Lamotrigine 50mg tablets (Sandoz Ltd) (AMP)
9472111000001106,Lamotrigine 100mg tablets (Sandoz Ltd) (AMP)
9472311000001108,Lamotrigine 200mg tablets (Sandoz Ltd) (AMP)
9557711000001101,Gabapentin 100mg capsules (Zentiva Pharma UK Ltd) (AMP)
9557911000001104,Gabapentin 300mg capsules (Zentiva Pharma UK Ltd) (AMP)
9558111000001101,Gabapentin 400mg capsules (Zentiva Pharma UK Ltd) (AMP)
9558611000001109,Lamotrigine 25mg tablets (Zentiva Pharma UK Ltd) (AMP)
9558811000001108,Lamotrigine 50mg tablets (Zentiva Pharma UK Ltd) (AMP)
9559011000001107,Lamotrigine 100mg tablets (Zentiva Pharma UK Ltd) (AMP)
9559211000001102,Lamotrigine 200mg tablets (Zentiva Pharma UK Ltd) (AMP)
9756211000001105,Lamotrigine 2mg dispersible tablets sugar free (Somex Pharma) (AMP)
9756411000001109,Lamotrigine 5mg dispersible tablets sugar free (Somex Pharma) (AMP)
9756611000001107,Lamotrigine 25mg dispersible tablets sugar free (Somex Pharma) (AMP)
9756911000001101,Lamotrigine 100mg dispersible tablets sugar free (Somex Pharma) (AMP)
9763011000001102,Phenobarbital 200mg/1ml solution for injection ampoules (Alliance Healthcare (Distribution) Ltd) (AMP)
9868011000001106,Lamotrigine 25mg dispersible tablets sugar free (Zentiva Pharma UK Ltd) (AMP)
9869111000001100,Lamotrigine 100mg dispersible tablets sugar free (Zentiva Pharma UK Ltd) (AMP)
