code,term
10065611000001109,Prozit 20mg/5ml oral solution (Pinewood Healthcare) (AMP)
101711000001102,Surmontil 50mg capsules (Sanofi) (AMP)
10294911000001105,Sertraline 100mg tablets (Relonchem Ltd) (AMP)
10295311000001108,Sertraline 50mg tablets (Relonchem Ltd) (AMP)
10296111000001100,Sertraline 100mg tablets (Focus Pharmaceuticals Ltd) (AMP)
10296311000001103,Sertraline 50mg tablets (Focus Pharmaceuticals Ltd) (AMP)
10301811000001107,Mirtazapine 45mg tablets (Focus Pharmaceuticals Ltd) (AMP)
10302011000001109,Mirtazapine 30mg tablets (Focus Pharmaceuticals Ltd) (AMP)
10302211000001104,Mirtazapine 15mg tablets (Focus Pharmaceuticals Ltd) (AMP)
10307911000001105,Fluoxetine 20mg/5ml oral solution (Focus Pharmaceuticals Ltd) (AMP)
10349811000001104,Trimipramine 50mg capsules (Alliance Healthcare (Distribution) Ltd) (AMP)
10350011000001100,Trimipramine 10mg tablets (Alliance Healthcare (Distribution) Ltd) (AMP)
10350211000001105,Trimipramine 25mg tablets (Alliance Healthcare (Distribution) Ltd) (AMP)
10364011000001102,Cipralex 10mg/ml oral drops (Lundbeck Ltd) (AMP)
10364811000001108,Escitalopram 10mg/ml oral drops sugar free (VMP)
10394011000001100,Citalopram 10mg tablets (Arrow Generics Ltd) (AMP)
10394411000001109,Citalopram 20mg tablets (Arrow Generics Ltd) (AMP)
10394811000001106,Citalopram 40mg tablets (Arrow Generics Ltd) (AMP)
10395011000001101,Mirtazapine 15mg tablets (Arrow Generics Ltd) (AMP)
10395211000001106,Mirtazapine 30mg tablets (Arrow Generics Ltd) (AMP)
10395611000001108,Mirtazapine 45mg tablets (Arrow Generics Ltd) (AMP)
10408211000001105,Fluoxetine 20mg capsules (Arrow Generics Ltd) (AMP)
10408611000001107,Fluvoxamine 50mg tablets (Arrow Generics Ltd) (AMP)
10408911000001101,Fluvoxamine 100mg tablets (Arrow Generics Ltd) (AMP)
10437511000001104,Sertraline 50mg tablets (Arrow Generics Ltd) (AMP)
10438111000001109,Sertraline 100mg tablets (Arrow Generics Ltd) (AMP)
10440611000001103,Mirtazapine 30mg tablets (Niche Generics Ltd) (AMP)
10442311000001107,Sertraline 50mg tablets (Niche Generics Ltd) (AMP)
10442611000001102,Sertraline 100mg tablets (Niche Generics Ltd) (AMP)
10443011000001100,Citalopram 10mg tablets (Niche Generics Ltd) (AMP)
10443511000001108,Citalopram 20mg tablets (Niche Generics Ltd) (AMP)
10444011000001103,Citalopram 40mg tablets (Niche Generics Ltd) (AMP)
10444811000001109,Fluoxetine 20mg capsules (Niche Generics Ltd) (AMP)
10482711000001100,Zispin SolTab 15mg orodispersible tablets (Waymade Healthcare Plc) (AMP)
10505911000001102,Cipralex 10mg tablets (Waymade Healthcare Plc) (AMP)
10508411000001100,Citalopram 20mg tablets (Waymade Healthcare Plc) (AMP)
10520011000001101,Cymbalta 30mg gastro-resistant capsules (Waymade Healthcare Plc) (AMP)
10521911000001109,Fluanxol 500microgram tablets (Dowelhurst Ltd) (AMP)
10528711000001102,Prothiaden 25mg capsules (Waymade Healthcare Plc) (AMP)
105411000001106,Amitriptyline 10mg tablets (IVAX Pharmaceuticals UK Ltd) (AMP)
10541511000001100,Heminevrin 192mg capsules (Waymade Healthcare Plc) (AMP)
10541811000001102,Moclobemide 150mg tablets (Waymade Healthcare Plc) (AMP)
10545811000001104,Loprazolam 1mg tablets (Waymade Healthcare Plc) (AMP)
10567211000001102,Sertraline 50mg tablets (Sun Pharma UK Ltd) (AMP)
10567411000001103,Sertraline 100mg tablets (Sun Pharma UK Ltd) (AMP)
10767811000001100,Lustral 50mg tablets (Waymade Healthcare Plc) (AMP)
10769811000001108,Venlafaxine 75mg tablets (Waymade Healthcare Plc) (AMP)
10786711000001107,Cymbalta 60mg gastro-resistant capsules (Waymade Healthcare Plc) (AMP)
10786911000001109,Duloxetine 20mg gastro-resistant capsules (Waymade Healthcare Plc) (AMP)
10787111000001109,Duloxetine 40mg gastro-resistant capsules (Waymade Healthcare Plc) (AMP)
10850111000001102,Cipramil 40mg tablets (Waymade Healthcare Plc) (AMP)
10920611000001104,Lustral 100mg tablets (Waymade Healthcare Plc) (AMP)
10968811000001105,Mirtazapine 15mg orodispersible tablets (Teva UK Ltd) (AMP)
10969211000001104,Mirtazapine 30mg orodispersible tablets (Teva UK Ltd) (AMP)
10969511000001101,Mirtazapine 45mg orodispersible tablets (Teva UK Ltd) (AMP)
10983511000001101,Zispin SolTab 30mg orodispersible tablets (Waymade Healthcare Plc) (AMP)
10983711000001106,Zispin SolTab 45mg orodispersible tablets (Waymade Healthcare Plc) (AMP)
11011511000001104,Sertraline 100mg tablets (Dr Reddy's Laboratories (UK) Ltd) (AMP)
11011711000001109,Sertraline 50mg tablets (Dr Reddy's Laboratories (UK) Ltd) (AMP)
11018011000001101,Fluoxetine 20mg capsules (Dr Reddy's Laboratories (UK) Ltd) (AMP)
11044311000001104,Sinepin 25mg capsules (Marlborough Pharmaceuticals Ltd) (AMP)
11044611000001109,Sinepin 50mg capsules (Marlborough Pharmaceuticals Ltd) (AMP)
111111000001101,Amitriptyline 25mg/5ml oral solution sugar free (Alliance Healthcare (Distribution) Ltd) (AMP)
11176611000001109,Amitriptyline 25mg tablets (Wockhardt UK Ltd) (AMP)
11176811000001108,Amitriptyline 50mg tablets (Wockhardt UK Ltd) (AMP)
11255511000001102,Mirtazapine 15mg orodispersible tablets (A A H Pharmaceuticals Ltd) (AMP)
11255711000001107,Mirtazapine 30mg orodispersible tablets (A A H Pharmaceuticals Ltd) (AMP)
11255911000001109,Mirtazapine 45mg orodispersible tablets (A A H Pharmaceuticals Ltd) (AMP)
11270611000001109,Seroxat 10mg tablets (GlaxoSmithKline UK Ltd) (AMP)
113011000001101,Lofepramine 70mg tablets (Teva UK Ltd) (AMP)
11383111000001105,Cipralex 20mg tablets (Waymade Healthcare Plc) (AMP)
11408711000001107,Sertraline 50mg tablets (Almus Pharmaceuticals Ltd) (AMP)
11408911000001109,Mirtazapine 30mg tablets (PLIVA Pharma Ltd) (AMP)
11409011000001100,Sertraline 100mg tablets (Almus Pharmaceuticals Ltd) (AMP)
11427011000001101,Paroxetine 30mg tablets (Almus Pharmaceuticals Ltd) (AMP)
11427211000001106,Paroxetine 20mg tablets (Almus Pharmaceuticals Ltd) (AMP)
114611000001106,Trazodone 150mg tablets (Kent Pharma (UK) Ltd) (AMP)
11498211000001102,Vivactil 10mg tablets (Imported (United States)) (AMP)
11501111000001108,Mirtazapine 15mg tablets (Accord-UK Ltd) (AMP)
11501311000001105,Mirtazapine 45mg tablets (Accord-UK Ltd) (AMP)
11533011000001102,Paroxetine 30mg tablets (Sandoz Ltd) (AMP)
115611000001107,Paroxetine 20mg tablets (Alliance Healthcare (Distribution) Ltd) (AMP)
11580511000001105,Venlafaxine 37.5mg tablets (Waymade Healthcare Plc) (AMP)
11581211000001101,Prozep 20mg/5ml oral solution (Rosemont Pharmaceuticals Ltd) (AMP)
11590211000001106,Fluoxetine 20mg/5ml oral solution sugar free (VMP)
11598211000001109,Dosulepin 25mg/5ml oral solution sugar free (Rosemont Pharmaceuticals Ltd) (AMP)
11598511000001107,Dosulepin 75mg/5ml oral solution sugar free (Rosemont Pharmaceuticals Ltd) (AMP)
11603211000001106,Dosulepin 25mg/5ml oral solution sugar free (Special Order) (AMP)
11603511000001109,Dosulepin 75mg/5ml oral solution sugar free (Special Order) (AMP)
11612211000001103,Dosulepin 25mg/5ml oral solution sugar free (VMP)
11612311000001106,Dosulepin 75mg/5ml oral solution sugar free (VMP)
11682611000001104,Amitriptyline 100mg/5ml oral solution (Special Order) (AMP)
11682911000001105,Amitriptyline 150mg/5ml oral solution (Special Order) (AMP)
11683211000001107,Amitriptyline 15mg/5ml oral solution (Special Order) (AMP)
11683811000001108,Amitriptyline 75mg/5ml oral solution (Special Order) (AMP)
11684511000001108,Amitriptyline 80mg/5ml oral solution (Special Order) (AMP)
11711311000001108,Amitriptyline 100mg/5ml oral solution (VMP)
11711411000001101,Amitriptyline 150mg/5ml oral solution (VMP)
11711511000001102,Amitriptyline 15mg/5ml oral solution (VMP)
11711711000001107,Amitriptyline 75mg/5ml oral solution (VMP)
11711811000001104,Amitriptyline 80mg/5ml oral solution (VMP)
119411000001107,Anafranil SR 75mg tablets (Novartis Pharmaceuticals UK Ltd) (AMP)
11958211000001108,Clomipramine 10mg/5ml oral suspension (Special Order) (AMP)
11958511000001106,Clomipramine 10mg/5ml oral solution (Special Order) (AMP)
11970211000001108,Citalopram 10mg/5ml oral suspension (Special Order) (AMP)
11970711000001101,Citalopram 20mg/5ml oral suspension (Special Order) (AMP)
11979811000001100,Flupentixol 1mg/5ml oral solution (Special Order) (AMP)
12021011000001104,Citalopram 10mg/5ml oral suspension (VMP)
12021111000001103,Citalopram 20mg/5ml oral suspension (VMP)
12025411000001106,Clomipramine 10mg/5ml oral solution (VMP)
12025611000001109,Clomipramine 10mg/5ml oral suspension (VMP)
120311000001104,Trazodone 150mg tablets (Zentiva Pharma UK Ltd) (AMP)
12031311000001104,Flupentixol 1mg/5ml oral solution (VMP)
12056111000001106,Mirtazapine 15mg orodispersible tablets (Accord-UK Ltd) (AMP)
12056511000001102,Mirtazapine 30mg orodispersible tablets (Accord-UK Ltd) (AMP)
12056711000001107,Mirtazapine 45mg orodispersible tablets (Accord-UK Ltd) (AMP)
12057211000001103,Dosulepin 100mg/5ml oral solution (Special Order) (AMP)
12057711000001105,Dosulepin 10mg/5ml oral solution (Special Order) (AMP)
12058211000001104,Dosulepin 125mg/5ml oral solution (Special Order) (AMP)
12058711000001106,Dosulepin 150mg/5ml oral solution (Special Order) (AMP)
12059311000001101,Dosulepin 20mg/5ml oral solution (Special Order) (AMP)
12059511000001107,Mirtazapine 15mg orodispersible tablets (Alliance Healthcare (Distribution) Ltd) (AMP)
12059811000001105,Mirtazapine 30mg orodispersible tablets (Alliance Healthcare (Distribution) Ltd) (AMP)
12059911000001100,Dosulepin 250mg/5ml oral solution (Special Order) (AMP)
12060211000001108,Mirtazapine 45mg orodispersible tablets (Alliance Healthcare (Distribution) Ltd) (AMP)
12060511000001106,Dosulepin 37.5mg/5ml oral solution (Special Order) (AMP)
12061011000001107,Dosulepin 50mg/5ml oral solution (Special Order) (AMP)
12061711000001109,Dosulepin 5mg/5ml oral solution (Special Order) (AMP)
12082411000001106,Dosulepin 100mg/5ml oral solution (VMP)
12082511000001105,Dosulepin 10mg/5ml oral solution (VMP)
12082611000001109,Dosulepin 125mg/5ml oral solution (VMP)
12082711000001100,Dosulepin 150mg/5ml oral solution (VMP)
12082811000001108,Dosulepin 20mg/5ml oral solution (VMP)
12082911000001103,Dosulepin 250mg/5ml oral solution (VMP)
12083011000001106,Dosulepin 37.5mg/5ml oral solution (VMP)
12083111000001107,Dosulepin 50mg/5ml oral solution (VMP)
12083211000001101,Dosulepin 5mg/5ml oral solution (VMP)
1211000001102,Cipramil 40mg/ml drops (Lundbeck Ltd) (AMP)
12198411000001103,Duloxetine 30mg gastro-resistant capsules (Waymade Healthcare Plc) (AMP)
12198611000001100,Duloxetine 60mg gastro-resistant capsules (Waymade Healthcare Plc) (AMP)
125111000001109,Motival 10mg/500microgram tablets (Sanofi) (AMP)
12561311000001107,Seroxat 30mg tablets (Waymade Healthcare Plc) (AMP)
12598011000001100,Imipramine 100mg/5ml oral suspension (Special Order) (AMP)
12598311000001102,Imipramine 100mg/5ml oral solution (Special Order) (AMP)
12598611000001107,Imipramine 40mg/5ml oral suspension (Special Order) (AMP)
12598911000001101,Imipramine 40mg/5ml oral solution (Special Order) (AMP)
12610111000001106,Isocarboxazid 20mg/5ml oral suspension (Special Order) (AMP)
12637411000001106,Imipramine 100mg/5ml oral solution (VMP)
12637511000001105,Imipramine 100mg/5ml oral suspension (VMP)
12637611000001109,Imipramine 40mg/5ml oral solution (VMP)
12637711000001100,Imipramine 40mg/5ml oral suspension (VMP)
12639611000001104,Isocarboxazid 20mg/5ml oral suspension (VMP)
12694111000001101,Meprobamate 5mg/5ml oral suspension (Special Order) (AMP)
12694711000001100,Meprobamate 5mg/5ml oral solution (Special Order) (AMP)
12701311000001107,Meprobamate 5mg/5ml oral solution (VMP)
12701411000001100,Meprobamate 5mg/5ml oral suspension (VMP)
12739311000001103,Lofepramine 140mg/5ml oral solution (Special Order) (AMP)
12740211000001103,Lofepramine 23mg/5ml oral suspension (Special Order) (AMP)
12740811000001102,Lofepramine 23mg/5ml oral solution (Special Order) (AMP)
12741611000001106,Lofepramine 35mg/5ml oral suspension (Special Order) (AMP)
12742211000001102,Lofepramine 35mg/5ml oral solution (Special Order) (AMP)
12746511000001103,Lofepramine 140mg/5ml oral suspension (Special Order) (AMP)
12760311000001103,Lofepramine 140mg/5ml oral solution (VMP)
12760411000001105,Lofepramine 140mg/5ml oral suspension (VMP)
12760511000001109,Lofepramine 23mg/5ml oral solution (VMP)
12760611000001108,Lofepramine 23mg/5ml oral suspension (VMP)
12760711000001104,Lofepramine 35mg/5ml oral solution (VMP)
12760811000001107,Lofepramine 35mg/5ml oral suspension (VMP)
12799411000001102,Lofepramine 70mg/5ml oral suspension (Special Order) (AMP)
12800211000001108,Lofepramine 70mg/5ml oral solution (Special Order) (AMP)
12812711000001104,Lofepramine 70mg/5ml oral solution (VMP)
12812811000001107,Lofepramine 70mg/5ml oral suspension (VMP)
12909311000001100,Fluoxetine 20mg capsules (Wockhardt UK Ltd) (AMP)
129211000001100,Moclobemide 150mg tablets (Sandoz Ltd) (AMP)
12964711000001101,Mianserin 10mg/5ml oral suspension (Special Order) (AMP)
12965411000001108,Mianserin 10mg/5ml oral solution (Special Order) (AMP)
12966911000001107,Mianserin 20mg/5ml oral suspension (Special Order) (AMP)
12967611000001104,Mianserin 20mg/5ml oral solution (Special Order) (AMP)
12967911000001105,Mianserin 30mg/5ml oral suspension (Special Order) (AMP)
12968411000001103,Mianserin 30mg/5ml oral solution (Special Order) (AMP)
12979611000001100,Mirtazapine 30mg/5ml oral suspension (Special Order) (AMP)
12979911000001106,Mirtazapine 30mg/5ml oral solution (Special Order) (AMP)
12980211000001102,Mirtazapine 750micrograms/5ml oral suspension (Special Order) (AMP)
12980511000001104,Mirtazapine 750micrograms/5ml oral solution (Special Order) (AMP)
12980811000001101,Mirtazapine 75mg/5ml oral suspension (Special Order) (AMP)
12981511000001106,Moclobemide 150mg/5ml oral suspension (Special Order) (AMP)
12982111000001107,Paroxetine 10mg/5ml oral suspension (Special Order) (AMP)
12982211000001101,Moclobemide 50mg/5ml oral suspension (Special Order) (AMP)
12983011000001102,Paroxetine 10mg/5ml oral solution (Special Order) (AMP)
12983611000001109,Paroxetine 20mg/5ml oral suspension (Special Order) (AMP)
12983911000001103,Paroxetine 20mg/5ml oral solution (Special Order) (AMP)
12984411000001109,Paroxetine 30mg/5ml oral suspension (Special Order) (AMP)
12985011000001101,Paroxetine 30mg/5ml oral solution (Special Order) (AMP)
12999711000001103,Mirtazapine 30mg/5ml oral suspension (VMP)
12999811000001106,Mirtazapine 750micrograms/5ml oral solution (VMP)
12999911000001101,Mirtazapine 750micrograms/5ml oral suspension (VMP)
13000011000001108,Mirtazapine 75mg/5ml oral suspension (VMP)
13000111000001109,Moclobemide 150mg/5ml oral suspension (VMP)
13000211000001103,Moclobemide 50mg/5ml oral suspension (VMP)
13004411000001105,Paroxetine 10mg/5ml oral solution (VMP)
13004511000001109,Paroxetine 10mg/5ml oral suspension (VMP)
13004611000001108,Paroxetine 20mg/5ml oral solution (VMP)
13004711000001104,Paroxetine 20mg/5ml oral suspension (VMP)
13004811000001107,Paroxetine 30mg/5ml oral solution (VMP)
13004911000001102,Paroxetine 30mg/5ml oral suspension (VMP)
13008511000001102,Mianserin 10mg/5ml oral solution (VMP)
13008611000001103,Mianserin 10mg/5ml oral suspension (VMP)
13008711000001107,Mianserin 20mg/5ml oral solution (VMP)
13008811000001104,Mianserin 20mg/5ml oral suspension (VMP)
13008911000001109,Mianserin 30mg/5ml oral solution (VMP)
13009011000001100,Mianserin 30mg/5ml oral suspension (VMP)
13010911000001105,Mirtazapine 30mg/5ml oral solution (VMP)
13030011000001104,Sertraline 12.5mg/5ml oral suspension (Special Order) (AMP)
13030411000001108,Sertraline 150mg/5ml oral suspension (Special Order) (AMP)
13030711000001102,Sertraline 20mg/5ml oral suspension (Special Order) (AMP)
13031011000001108,Sertraline 25mg/5ml oral suspension (Special Order) (AMP)
13045611000001104,Sertraline 12.5mg/5ml oral suspension (VMP)
13045711000001108,Sertraline 150mg/5ml oral suspension (VMP)
13045811000001100,Sertraline 20mg/5ml oral suspension (VMP)
13045911000001105,Sertraline 25mg/5ml oral suspension (VMP)
13059111000001107,Amitriptyline 10mg tablets (Wockhardt UK Ltd) (AMP)
13106711000001102,Cipralex 10mg tablets (Dowelhurst Ltd) (AMP)
13106911000001100,Cipralex 20mg tablets (Dowelhurst Ltd) (AMP)
13107111000001100,Cipramil 40mg tablets (Dowelhurst Ltd) (AMP)
13109111000001106,Amitriptyline 25mg/5ml oral solution sugar free (Dowelhurst Ltd) (AMP)
13109611000001103,Amitriptyline 50mg/5ml oral solution sugar free (Dowelhurst Ltd) (AMP)
13109811000001104,Amitriptyline 10mg tablets (Dowelhurst Ltd) (AMP)
13110011000001104,Amitriptyline 25mg tablets (Dowelhurst Ltd) (AMP)
13110411000001108,Amitriptyline 50mg tablets (Dowelhurst Ltd) (AMP)
13162311000001101,Mirtazapine 15mg orodispersible tablets (Genus Pharmaceuticals Ltd) (AMP)
13162511000001107,Mirtazapine 30mg orodispersible tablets (Genus Pharmaceuticals Ltd) (AMP)
13162711000001102,Mirtazapine 45mg orodispersible tablets (Genus Pharmaceuticals Ltd) (AMP)
13174911000001103,Loprazolam 1mg tablets (Dowelhurst Ltd) (AMP)
13188711000001102,Buspirone 10mg tablets (Dowelhurst Ltd) (AMP)
13189111000001105,Buspirone 5mg tablets (Dowelhurst Ltd) (AMP)
13204111000001108,Seroxat 30mg tablets (Dowelhurst Ltd) (AMP)
13218011000001100,Zispin SolTab 15mg orodispersible tablets (Dowelhurst Ltd) (AMP)
13219211000001100,Zispin SolTab 30mg orodispersible tablets (Dowelhurst Ltd) (AMP)
13219911000001109,Zispin SolTab 45mg orodispersible tablets (Dowelhurst Ltd) (AMP)
13224311000001101,Citalopram 10mg tablets (Dowelhurst Ltd) (AMP)
13224811000001105,Citalopram 40mg tablets (Dowelhurst Ltd) (AMP)
13227611000001100,Clomipramine 10mg capsules (Dowelhurst Ltd) (AMP)
13228111000001109,Clomipramine 25mg capsules (Dowelhurst Ltd) (AMP)
13229011000001103,Clomipramine 50mg capsules (Dowelhurst Ltd) (AMP)
13234911000001103,Paroxetine 20mg tablets (Dowelhurst Ltd) (AMP)
13235111000001102,Paroxetine 30mg tablets (Dowelhurst Ltd) (AMP)
13314611000001107,Flupentixol dihydrochloride (VTM)
13341211000001100,Trazodone 100mg/5ml oral suspension (Special Order) (AMP)
13341511000001102,Trazodone 10mg/5ml oral suspension (Special Order) (AMP)
13341811000001104,Trazodone 150mg/5ml oral suspension (Special Order) (AMP)
13342111000001101,Trazodone 250mg/5ml oral suspension (Special Order) (AMP)
13342411000001106,Trazodone 25mg/5ml oral suspension (Special Order) (AMP)
13342911000001103,Trazodone 50mg/5ml oral suspension (Special Order) (AMP)
13343211000001101,Trazodone 75mg/5ml oral suspension (Special Order) (AMP)
13343511000001103,Trazodone 100mg/5ml oral solution (Special Order) (AMP)
13343811000001100,Trazodone 10mg/5ml oral solution (Special Order) (AMP)
13344111000001109,Trazodone 150mg/5ml oral solution (Special Order) (AMP)
13344411000001104,Trazodone 250mg/5ml oral solution (Special Order) (AMP)
13344711000001105,Trazodone 25mg/5ml oral solution (Special Order) (AMP)
13345011000001107,Trazodone 50mg/5ml oral solution (Special Order) (AMP)
13345311000001105,Trazodone 75mg/5ml oral solution (Special Order) (AMP)
13358711000001100,Trazodone 100mg/5ml oral solution (VMP)
13358811000001108,Trazodone 100mg/5ml oral suspension (VMP)
13358911000001103,Trazodone 10mg/5ml oral solution (VMP)
13359011000001107,Trazodone 10mg/5ml oral suspension (VMP)
13359111000001108,Trazodone 150mg/5ml oral solution (VMP)
13359211000001102,Trazodone 150mg/5ml oral suspension (VMP)
13359311000001105,Trazodone 250mg/5ml oral solution (VMP)
13359411000001103,Trazodone 250mg/5ml oral suspension (VMP)
13359511000001104,Trazodone 25mg/5ml oral solution (VMP)
13359611000001100,Trazodone 25mg/5ml oral suspension (VMP)
13359711000001109,Trazodone 50mg/5ml oral solution (VMP)
13359811000001101,Trazodone 50mg/5ml oral suspension (VMP)
13359911000001106,Trazodone 75mg/5ml oral solution (VMP)
13360011000001108,Trazodone 75mg/5ml oral suspension (VMP)
13364711000001104,Cipralex 5mg tablets (Waymade Healthcare Plc) (AMP)
13404411000001104,Lofepramine 70mg tablets (Arrow Generics Ltd) (AMP)
13411811000001101,Imipramine 10mg tablets (Almus Pharmaceuticals Ltd) (AMP)
13446011000001107,Trimipramine 10mg/5ml oral solution (Special Order) (AMP)
13446611000001100,Trimipramine 10mg/5ml oral suspension (Special Order) (AMP)
13446911000001106,Trimipramine 125mg/5ml oral solution (Special Order) (AMP)
13447211000001100,Trimipramine 125mg/5ml oral suspension (Special Order) (AMP)
13447811000001104,Trimipramine 25mg/5ml oral solution (Special Order) (AMP)
13448211000001101,Trimipramine 25mg/5ml oral suspension (Special Order) (AMP)
13448911000001105,Trimipramine 50mg/5ml oral solution (Special Order) (AMP)
13449411000001105,Trimipramine 50mg/5ml oral suspension (Special Order) (AMP)
13455011000001100,Trimipramine 10mg/5ml oral solution (VMP)
13455111000001104,Trimipramine 10mg/5ml oral suspension (VMP)
13455211000001105,Trimipramine 125mg/5ml oral solution (VMP)
13455311000001102,Trimipramine 125mg/5ml oral suspension (VMP)
13455411000001109,Trimipramine 25mg/5ml oral solution (VMP)
13455511000001108,Trimipramine 25mg/5ml oral suspension (VMP)
13455611000001107,Trimipramine 50mg/5ml oral solution (VMP)
13455711000001103,Trimipramine 50mg/5ml oral suspension (VMP)
13461911000001105,Venlafaxine 150mg/5ml oral suspension (Special Order) (AMP)
13467111000001100,Venlafaxine 150mg/5ml oral suspension (VMP)
13572311000001102,Tryptophan 50mg capsules (Special Order) (AMP)
13573711000001106,Tryptophan 50mg capsules (VMP)
13593411000001107,Mirtazapine 15mg tablets (Teva UK Ltd) (AMP)
13593611000001105,Mirtazapine 45mg tablets (Teva UK Ltd) (AMP)
13621511000001108,Fluoxetine 20mg/5ml oral solution (Pinewood Healthcare) (AMP)
13722411000001109,Paroxetine 20mg tablets (Sun Pharma UK Ltd) (AMP)
13738211000001109,Mirtazapine 15mg orodispersible tablets (Advanz Pharma) (AMP)
13738411000001108,Mirtazapine 30mg orodispersible tablets (Advanz Pharma) (AMP)
13738611000001106,Mirtazapine 45mg orodispersible tablets (Advanz Pharma) (AMP)
13745011000001108,Citalopram 10mg tablets (Tillomed Laboratories Ltd) (AMP)
13745211000001103,Citalopram 20mg tablets (Tillomed Laboratories Ltd) (AMP)
13745411000001104,Citalopram 40mg tablets (Tillomed Laboratories Ltd) (AMP)
13751411000001100,Fluoxetine 20mg capsules (Tillomed Laboratories Ltd) (AMP)
13751611000001102,Fluvoxamine 50mg tablets (Tillomed Laboratories Ltd) (AMP)
13758511000001106,Mirtazapine 30mg tablets (Tillomed Laboratories Ltd) (AMP)
13758911000001104,Moclobemide 150mg tablets (Tillomed Laboratories Ltd) (AMP)
13759311000001106,Moclobemide 300mg tablets (Tillomed Laboratories Ltd) (AMP)
13762511000001100,Sertraline 50mg tablets (Tillomed Laboratories Ltd) (AMP)
13762711000001105,Sertraline 100mg tablets (Tillomed Laboratories Ltd) (AMP)
13764611000001109,Citalopram 20mg tablets (Apotex UK Ltd) (AMP)
13764811000001108,Citalopram 40mg tablets (Apotex UK Ltd) (AMP)
13767011000001105,Paroxetine 20mg tablets (Apotex UK Ltd) (AMP)
13767211000001100,Paroxetine 30mg tablets (Apotex UK Ltd) (AMP)
13770311000001100,Sertraline 100mg tablets (Apotex UK Ltd) (AMP)
13770511000001106,Sertraline 50mg tablets (Apotex UK Ltd) (AMP)
13774911000001109,Loprazolam 1mg tablets (A A H Pharmaceuticals Ltd) (AMP)
13804311000001102,Lofepramine 70mg tablets (Merck Serono Ltd) (AMP)
13828111000001103,Anafranil SR 75mg tablets (DE Pharmaceuticals) (AMP)
13838811000001107,Buspar 10mg tablets (DE Pharmaceuticals) (AMP)
13849211000001102,Cipralex 10mg tablets (DE Pharmaceuticals) (AMP)
13849411000001103,Cipramil 20mg tablets (DE Pharmaceuticals) (AMP)
13849611000001100,Cipramil 40mg tablets (DE Pharmaceuticals) (AMP)
13858911000001101,Cymbalta 30mg gastro-resistant capsules (DE Pharmaceuticals) (AMP)
13859111000001106,Cymbalta 60mg gastro-resistant capsules (DE Pharmaceuticals) (AMP)
13869111000001102,Edronax 4mg tablets (DE Pharmaceuticals) (AMP)
13869311000001100,Efexor 37.5mg tablets (DE Pharmaceuticals) (AMP)
13869611000001105,Efexor 75mg tablets (DE Pharmaceuticals) (AMP)
13869811000001109,Efexor XL 75mg capsules (DE Pharmaceuticals) (AMP)
13870111000001104,Efexor XL 150mg capsules (DE Pharmaceuticals) (AMP)
13879011000001108,Amitriptyline 10mg/5ml oral solution (Special Order) (AMP)
13880011000001108,Fluanxol 500microgram tablets (DE Pharmaceuticals) (AMP)
13880211000001103,Fluanxol 1mg tablets (DE Pharmaceuticals) (AMP)
13892411000001104,Amitriptyline 10mg/5ml oral solution (VMP)
13925611000001106,Loprazolam 1mg tablets (DE Pharmaceuticals) (AMP)
13927211000001101,Lustral 50mg tablets (DE Pharmaceuticals) (AMP)
13927411000001102,Lustral 100mg tablets (DE Pharmaceuticals) (AMP)
13949811000001105,Prozac 20mg capsules (DE Pharmaceuticals) (AMP)
13952011000001108,Prozac 20mg/5ml liquid (DE Pharmaceuticals) (AMP)
13986111000001104,Venlafaxine 75mg/5ml oral solution (Special Order) (AMP)
13986411000001109,Venlafaxine 75mg/5ml oral suspension (Special Order) (AMP)
13990111000001101,Zispin SolTab 15mg orodispersible tablets (DE Pharmaceuticals) (AMP)
13990511000001105,Zispin SolTab 30mg orodispersible tablets (DE Pharmaceuticals) (AMP)
13990911000001103,Zispin SolTab 45mg orodispersible tablets (DE Pharmaceuticals) (AMP)
13995311000001106,Venlafaxine 150mg/5ml oral solution (Special Order) (AMP)
13995611000001101,Venlafaxine 37.5mg/5ml oral solution (Special Order) (AMP)
14001011000001102,Seroxat 20mg/10ml liquid (DE Pharmaceuticals) (AMP)
14017811000001104,Venlafaxine 150mg/5ml oral solution (VMP)
14017911000001109,Venlafaxine 37.5mg/5ml oral solution (VMP)
14018011000001106,Venlafaxine 75mg/5ml oral solution (VMP)
14018111000001107,Venlafaxine 75mg/5ml oral suspension (VMP)
14019611000001108,Nortriptyline 25mg/5ml oral solution (Special Order) (AMP)
14019911000001102,Nortriptyline 25mg/5ml oral suspension (Special Order) (AMP)
14053811000001100,Allegron 25mg tablets (Sigma Pharmaceuticals Plc) (AMP)
14057111000001104,Nortriptyline 25mg/5ml oral solution (VMP)
14057211000001105,Nortriptyline 25mg/5ml oral suspension (VMP)
14123911000001102,Mirtazapine 30mg tablets (Consilient Health Ltd) (AMP)
14124111000001103,Mirtazapine 15mg orodispersible tablets (Consilient Health Ltd) (AMP)
14124711000001102,Mirtazapine 30mg orodispersible tablets (Consilient Health Ltd) (AMP)
14125011000001100,Mirtazapine 45mg orodispersible tablets (Consilient Health Ltd) (AMP)
14130111000001105,Sertraline 50mg tablets (Consilient Health Ltd) (AMP)
14130511000001101,Sertraline 100mg tablets (Consilient Health Ltd) (AMP)
141811000001103,Trazodone 100mg capsules (Alliance Healthcare (Distribution) Ltd) (AMP)
14191811000001101,Venlafaxine 75mg modified-release capsules (DE Pharmaceuticals) (AMP)
14193311000001106,Anafranil SR 75mg tablets (Sigma Pharmaceuticals Plc) (AMP)
14213111000001106,Cymbalta 30mg gastro-resistant capsules (Sigma Pharmaceuticals Plc) (AMP)
14213311000001108,Cymbalta 60mg gastro-resistant capsules (Sigma Pharmaceuticals Plc) (AMP)
14213511000001102,Duloxetine 30mg gastro-resistant capsules (Sigma Pharmaceuticals Plc) (AMP)
14215511000001103,Edronax 4mg tablets (Sigma Pharmaceuticals Plc) (AMP)
14215711000001108,Efexor 37.5mg tablets (Sigma Pharmaceuticals Plc) (AMP)
14215911000001105,Efexor XL 75mg capsules (Sigma Pharmaceuticals Plc) (AMP)
14216211000001107,Efexor XL 150mg capsules (Sigma Pharmaceuticals Plc) (AMP)
14216911000001103,Efexor 75mg tablets (Sigma Pharmaceuticals Plc) (AMP)
14223811000001105,Escitalopram 10mg tablets (Sigma Pharmaceuticals Plc) (AMP)
142311000001103,Prozac 60mg capsules (Eli Lilly and Company Ltd) (AMP)
14236611000001103,Fluanxol 500microgram tablets (Sigma Pharmaceuticals Plc) (AMP)
14236811000001104,Fluanxol 1mg tablets (Sigma Pharmaceuticals Plc) (AMP)
14300511000001104,Buspar 10mg tablets (Sigma Pharmaceuticals Plc) (AMP)
14301511000001106,Buspar 5mg tablets (Sigma Pharmaceuticals Plc) (AMP)
14331711000001109,Loprazolam 1mg tablets (Sigma Pharmaceuticals Plc) (AMP)
14344411000001102,Prothiaden 25mg capsules (Sigma Pharmaceuticals Plc) (AMP)
14375011000001106,Lustral 100mg tablets (Sigma Pharmaceuticals Plc) (AMP)
14377311000001101,Nortriptyline 25mg tablets (Sigma Pharmaceuticals Plc) (AMP)
14380011000001108,Prozac 20mg/5ml liquid (Sigma Pharmaceuticals Plc) (AMP)
14479911000001104,Manerix 150mg tablets (Sigma Pharmaceuticals Plc) (AMP)
14495911000001107,Cipramil 40mg/ml drops (Sigma Pharmaceuticals Plc) (AMP)
14496111000001103,Cipramil 20mg tablets (Sigma Pharmaceuticals Plc) (AMP)
14496311000001101,Cipramil 40mg tablets (Sigma Pharmaceuticals Plc) (AMP)
14622311000001109,Surmontil 50mg capsules (Sigma Pharmaceuticals Plc) (AMP)
14708411000001101,Paroxetine 10mg/5ml oral suspension sugar free (Sigma Pharmaceuticals Plc) (AMP)
14750511000001106,Venlafaxine 150mg modified-release capsules (Sigma Pharmaceuticals Plc) (AMP)
14768511000001101,Zispin SolTab 15mg orodispersible tablets (Sigma Pharmaceuticals Plc) (AMP)
148811000001109,Dosulepin 25mg capsules (Teva UK Ltd) (AMP)
14911000001107,Dothapax 25 capsules (Ashbourne Pharmaceuticals Ltd) (AMP)
149111000001109,Clomipramine 25mg capsules (Teva UK Ltd) (AMP)
14934211000001109,Rodomel XL 75mg capsules (Teva UK Ltd) (AMP)
14934411000001108,Rodomel XL 150mg capsules (Teva UK Ltd) (AMP)
14952511000001103,Trixat XL 75mg capsules (PLIVA Pharma Ltd) (AMP)
14952711000001108,Trixat XL 150mg capsules (PLIVA Pharma Ltd) (AMP)
14954611000001107,Winfex XL 75mg capsules (Zentiva Pharma UK Ltd) (AMP)
14954811000001106,Winfex XL 150mg capsules (Zentiva Pharma UK Ltd) (AMP)
14956411000001101,Fluoxetine 60mg capsules (Teva UK Ltd) (AMP)
14957511000001100,Venlafaxine 37.5mg tablets (Zentiva Pharma UK Ltd) (AMP)
14958011000001109,Venlafaxine 75mg tablets (Zentiva Pharma UK Ltd) (AMP)
14958511000001101,Venlafaxine 37.5mg tablets (Actavis UK Ltd) (AMP)
14958711000001106,Venlafaxine 37.5mg tablets (Teva UK Ltd) (AMP)
14958911000001108,Venlafaxine 75mg tablets (Actavis UK Ltd) (AMP)
14959111000001103,Venlafaxine 75mg tablets (Teva UK Ltd) (AMP)
14967411000001106,Tardcaps XL 75mg capsules (IXL Pharma Ltd) (AMP)
14967611000001109,Tardcaps XL 150mg capsules (IXL Pharma Ltd) (AMP)
14969011000001106,Venlafaxine 37.5mg tablets (A A H Pharmaceuticals Ltd) (AMP)
14969411000001102,Venlafaxine 75mg tablets (A A H Pharmaceuticals Ltd) (AMP)
14974711000001100,Vexarin XL 150mg capsules (Viatris UK Healthcare Ltd) (AMP)
14974911000001103,Vexarin XL 75mg capsules (Viatris UK Healthcare Ltd) (AMP)
14975211000001108,Vensir XL 75mg capsules (Morningside Healthcare Ltd) (AMP)
14975411000001107,Vensir XL 150mg capsules (Morningside Healthcare Ltd) (AMP)
14978711000001108,ViePax 37.5mg tablets (Dexcel-Pharma Ltd) (AMP)
14978911000001105,ViePax 75mg tablets (Dexcel-Pharma Ltd) (AMP)
14980711000001104,ViePax XL 75mg tablets (Dexcel-Pharma Ltd) (AMP)
14981311000001108,ViePax XL 150mg tablets (Dexcel-Pharma Ltd) (AMP)
14981511000001102,Tifaxin XL 75mg capsules (Genus Pharmaceuticals Ltd) (AMP)
14981711000001107,Tifaxin XL 150mg capsules (Genus Pharmaceuticals Ltd) (AMP)
14984911000001107,Venlafaxine 150mg modified-release tablets (VMP)
14985011000001107,Venlafaxine 75mg modified-release tablets (VMP)
14986211000001108,Nortriptyline 10mg/5ml oral solution (Special Order) (AMP)
14986511000001106,Nortriptyline 10mg/5ml oral suspension (Special Order) (AMP)
15000611000001107,Nortriptyline 10mg/5ml oral solution (VMP)
15000711000001103,Nortriptyline 10mg/5ml oral suspension (VMP)
15011711000001108,Vaxalin XL 75mg capsules (Ratiopharm UK Ltd) (AMP)
15012111000001102,Vaxalin XL 150mg capsules (Ratiopharm UK Ltd) (AMP)
15021111000001101,Venlafaxine 37.5mg tablets (Kent Pharma (UK) Ltd) (AMP)
15022311000001108,Venlafaxine 75mg tablets (Kent Pharma (UK) Ltd) (AMP)
15022711000001107,Venlafaxine 75mg modified-release capsules (Kent Pharma (UK) Ltd) (AMP)
15023111000001100,Venlafaxine 150mg modified-release capsules (Kent Pharma (UK) Ltd) (AMP)
15051511000001109,Amitriptyline 25mg tablets (Sigma Pharmaceuticals Plc) (AMP)
15054811000001109,Fluvoxamine 100mg tablets (Sigma Pharmaceuticals Plc) (AMP)
15055011000001104,Fluvoxamine 50mg tablets (Sigma Pharmaceuticals Plc) (AMP)
15062011000001102,Buspirone 10mg tablets (Sigma Pharmaceuticals Plc) (AMP)
15062211000001107,Buspirone 5mg tablets (Sigma Pharmaceuticals Plc) (AMP)
15067911000001101,Citalopram 40mg/ml oral drops sugar free (Teva UK Ltd) (AMP)
15068711000001102,Venaxx XL 75mg capsules (Advanz Pharma) (AMP)
15068911000001100,Venaxx XL 150mg capsules (Advanz Pharma) (AMP)
15079211000001109,Citalopram 10mg tablets (Sigma Pharmaceuticals Plc) (AMP)
15079511000001107,Citalopram 20mg tablets (Sigma Pharmaceuticals Plc) (AMP)
15079911000001100,Citalopram 40mg tablets (Sigma Pharmaceuticals Plc) (AMP)
15088111000001101,Fluoxetine 60mg capsules (Sigma Pharmaceuticals Plc) (AMP)
15114511000001105,Mirtazapine 15mg tablets (Sigma Pharmaceuticals Plc) (AMP)
15114711000001100,Mirtazapine 30mg tablets (Sigma Pharmaceuticals Plc) (AMP)
15116511000001104,Politid XL 150mg capsules (Accord-UK Ltd) (AMP)
15116711000001109,Politid XL 75mg capsules (Accord-UK Ltd) (AMP)
15154711000001105,Paroxetine 30mg tablets (Sigma Pharmaceuticals Plc) (AMP)
15154911000001107,Paroxetine 20mg tablets (Sigma Pharmaceuticals Plc) (AMP)
15156411000001107,Venlafaxine 75mg modified-release capsules (Sandoz Ltd) (AMP)
15157211000001105,Venlafaxine 150mg modified-release capsules (Sandoz Ltd) (AMP)
15187911000001107,Sertraline 50mg tablets (Sigma Pharmaceuticals Plc) (AMP)
151911000001106,Trazodone 150mg tablets (Viatris UK Healthcare Ltd) (AMP)
15198711000001107,Trazodone 100mg capsules (Sigma Pharmaceuticals Plc) (AMP)
15198911000001109,Trazodone 50mg capsules (Sigma Pharmaceuticals Plc) (AMP)
15200511000001100,Trimipramine 10mg tablets (Sigma Pharmaceuticals Plc) (AMP)
15200811000001102,Trimipramine 25mg tablets (Sigma Pharmaceuticals Plc) (AMP)
15201211000001109,Trimipramine 50mg capsules (Sigma Pharmaceuticals Plc) (AMP)
15209011000001100,Fluoxetine 20mg capsules (Sigma Pharmaceuticals Plc) (AMP)
15210411000001102,Mirtazapine 45mg tablets (Sigma Pharmaceuticals Plc) (AMP)
15211411000001106,Sertraline 100mg tablets (Sigma Pharmaceuticals Plc) (AMP)
15232211000001105,Mirtazapine 15mg orodispersible tablets (Sigma Pharmaceuticals Plc) (AMP)
15232511000001108,Mirtazapine 30mg orodispersible tablets (Sigma Pharmaceuticals Plc) (AMP)
15232711000001103,Mirtazapine 45mg orodispersible tablets (Sigma Pharmaceuticals Plc) (AMP)
15232911000001101,Moclobemide 150mg tablets (Sigma Pharmaceuticals Plc) (AMP)
15233111000001105,Moclobemide 300mg tablets (Sigma Pharmaceuticals Plc) (AMP)
15247311000001101,Citalopram 40mg/ml oral drops sugar free (Alliance Healthcare (Distribution) Ltd) (AMP)
15262111000001107,Citalopram 40mg/ml oral drops sugar free (A A H Pharmaceuticals Ltd) (AMP)
15350611000001102,Imipramine 125mg/5ml oral solution (Special Order) (AMP)
15351111000001104,Imipramine 125mg/5ml oral suspension (Special Order) (AMP)
15356311000001105,Imipramine 125mg/5ml oral suspension (VMP)
15356411000001103,Imipramine 125mg/5ml oral solution (VMP)
15375411000001109,Venlalic XL 150mg tablets (Ethypharm UK Ltd) (AMP)
15375711000001103,Venlalic XL 75mg tablets (Ethypharm UK Ltd) (AMP)
15376011000001109,Venlalic XL 225mg tablets (Ethypharm UK Ltd) (AMP)
15414711000001101,Foraven XL 150mg capsules (Forum Products Ltd) (AMP)
15414911000001104,Foraven XL 75mg capsules (Forum Products Ltd) (AMP)
154211000001100,Fluvoxamine 50mg tablets (Wockhardt UK Ltd) (AMP)
15439111000001107,Venlafaxine 225mg modified-release tablets (VMP)
15453311000001105,Cipralex 20mg/ml oral drops (Lundbeck Ltd) (AMP)
15457711000001104,Valdoxan 25mg tablets (Servier Laboratories Ltd) (AMP)
15499111000001100,Agomelatine 25mg tablets (VMP)
15499311000001103,Escitalopram 20mg/ml oral drops sugar free (VMP)
15531611000001109,Venlafaxine 150mg oral powder sachets (Special Order) (AMP)
15535911000001101,Venlafaxine 150mg oral powder sachets (VMP)
156311000001102,Fluvoxamine 50mg tablets (IVAX Pharmaceuticals UK Ltd) (AMP)
158611000001108,Trazodone 100mg capsules (Zentiva Pharma UK Ltd) (AMP)
15862311000001100,Fluoxetine 2mg/5ml oral solution (Special Order) (AMP)
15863111000001108,Fluoxetine 2mg/5ml oral suspension (Special Order) (AMP)
15880011000001100,Fluoxetine 2mg/5ml oral solution (VMP)
15880111000001104,Fluoxetine 2mg/5ml oral suspension (VMP)
15883911000001109,Cipramil 40mg/ml drops (Waymade Healthcare Plc) (AMP)
15989511000001105,Citalopram 10mg tablets (Bristol Laboratories Ltd) (AMP)
15989711000001100,Citalopram 20mg tablets (Bristol Laboratories Ltd) (AMP)
15989911000001103,Citalopram 40mg tablets (Bristol Laboratories Ltd) (AMP)
16066211000001106,Sertraline 50mg tablets (Bristol Laboratories Ltd) (AMP)
16066511000001109,Sertraline 100mg tablets (Bristol Laboratories Ltd) (AMP)
16136611000001109,Allegron 10mg tablets (Lexon (UK) Ltd) (AMP)
16136811000001108,Allegron 25mg tablets (Lexon (UK) Ltd) (AMP)
16138211000001108,Anafranil SR 75mg tablets (Lexon (UK) Ltd) (AMP)
161411000001107,Dosulepin 75mg tablets (Kent Pharma (UK) Ltd) (AMP)
16143011000001106,Buspar 5mg tablets (Lexon (UK) Ltd) (AMP)
16143211000001101,Buspar 10mg tablets (Lexon (UK) Ltd) (AMP)
16148211000001109,Cipralex 10mg tablets (Lexon (UK) Ltd) (AMP)
16148511000001107,Cipramil 20mg tablets (Lexon (UK) Ltd) (AMP)
16148811000001105,Cipramil 40mg tablets (Lexon (UK) Ltd) (AMP)
16149011000001109,Cipramil 40mg/ml drops (Lexon (UK) Ltd) (AMP)
16170011000001102,Edronax 4mg tablets (Lexon (UK) Ltd) (AMP)
16170211000001107,Efexor 37.5mg tablets (Lexon (UK) Ltd) (AMP)
16170411000001106,Efexor 75mg tablets (Lexon (UK) Ltd) (AMP)
16170611000001109,Efexor XL 75mg capsules (Lexon (UK) Ltd) (AMP)
16181211000001106,Fluanxol 500microgram tablets (Lexon (UK) Ltd) (AMP)
16181411000001105,Fluanxol 1mg tablets (Lexon (UK) Ltd) (AMP)
16201811000001108,Loprazolam 1mg tablets (Lexon (UK) Ltd) (AMP)
16203811000001107,Lustral 50mg tablets (Lexon (UK) Ltd) (AMP)
16214311000001104,Nortriptyline 25mg tablets (Lexon (UK) Ltd) (AMP)
16215911000001104,Venlafaxine 37.5mg tablets (Sun Pharma UK Ltd) (AMP)
16216211000001102,Venlafaxine 75mg tablets (Sun Pharma UK Ltd) (AMP)
16228611000001105,Prothiaden 25mg capsules (Lexon (UK) Ltd) (AMP)
16229611000001101,Prozac 20mg/5ml liquid (Lexon (UK) Ltd) (AMP)
16229811000001102,Prozac 20mg capsules (Lexon (UK) Ltd) (AMP)
16238311000001102,Trazodone 50mg capsules (Accord-UK Ltd) (AMP)
16238511000001108,Trazodone 100mg capsules (Accord-UK Ltd) (AMP)
16238711000001103,Trazodone 150mg tablets (Actavis UK Ltd) (AMP)
16243311000001106,Seroxat 20mg/10ml liquid (Lexon (UK) Ltd) (AMP)
16243511000001100,Seroxat 20mg tablets (Lexon (UK) Ltd) (AMP)
16243711000001105,Seroxat 30mg tablets (Lexon (UK) Ltd) (AMP)
16259011000001109,Allegron 10mg tablets (Mawdsley-Brooks & Company Ltd) (AMP)
16259211000001104,Allegron 25mg tablets (Mawdsley-Brooks & Company Ltd) (AMP)
16262311000001107,Anafranil SR 75mg tablets (Mawdsley-Brooks & Company Ltd) (AMP)
16273411000001100,Ranfaxine XL 75mg capsules (Sun Pharma UK Ltd) (AMP)
16274611000001104,Ranfaxine XL 150mg capsules (Sun Pharma UK Ltd) (AMP)
16276511000001109,Tofranil 25mg tablets (Lexon (UK) Ltd) (AMP)
16349311000001104,Buspar 5mg tablets (Mawdsley-Brooks & Company Ltd) (AMP)
16350511000001104,Buspar 10mg tablets (Mawdsley-Brooks & Company Ltd) (AMP)
16411000001107,Clomipramine 10mg capsules (Teva UK Ltd) (AMP)
16421311000001106,Venlablue XL 75mg capsules (Zentiva Pharma UK Ltd) (AMP)
16421511000001100,Venlablue XL 150mg capsules (Zentiva Pharma UK Ltd) (AMP)
16421711000001105,Citalopram 40mg/ml oral drops sugar free (Rosemont Pharmaceuticals Ltd) (AMP)
16422011000001100,Imipramine 25mg/5ml oral solution sugar free (Essential Pharma Ltd) (AMP)
16423411000001100,Imipramine 25mg/5ml oral solution sugar free (VMP)
16450611000001107,Zispin SolTab 15mg orodispersible tablets (Lexon (UK) Ltd) (AMP)
16450811000001106,Zispin SolTab 30mg orodispersible tablets (Lexon (UK) Ltd) (AMP)
16451011000001109,Zispin SolTab 45mg orodispersible tablets (Lexon (UK) Ltd) (AMP)
16455011000001106,Tonpular XL 75mg capsules (Wockhardt UK Ltd) (AMP)
16455211000001101,Tonpular XL 150mg capsules (Wockhardt UK Ltd) (AMP)
16492111000001107,Alventa XL 75mg capsules (Krka UK Ltd) (AMP)
16492311000001109,Alventa XL 150mg capsules (Krka UK Ltd) (AMP)
16501611000001102,Cipralex 5mg tablets (Mawdsley-Brooks & Company Ltd) (AMP)
16501911000001108,Cipralex 10mg tablets (Mawdsley-Brooks & Company Ltd) (AMP)
16502111000001100,Cipralex 20mg tablets (Mawdsley-Brooks & Company Ltd) (AMP)
16502311000001103,Cipramil 40mg/ml drops (Mawdsley-Brooks & Company Ltd) (AMP)
16502511000001109,Cipramil 20mg tablets (Mawdsley-Brooks & Company Ltd) (AMP)
16510211000001107,Loprazolam 1mg tablets (Mawdsley-Brooks & Company Ltd) (AMP)
16514711000001106,Lustral 100mg tablets (Mawdsley-Brooks & Company Ltd) (AMP)
16540611000001101,Anafranil SR 75mg tablets (Stephar (U.K.) Ltd) (AMP)
16553011000001100,Loprazolam 1mg tablets (Stephar (U.K.) Ltd) (AMP)
16564111000001109,Duloxetine 30mg gastro-resistant capsules (Mawdsley-Brooks & Company Ltd) (AMP)
16567011000001100,Edronax 4mg tablets (Mawdsley-Brooks & Company Ltd) (AMP)
16567211000001105,Efexor XL 75mg capsules (Mawdsley-Brooks & Company Ltd) (AMP)
16567511000001108,Efexor XL 150mg capsules (Mawdsley-Brooks & Company Ltd) (AMP)
16581011000001108,Fluanxol 1mg tablets (Mawdsley-Brooks & Company Ltd) (AMP)
16582411000001109,Lustral 100mg tablets (Stephar (U.K.) Ltd) (AMP)
16586411000001105,Prothiaden 25mg capsules (Stephar (U.K.) Ltd) (AMP)
16627711000001104,Buspirone 10mg tablets (Viatris UK Healthcare Ltd) (AMP)
16630211000001109,Buspirone 5mg tablets (Viatris UK Healthcare Ltd) (AMP)
16630411000001108,Mirtazapine 30mg orodispersible tablets (Viatris UK Healthcare Ltd) (AMP)
16630611000001106,Mirtazapine 45mg orodispersible tablets (Viatris UK Healthcare Ltd) (AMP)
16630811000001105,Mirtazapine 15mg orodispersible tablets (Viatris UK Healthcare Ltd) (AMP)
16676011000001103,Fluoxetine 10mg tablets (Special Order) (AMP)
166911000001109,Fluoxetine 20mg capsules (Sun Pharma UK Ltd) (AMP)
16696711000001105,Paroxetine 30mg tablets (Pfizer Ltd) (AMP)
16696911000001107,Paroxetine 20mg tablets (Pfizer Ltd) (AMP)
16699911000001103,Mirtazapine 15mg tablets (Pfizer Ltd) (AMP)
16700111000001100,Mirtazapine 30mg tablets (Pfizer Ltd) (AMP)
16700311000001103,Mirtazapine 45mg tablets (Pfizer Ltd) (AMP)
16700511000001109,Mirtazapine 15mg orodispersible tablets (Pfizer Ltd) (AMP)
16700711000001104,Mirtazapine 30mg orodispersible tablets (Pfizer Ltd) (AMP)
16700911000001102,Mirtazapine 45mg orodispersible tablets (Pfizer Ltd) (AMP)
16731611000001108,Imipramine 25mg/5ml oral solution sugar free (A A H Pharmaceuticals Ltd) (AMP)
16741611000001107,Citalopram 40mg/ml oral drops sugar free (Actavis UK Ltd) (AMP)
16811000001109,Seroxat 20mg/10ml liquid (GlaxoSmithKline UK Ltd) (AMP)
17197611000001101,Dosulepin 25mg capsules (Sovereign Medical Ltd) (AMP)
17197811000001102,Dosulepin 75mg tablets (Sovereign Medical Ltd) (AMP)
17219811000001108,Fluoxetine 60mg capsules (Actavis UK Ltd) (AMP)
172911000001103,Clomipramine 50mg capsules (Viatris UK Healthcare Ltd) (AMP)
173311000001109,Trazodone 100mg capsules (A A H Pharmaceuticals Ltd) (AMP)
17339811000001105,Cymbalta 30mg gastro-resistant capsules (Mawdsley-Brooks & Company Ltd) (AMP)
17340011000001106,Cymbalta 60mg gastro-resistant capsules (Mawdsley-Brooks & Company Ltd) (AMP)
17424311000001105,Prozac 20mg capsules (Mawdsley-Brooks & Company Ltd) (AMP)
17424711000001109,Prozac 20mg/5ml liquid (Mawdsley-Brooks & Company Ltd) (AMP)
17449311000001109,Seroxat 20mg tablets (Mawdsley-Brooks & Company Ltd) (AMP)
17449511000001103,Seroxat 30mg tablets (Mawdsley-Brooks & Company Ltd) (AMP)
17470511000001107,Valdoxan 25mg tablets (Mawdsley-Brooks & Company Ltd) (AMP)
17478011000001102,Yentreve 20mg gastro-resistant capsules (Mawdsley-Brooks & Company Ltd) (AMP)
17478311000001104,Yentreve 40mg gastro-resistant capsules (Mawdsley-Brooks & Company Ltd) (AMP)
17480411000001103,Zispin SolTab 15mg orodispersible tablets (Mawdsley-Brooks & Company Ltd) (AMP)
17480611000001100,Zispin SolTab 30mg orodispersible tablets (Mawdsley-Brooks & Company Ltd) (AMP)
17480811000001101,Zispin SolTab 45mg orodispersible tablets (Mawdsley-Brooks & Company Ltd) (AMP)
17532311000001107,Allegron 10mg tablets (Sigma Pharmaceuticals Plc) (AMP)
17534811000001109,Cipralex 10mg tablets (Sigma Pharmaceuticals Plc) (AMP)
17535011000001104,Cipralex 20mg tablets (Sigma Pharmaceuticals Plc) (AMP)
17579111000001104,Allegron 25mg tablets (Necessity Supplies Ltd) (AMP)
17584911000001106,Anafranil SR 75mg tablets (Necessity Supplies Ltd) (AMP)
17595111000001106,Seroxat 20mg/10ml liquid (Sigma Pharmaceuticals Plc) (AMP)
17607311000001108,Manerix 150mg tablets (Necessity Supplies Ltd) (AMP)
17607511000001102,Manerix 300mg tablets (Necessity Supplies Ltd) (AMP)
17630311000001102,Imipramine 25mg/5ml oral solution sugar free (Alliance Healthcare (Distribution) Ltd) (AMP)
17662211000001102,Mentaven XL 75mg capsules (Arrow Generics Ltd) (AMP)
17662411000001103,Mentaven XL 150mg capsules (Arrow Generics Ltd) (AMP)
17664211000001106,Citalopram 40mg/ml oral drops sugar free (Advanz Pharma) (AMP)
17737011000001107,Depefex XL 150mg capsules (Chiesi Ltd) (AMP)
17737211000001102,Depefex XL 75mg capsules (Chiesi Ltd) (AMP)
17778011000001106,Amitriptyline 10mg tablets (Phoenix Healthcare Distribution Ltd) (AMP)
17778711000001108,Amitriptyline 25mg tablets (Phoenix Healthcare Distribution Ltd) (AMP)
17778911000001105,Amitriptyline 50mg tablets (Phoenix Healthcare Distribution Ltd) (AMP)
178211000001109,Mianserin 10mg tablets (Alliance Healthcare (Distribution) Ltd) (AMP)
17859011000001102,Citalopram 10mg tablets (Phoenix Healthcare Distribution Ltd) (AMP)
17859211000001107,Citalopram 20mg tablets (Phoenix Healthcare Distribution Ltd) (AMP)
17859411000001106,Citalopram 40mg tablets (Phoenix Healthcare Distribution Ltd) (AMP)
17860411000001105,Clomipramine 10mg capsules (Phoenix Healthcare Distribution Ltd) (AMP)
17860611000001108,Clomipramine 25mg capsules (Phoenix Healthcare Distribution Ltd) (AMP)
17860811000001107,Clomipramine 50mg capsules (Phoenix Healthcare Distribution Ltd) (AMP)
17863611000001104,Trazodone 50mg capsules (Phoenix Healthcare Distribution Ltd) (AMP)
17864411000001104,Trazodone 100mg capsules (Phoenix Healthcare Distribution Ltd) (AMP)
17864611000001101,Trazodone 150mg tablets (Phoenix Healthcare Distribution Ltd) (AMP)
17866411000001107,Trimipramine 50mg capsules (Phoenix Healthcare Distribution Ltd) (AMP)
17866611000001105,Trimipramine 10mg tablets (Phoenix Healthcare Distribution Ltd) (AMP)
17866911000001104,Trimipramine 25mg tablets (Phoenix Healthcare Distribution Ltd) (AMP)
17875911000001102,Venlafaxine 37.5mg tablets (Phoenix Healthcare Distribution Ltd) (AMP)
17876111000001106,Venlafaxine 75mg tablets (Phoenix Healthcare Distribution Ltd) (AMP)
17884211000001101,Duloxetine 60mg gastro-resistant capsules (Sigma Pharmaceuticals Plc) (AMP)
17893611000001101,Dosulepin 25mg capsules (Phoenix Healthcare Distribution Ltd) (AMP)
17893811000001102,Dosulepin 75mg tablets (Phoenix Healthcare Distribution Ltd) (AMP)
17896011000001100,Buspirone 5mg tablets (Sigma Pharmaceuticals Plc) (AMP)
179011000001109,Amitriptyline 10mg tablets (Alliance Healthcare (Distribution) Ltd) (AMP)
17909511000001108,Fluoxetine 20mg capsules (Phoenix Healthcare Distribution Ltd) (AMP)
17909711000001103,Fluoxetine 60mg capsules (Phoenix Healthcare Distribution Ltd) (AMP)
17928011000001100,Sertraline 50mg tablets (Phoenix Healthcare Distribution Ltd) (AMP)
17928211000001105,Sertraline 100mg tablets (Phoenix Healthcare Distribution Ltd) (AMP)
17932011000001100,Imipramine 10mg tablets (Phoenix Healthcare Distribution Ltd) (AMP)
17932211000001105,Imipramine 25mg tablets (Phoenix Healthcare Distribution Ltd) (AMP)
17937811000001109,Lofepramine 70mg tablets (Phoenix Healthcare Distribution Ltd) (AMP)
17942511000001109,Mirtazapine 15mg orodispersible tablets (Phoenix Healthcare Distribution Ltd) (AMP)
17942711000001104,Mirtazapine 30mg orodispersible tablets (Phoenix Healthcare Distribution Ltd) (AMP)
17942911000001102,Mirtazapine 45mg orodispersible tablets (Phoenix Healthcare Distribution Ltd) (AMP)
17943111000001106,Mirtazapine 15mg tablets (Phoenix Healthcare Distribution Ltd) (AMP)
17943411000001101,Mirtazapine 30mg tablets (Phoenix Healthcare Distribution Ltd) (AMP)
17943711000001107,Mirtazapine 45mg tablets (Phoenix Healthcare Distribution Ltd) (AMP)
17953511000001100,Paroxetine 20mg tablets (Phoenix Healthcare Distribution Ltd) (AMP)
17953711000001105,Paroxetine 30mg tablets (Phoenix Healthcare Distribution Ltd) (AMP)
17964911000001101,Citalopram 40mg/ml oral drops sugar free (Almus Pharmaceuticals Ltd) (AMP)
17965811000001107,Clomipramine 10mg capsules (Almus Pharmaceuticals Ltd) (AMP)
17966011000001105,Clomipramine 25mg capsules (Almus Pharmaceuticals Ltd) (AMP)
17966211000001100,Clomipramine 50mg capsules (Almus Pharmaceuticals Ltd) (AMP)
17967011000001108,Mirtazapine 15mg tablets (Almus Pharmaceuticals Ltd) (AMP)
17967411000001104,Mirtazapine 45mg tablets (Almus Pharmaceuticals Ltd) (AMP)
17968211000001104,Mirtazapine 30mg tablets (Almus Pharmaceuticals Ltd) (AMP)
17968411000001100,Mirtazapine 45mg orodispersible tablets (Almus Pharmaceuticals Ltd) (AMP)
17968811000001103,Mirtazapine 30mg orodispersible tablets (Almus Pharmaceuticals Ltd) (AMP)
17969111000001103,Mirtazapine 15mg orodispersible tablets (Almus Pharmaceuticals Ltd) (AMP)
17970711000001104,Fluoxetine 20mg/5ml oral solution (Almus Pharmaceuticals Ltd) (AMP)
17971511000001102,Lofepramine 70mg tablets (Almus Pharmaceuticals Ltd) (AMP)
18073311000001108,Fluoxetine 20mg/5ml oral solution (Fannin (UK) Ltd) (AMP)
18074311000001105,Fluoxetine 20mg capsules (Fannin (UK) Ltd) (AMP)
18100511000001109,Citalopram 40mg/ml oral drops sugar free (Phoenix Healthcare Distribution Ltd) (AMP)
18108111000001103,Fluoxetine 20mg/5ml oral solution (Phoenix Healthcare Distribution Ltd) (AMP)
1811000001101,Molipaxin 150mg tablets (Zentiva Pharma UK Ltd) (AMP)
18146311000001105,Amitriptyline 50mg/5ml oral solution sugar free (Wockhardt UK Ltd) (AMP)
18148011000001106,Amitriptyline 25mg/5ml oral solution sugar free (Wockhardt UK Ltd) (AMP)
18148611000001104,Venlaneo XL 75mg capsules (Kent Pharma (UK) Ltd) (AMP)
18148811000001100,Venlaneo XL 150mg capsules (Kent Pharma (UK) Ltd) (AMP)
18174111000001100,Prozac 20mg capsules (Necessity Supplies Ltd) (AMP)
18174311000001103,Prozac 20mg/5ml liquid (Necessity Supplies Ltd) (AMP)
18187711000001102,Seroxat 20mg/10ml liquid (Necessity Supplies Ltd) (AMP)
18209511000001104,Zispin SolTab 15mg orodispersible tablets (Necessity Supplies Ltd) (AMP)
18209811000001101,Zispin SolTab 30mg orodispersible tablets (Necessity Supplies Ltd) (AMP)
18210011000001101,Zispin SolTab 45mg orodispersible tablets (Necessity Supplies Ltd) (AMP)
18220311000001108,Cipralex 10mg tablets (Necessity Supplies Ltd) (AMP)
18220611000001103,Cipralex 20mg tablets (Necessity Supplies Ltd) (AMP)
18221011000001101,Cipramil 40mg/ml drops (Necessity Supplies Ltd) (AMP)
18230411000001104,Cymbalta 30mg gastro-resistant capsules (Necessity Supplies Ltd) (AMP)
18246811000001104,Cymbalta 60mg gastro-resistant capsules (Necessity Supplies Ltd) (AMP)
18254111000001101,Edronax 4mg tablets (Necessity Supplies Ltd) (AMP)
18254311000001104,Efexor XL 150mg capsules (Necessity Supplies Ltd) (AMP)
18255611000001105,Efexor XL 75mg capsules (Necessity Supplies Ltd) (AMP)
18263411000001101,Fluanxol 500microgram tablets (Necessity Supplies Ltd) (AMP)
18281511000001104,Dosulepin 25mg capsules (Strides Pharma UK Ltd) (AMP)
18281711000001109,Dosulepin 75mg tablets (Strides Pharma UK Ltd) (AMP)
18282511000001107,Fluoxetine 20mg capsules (Strides Pharma UK Ltd) (AMP)
18310811000001100,Nortriptyline 10mg tablets (A A H Pharmaceuticals Ltd) (AMP)
18311011000001102,Nortriptyline 25mg tablets (A A H Pharmaceuticals Ltd) (AMP)
18457211000001101,Amitriptyline 10mg tablets (Accord-UK Ltd) (AMP)
18457411000001102,Amitriptyline 25mg tablets (Accord-UK Ltd) (AMP)
18460711000001104,Citalopram 10mg tablets (Accord-UK Ltd) (AMP)
18460911000001102,Citalopram 20mg tablets (Accord-UK Ltd) (AMP)
18461711000001107,Fluoxetine 20mg capsules (Accord-UK Ltd) (AMP)
18470111000001108,Citalopram 40mg tablets (Accord-UK Ltd) (AMP)
18475711000001104,Fluoxetine 60mg capsules (Dr Reddy's Laboratories (UK) Ltd) (AMP)
18520911000001100,Trazodone 50mg/5ml oral solution sugar free (Zentiva Pharma UK Ltd) (AMP)
18544911000001108,Allegron 25mg tablets (DE Pharmaceuticals) (AMP)
18575111000001105,Duloxetine 30mg gastro-resistant capsules (DE Pharmaceuticals) (AMP)
18612611000001107,Seroxat 20mg tablets (DE Pharmaceuticals) (AMP)
18629011000001100,Cipralex 20mg tablets (DE Pharmaceuticals) (AMP)
18629411000001109,Cipramil 40mg/ml drops (DE Pharmaceuticals) (AMP)
18670211000001104,Nortriptyline 10mg tablets (King Pharmaceuticals Ltd) (AMP)
18717511000001100,Imipramine 25mg/5ml oral solution sugar free (Sigma Pharmaceuticals Plc) (AMP)
18748311000001101,Venlalic XL 37.5mg tablets (Ethypharm UK Ltd) (AMP)
18752111000001104,Trazodone 50mg/5ml oral solution sugar free (A A H Pharmaceuticals Ltd) (AMP)
18765111000001101,Venlafaxine 37.5mg modified-release tablets (VMP)
18802911000001109,Fluoxetine 20mg/5ml oral solution sugar free (Accord-UK Ltd) (AMP)
18865411000001108,Nortriptyline 10mg tablets (Alliance Healthcare (Distribution) Ltd) (AMP)
18866011000001108,Venlafaxine 37.5mg tablets (Alliance Healthcare (Distribution) Ltd) (AMP)
18866211000001103,Venlafaxine 75mg tablets (Alliance Healthcare (Distribution) Ltd) (AMP)
18876511000001109,Nortriptyline 25mg tablets (King Pharmaceuticals Ltd) (AMP)
190511000001102,Amitriptyline 25mg tablets (A A H Pharmaceuticals Ltd) (AMP)
19188711000001104,Citalopram 10mg tablets (Milpharm Ltd) (AMP)
19188911000001102,Citalopram 20mg tablets (Milpharm Ltd) (AMP)
19189311000001109,Citalopram 40mg tablets (Milpharm Ltd) (AMP)
19193611000001100,Fluoxetine 20mg capsules (Milpharm Ltd) (AMP)
19194211000001104,Mirtazapine 15mg tablets (Milpharm Ltd) (AMP)
19194411000001100,Mirtazapine 30mg tablets (Milpharm Ltd) (AMP)
19194611000001102,Mirtazapine 45mg tablets (Milpharm Ltd) (AMP)
19194811000001103,Mirtazapine 15mg orodispersible tablets (Milpharm Ltd) (AMP)
19195011000001108,Mirtazapine 30mg orodispersible tablets (Milpharm Ltd) (AMP)
19195211000001103,Mirtazapine 45mg orodispersible tablets (Milpharm Ltd) (AMP)
19195811000001102,Paroxetine 20mg tablets (Milpharm Ltd) (AMP)
19196111000001103,Paroxetine 30mg tablets (Milpharm Ltd) (AMP)
19197011000001101,Sertraline 50mg tablets (Milpharm Ltd) (AMP)
19197211000001106,Sertraline 100mg tablets (Milpharm Ltd) (AMP)
19213711000001106,Mirtazapine 15mg orodispersible tablets (Bluefish Pharmaceuticals AB) (AMP)
19213911000001108,Mirtazapine 30mg orodispersible tablets (Bluefish Pharmaceuticals AB) (AMP)
19214311000001109,Mirtazapine 45mg orodispersible tablets (Bluefish Pharmaceuticals AB) (AMP)
19309511000001106,Clomethiazole 192mg capsules (Neon Healthcare Ltd) (AMP)
19311111000001104,Trazodone 50mg capsules (Mercury Pharma Group Ltd) (AMP)
19311311000001102,Trazodone 100mg capsules (Mercury Pharma Group Ltd) (AMP)
19359611000001102,Nortriptyline 25mg tablets (Alliance Healthcare (Distribution) Ltd) (AMP)
19471711000001104,Clomethiazole 192mg capsules (A A H Pharmaceuticals Ltd) (AMP)
19489711000001107,Clomethiazole 192mg capsules (Alliance Healthcare (Distribution) Ltd) (AMP)
19540411000001109,Cipralex 5mg tablets (DE Pharmaceuticals) (AMP)
19570011000001101,Trazodone 50mg/5ml oral solution sugar free (Focus Pharmaceuticals Ltd) (AMP)
19618311000001102,Nortriptyline 25mg tablets (DE Pharmaceuticals) (AMP)
19683911000001108,Trazodone 50mg/5ml oral solution sugar free (Alliance Healthcare (Distribution) Ltd) (AMP)
19714411000001107,Citalopram 10mg tablets (DE Pharmaceuticals) (AMP)
19714611000001105,Citalopram 20mg tablets (DE Pharmaceuticals) (AMP)
19714811000001109,Citalopram 40mg tablets (DE Pharmaceuticals) (AMP)
19732411000001108,Mirtazapine 15mg tablets (Medreich Plc) (AMP)
19732611000001106,Mirtazapine 30mg tablets (Medreich Plc) (AMP)
19732811000001105,Mirtazapine 45mg tablets (Medreich Plc) (AMP)
19734711000001107,Sertraline 50mg tablets (Medreich Plc) (AMP)
19734911000001109,Sertraline 100mg tablets (Medreich Plc) (AMP)
19736911000001101,Cipramil 40mg tablets (Mawdsley-Brooks & Company Ltd) (AMP)
19817111000001109,Buspirone 10mg tablets (Almus Pharmaceuticals Ltd) (AMP)
19817311000001106,Buspirone 5mg tablets (Almus Pharmaceuticals Ltd) (AMP)
19818411000001100,Fluoxetine 60mg capsules (Almus Pharmaceuticals Ltd) (AMP)
19963311000001105,Efexor XL 150mg capsules (Lexon (UK) Ltd) (AMP)
19968211000001105,Lustral 100mg tablets (Lexon (UK) Ltd) (AMP)
20030111000001103,Valdoxan 25mg tablets (Lexon (UK) Ltd) (AMP)
20169711000001108,Sertraline 50mg tablets (Accord-UK Ltd) (AMP)
20169911000001105,Sertraline 100mg tablets (Accord-UK Ltd) (AMP)
20311111000001102,Mirtazapine 15mg orodispersible tablets sugar free (Sandoz Ltd) (AMP)
20311511000001106,Mirtazapine 45mg orodispersible tablets sugar free (Sandoz Ltd) (AMP)
20345211000001102,Mirtazapine 15mg orodispersible tablets sugar free (VMP)
20345311000001105,Mirtazapine 45mg orodispersible tablets sugar free (VMP)
20427811000001102,Clomethiazole 250mg/5ml oral solution (Special Order) (AMP)
20438711000001109,Amitriptyline 10mg tablets (Arrow Generics Ltd) (AMP)
20438911000001106,Amitriptyline 25mg tablets (Arrow Generics Ltd) (AMP)
20439111000001101,Amitriptyline 50mg tablets (Arrow Generics Ltd) (AMP)
20453611000001108,Clomethiazole 250mg/5ml oral solution (VMP)
208811000001101,Prothiaden 25mg capsules (Teofarma S.r.l.) (AMP)
21022611000001103,Clomethiazole 192mg capsules (Waymade Healthcare Plc) (AMP)
21039711000001104,Venlafaxine 37.5mg tablets (Bristol Laboratories Ltd) (AMP)
21040011000001108,Venlafaxine 75mg tablets (Bristol Laboratories Ltd) (AMP)
21204111000001100,Nortriptyline 25mg tablets (Waymade Healthcare Plc) (AMP)
21373711000001104,Trimipramine 50mg capsules (Zentiva Pharma UK Ltd) (AMP)
21373911000001102,Trimipramine 25mg tablets (Zentiva Pharma UK Ltd) (AMP)
21374111000001103,Trimipramine 10mg tablets (Zentiva Pharma UK Ltd) (AMP)
21410111000001106,Paroxetine 20mg tablets (Medreich Plc) (AMP)
21410311000001108,Paroxetine 30mg tablets (Medreich Plc) (AMP)
214311000001103,Tofranil 25mg/5ml syrup (Novartis Pharmaceuticals UK Ltd) (AMP)
21541611000001108,Paroxetine 10mg tablets (Accord-UK Ltd) (AMP)
21548411000001103,Paroxetine 10mg tablets (A A H Pharmaceuticals Ltd) (AMP)
21757111000001105,Optimax 500mg capsules (Special Order) (AMP)
21762111000001104,Amitriptyline 25mg/5ml oral solution sugar free (Waymade Healthcare Plc) (AMP)
21762411000001109,Amitriptyline 50mg/5ml oral solution sugar free (Waymade Healthcare Plc) (AMP)
21762711000001103,Amitriptyline 10mg tablets (Waymade Healthcare Plc) (AMP)
21763111000001105,Amitriptyline 25mg tablets (Waymade Healthcare Plc) (AMP)
21763411000001100,Amitriptyline 50mg tablets (Waymade Healthcare Plc) (AMP)
21781311000001109,Tryptophan 500mg capsules (VMP)
21800511000001109,Mianserin 30mg tablets (Waymade Healthcare Plc) (AMP)
21801511000001102,Mirtazapine 15mg orodispersible tablets (Waymade Healthcare Plc) (AMP)
21801811000001104,Mirtazapine 30mg orodispersible tablets (Waymade Healthcare Plc) (AMP)
21802211000001107,Mirtazapine 45mg orodispersible tablets (Waymade Healthcare Plc) (AMP)
21803511000001103,Mirtazapine 15mg tablets (Waymade Healthcare Plc) (AMP)
21804011000001108,Mirtazapine 30mg tablets (Waymade Healthcare Plc) (AMP)
21805411000001103,Mirtazapine 45mg tablets (Waymade Healthcare Plc) (AMP)
21805611000001100,Moclobemide 150mg tablets (Waymade Healthcare Plc) (AMP)
21806311000001100,Buspirone 5mg tablets (Waymade Healthcare Plc) (AMP)
21807311000001102,Buspirone 10mg tablets (Waymade Healthcare Plc) (AMP)
21811000001107,Paroxetine 20mg tablets (Viatris UK Healthcare Ltd) (AMP)
21834911000001104,Imipramine 25mg/5ml oral solution sugar free (Cubic Pharmaceuticals Ltd) (AMP)
21841411000001109,Paroxetine 20mg tablets (Waymade Healthcare Plc) (AMP)
21842211000001103,Paroxetine 30mg tablets (Waymade Healthcare Plc) (AMP)
21853511000001109,Citalopram 40mg/ml oral drops sugar free (Waymade Healthcare Plc) (AMP)
21853711000001104,Citalopram 10mg tablets (Waymade Healthcare Plc) (AMP)
21853911000001102,Citalopram 20mg tablets (Waymade Healthcare Plc) (AMP)
21854111000001103,Citalopram 40mg tablets (Waymade Healthcare Plc) (AMP)
21859211000001108,Clomipramine 10mg capsules (Waymade Healthcare Plc) (AMP)
21859411000001107,Clomipramine 25mg capsules (Waymade Healthcare Plc) (AMP)
21859711000001101,Clomipramine 50mg capsules (Waymade Healthcare Plc) (AMP)
218611000001103,Clomipramine 50mg capsules (Actavis UK Ltd) (AMP)
21893111000001105,Trazodone 50mg capsules (Waymade Healthcare Plc) (AMP)
21893311000001107,Trazodone 100mg capsules (Waymade Healthcare Plc) (AMP)
21893511000001101,Trazodone 150mg tablets (Waymade Healthcare Plc) (AMP)
21893711000001106,Trazodone 50mg/5ml oral solution sugar free (Waymade Healthcare Plc) (AMP)
21896011000001101,Sertraline 50mg tablets (Waymade Healthcare Plc) (AMP)
21896311000001103,Sertraline 100mg tablets (Waymade Healthcare Plc) (AMP)
21906611000001100,Trimipramine 50mg capsules (Waymade Healthcare Plc) (AMP)
21906811000001101,Trimipramine 10mg tablets (Waymade Healthcare Plc) (AMP)
21907111000001106,Trimipramine 25mg tablets (Waymade Healthcare Plc) (AMP)
21910411000001103,Venlafaxine 37.5mg tablets (Waymade Healthcare Plc) (AMP)
21910711000001109,Venlafaxine 75mg tablets (Waymade Healthcare Plc) (AMP)
21932811000001107,Dosulepin 25mg capsules (Waymade Healthcare Plc) (AMP)
21933011000001105,Dosulepin 75mg tablets (Waymade Healthcare Plc) (AMP)
21965311000001104,Sunveniz XL 75mg tablets (Sun Pharma UK Ltd) (AMP)
21990711000001108,Sunveniz XL 150mg tablets (Sun Pharma UK Ltd) (AMP)
21992211000001100,Bonilux XL 150mg capsules (Sandoz Ltd) (AMP)
21992411000001101,Bonilux XL 75mg capsules (Sandoz Ltd) (AMP)
22014311000001108,Fluoxetine 20mg capsules (Waymade Healthcare Plc) (AMP)
22014511000001102,Fluoxetine 60mg capsules (Waymade Healthcare Plc) (AMP)
22014711000001107,Fluoxetine 20mg/5ml oral solution (Waymade Healthcare Plc) (AMP)
22015711000001106,Fluvoxamine 50mg tablets (Waymade Healthcare Plc) (AMP)
22015911000001108,Fluvoxamine 100mg tablets (Waymade Healthcare Plc) (AMP)
22057411000001103,Imipramine 25mg/5ml oral solution sugar free (Waymade Healthcare Plc) (AMP)
22057711000001109,Imipramine 10mg tablets (Waymade Healthcare Plc) (AMP)
22058011000001108,Imipramine 25mg tablets (Waymade Healthcare Plc) (AMP)
22073011000001103,Lofepramine 70mg tablets (Waymade Healthcare Plc) (AMP)
22073411000001107,Loprazolam 1mg tablets (Waymade Healthcare Plc) (AMP)
22201311000001102,Amitriptyline 50mg/5ml oral solution sugar free (Phoenix Healthcare Distribution Ltd) (AMP)
22204211000001107,Buspirone 5mg tablets (Phoenix Healthcare Distribution Ltd) (AMP)
22204411000001106,Buspirone 10mg tablets (Phoenix Healthcare Distribution Ltd) (AMP)
22247311000001102,Paroxetine 10mg tablets (Alliance Healthcare (Distribution) Ltd) (AMP)
22474211000001103,Clomethiazole 31.5mg/ml oral solution sugar free (Neon Healthcare Ltd) (AMP)
22582211000001108,Clomethiazole 31.5mg/ml oral solution sugar free (Alliance Healthcare (Distribution) Ltd) (AMP)
22582711000001101,Clomethiazole 31.5mg/ml oral solution sugar free (A A H Pharmaceuticals Ltd) (AMP)
22589311000001108,Amitriptyline 50mg/5ml oral solution sugar free (DE Pharmaceuticals) (AMP)
22589511000001102,Amitriptyline 25mg/5ml oral solution sugar free (DE Pharmaceuticals) (AMP)
22589711000001107,Amitriptyline 10mg tablets (DE Pharmaceuticals) (AMP)
22589911000001109,Amitriptyline 25mg tablets (DE Pharmaceuticals) (AMP)
22590111000001100,Amitriptyline 50mg tablets (DE Pharmaceuticals) (AMP)
226111000001100,Trazodone 50mg capsules (Zentiva Pharma UK Ltd) (AMP)
22624311000001105,Buspirone 10mg tablets (DE Pharmaceuticals) (AMP)
22624511000001104,Buspirone 5mg tablets (DE Pharmaceuticals) (AMP)
22624911000001106,Imipramine 25mg/5ml oral solution sugar free (Colorama Pharmaceuticals Ltd) (AMP)
23343211000001100,Venladex XL 150mg tablets (Dexcel-Pharma Ltd) (AMP)
23343411000001101,Venladex XL 75mg tablets (Dexcel-Pharma Ltd) (AMP)
23421611000001109,Mirtazapine 15mg tablets (Wockhardt UK Ltd) (AMP)
23421811000001108,Mirtazapine 30mg tablets (Wockhardt UK Ltd) (AMP)
23422011000001105,Mirtazapine 45mg tablets (Wockhardt UK Ltd) (AMP)
23422211000001100,Mirtazapine 15mg orodispersible tablets (Wockhardt UK Ltd) (AMP)
23422411000001101,Mirtazapine 30mg orodispersible tablets (Wockhardt UK Ltd) (AMP)
23422611000001103,Mirtazapine 45mg orodispersible tablets (Wockhardt UK Ltd) (AMP)
23474511000001108,Venlablue XL 37.5mg capsules (Zentiva Pharma UK Ltd) (AMP)
23560511000001101,Venlafaxine 37.5mg modified-release capsules (VMP)
235711000001109,Clomipramine 25mg capsules (A A H Pharmaceuticals Ltd) (AMP)
23587411000001103,Fluoxetine 20mg capsules (Bristol Laboratories Ltd) (AMP)
23587611000001100,Fluoxetine 60mg capsules (Bristol Laboratories Ltd) (AMP)
23615311000001108,Trazodone 50mg capsules (Creo Pharma Ltd) (AMP)
23615511000001102,Trazodone 100mg capsules (Creo Pharma Ltd) (AMP)
23615711000001107,Trazodone 150mg tablets (Creo Pharma Ltd) (AMP)
237411000001109,Efexor 75mg tablets (Wyeth Pharmaceuticals) (AMP)
23821811000001103,Clomipramine 10mg capsules (DE Pharmaceuticals) (AMP)
23823111000001106,Clomipramine 25mg capsules (DE Pharmaceuticals) (AMP)
23824711000001109,Clomipramine 50mg capsules (DE Pharmaceuticals) (AMP)
23880011000001107,Dosulepin 25mg capsules (DE Pharmaceuticals) (AMP)
23880411000001103,Dosulepin 75mg tablets (DE Pharmaceuticals) (AMP)
23909011000001106,Fluoxetine 20mg capsules (DE Pharmaceuticals) (AMP)
23931311000001100,Nortriptyline 10mg tablets (Waymade Healthcare Plc) (AMP)
23947811000001101,Imipramine 10mg tablets (DE Pharmaceuticals) (AMP)
23948011000001108,Imipramine 25mg tablets (DE Pharmaceuticals) (AMP)
23980011000001102,Fluoxetine 60mg capsules (DE Pharmaceuticals) (AMP)
23980211000001107,Fluoxetine 20mg/5ml oral solution (DE Pharmaceuticals) (AMP)
23981011000001106,Fluvoxamine 100mg tablets (DE Pharmaceuticals) (AMP)
23981211000001101,Fluvoxamine 50mg tablets (DE Pharmaceuticals) (AMP)
23997411000001109,Olena 20mg orodispersible tablets (Advanz Pharma) (AMP)
24026811000001107,Imipramine 25mg/5ml oral solution sugar free (CST Pharma Ltd) (AMP)
24128411000001103,Fluoxetine 20mg orodispersible tablets sugar free (VMP)
24132411000001103,Fluoxetine 20mg capsules (Morningside Healthcare Ltd) (AMP)
241511000001103,Dosulepin 75mg tablets (Teva UK Ltd) (AMP)
24227311000001107,Fluoxetine 20mg/5ml oral solution sugar free (Morningside Healthcare Ltd) (AMP)
242611000001105,Fluvoxamine 50mg tablets (Teva UK Ltd) (AMP)
24369011000001102,Lofepramine 70mg/5ml oral suspension sugar free (DE Pharmaceuticals) (AMP)
24369211000001107,Lofepramine 70mg tablets (DE Pharmaceuticals) (AMP)
24385211000001106,Mianserin 10mg tablets (DE Pharmaceuticals) (AMP)
24385411000001105,Mianserin 30mg tablets (DE Pharmaceuticals) (AMP)
24386211000001100,Mirtazapine 15mg orodispersible tablets (DE Pharmaceuticals) (AMP)
24393011000001103,Mirtazapine 30mg orodispersible tablets (DE Pharmaceuticals) (AMP)
24393911000001104,Mirtazapine 45mg orodispersible tablets (DE Pharmaceuticals) (AMP)
24394711000001104,Mirtazapine 15mg/ml oral solution sugar free (DE Pharmaceuticals) (AMP)
24397511000001101,Olena 20mg dispersible tablets (Advanz Pharma) (AMP)
24400011000001103,Mirtazapine 15mg tablets (DE Pharmaceuticals) (AMP)
24400311000001100,Mirtazapine 30mg tablets (DE Pharmaceuticals) (AMP)
24400811000001109,Mirtazapine 45mg tablets (DE Pharmaceuticals) (AMP)
24401111000001108,Moclobemide 150mg tablets (DE Pharmaceuticals) (AMP)
24401311000001105,Moclobemide 300mg tablets (DE Pharmaceuticals) (AMP)
24407811000001108,Fluoxetine 20mg dispersible tablets sugar free (VMP)
244311000001107,Clomipramine 10mg capsules (Actavis UK Ltd) (AMP)
24442311000001108,Doxepin 25mg capsules (Marlborough Pharmaceuticals Ltd) (AMP)
24442511000001102,Doxepin 50mg capsules (Marlborough Pharmaceuticals Ltd) (AMP)
244911000001108,Mianserin 10mg tablets (Viatris UK Healthcare Ltd) (AMP)
24538711000001100,Doxepin 25mg capsules (Alliance Healthcare (Distribution) Ltd) (AMP)
24538911000001103,Doxepin 50mg capsules (Alliance Healthcare (Distribution) Ltd) (AMP)
24598811000001101,Escitalopram 5mg tablets (Teva UK Ltd) (AMP)
24599011000001102,Escitalopram 10mg tablets (Teva UK Ltd) (AMP)
24599211000001107,Escitalopram 20mg tablets (Teva UK Ltd) (AMP)
24600011000001100,Escitalopram 5mg tablets (Alliance Healthcare (Distribution) Ltd) (AMP)
24600211000001105,Escitalopram 10mg tablets (Alliance Healthcare (Distribution) Ltd) (AMP)
24601911000001108,Escitalopram 20mg tablets (Alliance Healthcare (Distribution) Ltd) (AMP)
24604211000001102,Escitalopram 5mg tablets (Actavis UK Ltd) (AMP)
24604411000001103,Escitalopram 10mg tablets (Actavis UK Ltd) (AMP)
24604611000001100,Escitalopram 20mg tablets (Actavis UK Ltd) (AMP)
24619811000001104,Doxepin 25mg capsules (A A H Pharmaceuticals Ltd) (AMP)
24620011000001106,Doxepin 50mg capsules (A A H Pharmaceuticals Ltd) (AMP)
24620211000001101,Escitalopram 5mg tablets (A A H Pharmaceuticals Ltd) (AMP)
24620411000001102,Escitalopram 10mg tablets (A A H Pharmaceuticals Ltd) (AMP)
24620611000001104,Escitalopram 20mg tablets (A A H Pharmaceuticals Ltd) (AMP)
24647911000001108,Nortriptyline 10mg tablets (Accord-UK Ltd) (AMP)
24648311000001108,Nortriptyline 25mg tablets (Accord-UK Ltd) (AMP)
24668811000001105,Doxepin 50mg capsules (Waymade Healthcare Plc) (AMP)
24669011000001109,Doxepin 25mg capsules (Waymade Healthcare Plc) (AMP)
24676911000001109,Amphero XL 150mg capsules (Viatris UK Healthcare Ltd) (AMP)
24677311000001106,Amphero XL 75mg capsules (Viatris UK Healthcare Ltd) (AMP)
252411000001105,Fluoxetine 20mg capsules (Viatris UK Healthcare Ltd) (AMP)
254111000001108,Dosulepin 25mg capsules (A A H Pharmaceuticals Ltd) (AMP)
254311000001105,Imipramine 10mg tablets (A A H Pharmaceuticals Ltd) (AMP)
25557111000001108,Escitalopram 5mg tablets (Zentiva Pharma UK Ltd) (AMP)
258111000001102,Fluoxetine 20mg capsules (IVAX Pharmaceuticals UK Ltd) (AMP)
259211000001103,Sinequan 10mg capsules (Pfizer Ltd) (AMP)
26055211000001106,Fluoxetine 20mg/5ml oral solution sugar free (Ennogen Healthcare Ltd) (AMP)
261111000001104,Buspirone 5mg tablets (Alliance Healthcare (Distribution) Ltd) (AMP)
26369111000001106,Imipramine 25mg/5ml oral solution sugar free (Ennogen Healthcare Ltd) (AMP)
26376511000001103,Isocarboxazid 10mg tablets (Ennogen Healthcare Ltd) (AMP)
263811000001105,Fluoxetine 20mg/5ml oral solution (Teva UK Ltd) (AMP)
266411000001103,Trazodone 50mg capsules (Viatris UK Healthcare Ltd) (AMP)
26778111000001105,Fluvoxamine 100mg tablets (Tillomed Laboratories Ltd) (AMP)
26853211000001108,Lofepramine 70mg/5ml oral suspension sugar free (Ennogen Healthcare Ltd) (AMP)
268711000001108,Amitriptyline 10mg tablets (Actavis UK Ltd) (AMP)
276511000001108,Sinequan 75mg capsules (Pfizer Ltd) (AMP)
27700611000001108,Sertraline 50mg tablets (Lupin Healthcare (UK) Ltd) (AMP)
27701711000001107,Sertraline 100mg tablets (Lupin Healthcare (UK) Ltd) (AMP)
27991411000001109,Seroxat 10mg tablets (Waymade Healthcare Plc) (AMP)
27998911000001105,Imipramine 25mg/5ml oral solution sugar free (J M McGill Ltd) (AMP)
281211000001107,Efexor 37.5mg tablets (Wyeth Pharmaceuticals) (AMP)
28277611000001104,Tranylcypromine 10mg tablets (Waymade Healthcare Plc) (AMP)
28377211000001109,Lofepramine 70mg/5ml oral suspension sugar free (J M McGill Ltd) (AMP)
28379211000001103,Amitriptyline 25mg/5ml oral solution sugar free (Accord-UK Ltd) (AMP)
28379411000001104,Amitriptyline 50mg/5ml oral solution sugar free (Accord-UK Ltd) (AMP)
28417811000001106,Doxepin 10mg capsules (Special Order) (AMP)
286811000001103,Clomipramine 10mg capsules (Viatris UK Healthcare Ltd) (AMP)
28690311000001101,Citalopram 10mg tablets (Rivopharm (UK) Ltd) (AMP)
28690711000001102,Citalopram 20mg tablets (Rivopharm (UK) Ltd) (AMP)
28692211000001105,Citalopram 40mg tablets (Rivopharm (UK) Ltd) (AMP)
28698311000001104,Trazodone 50mg capsules (Rivopharm (UK) Ltd) (AMP)
28698511000001105,Trazodone 100mg capsules (Rivopharm (UK) Ltd) (AMP)
28699011000001107,Trazodone 150mg tablets (Rivopharm (UK) Ltd) (AMP)
28776911000001104,Lofepramine 70mg/5ml oral suspension sugar free (Colorama Pharmaceuticals Ltd) (AMP)
28802211000001104,Defanyl 100mg tablets (Imported (France)) (AMP)
28917111000001102,Imipramine 25mg/5ml oral solution sugar free (Niche Pharma Ltd) (AMP)
28925611000001109,Venlalic XL 150mg tablets (Waymade Healthcare Plc) (AMP)
28925811000001108,Venlalic XL 225mg tablets (Waymade Healthcare Plc) (AMP)
28926011000001106,Venlalic XL 37.5mg tablets (Waymade Healthcare Plc) (AMP)
28978311000001109,Amitriptyline 25mg tablets (Crescent Pharma Ltd) (AMP)
28988111000001103,Sertraline 50mg tablets (Crescent Pharma Ltd) (AMP)
28988311000001101,Sertraline 100mg tablets (Crescent Pharma Ltd) (AMP)
292211000001101,Buspirone 10mg tablets (Alliance Healthcare (Distribution) Ltd) (AMP)
29225411000001105,Duloxetine 20mg gastro-resistant capsules (A A H Pharmaceuticals Ltd) (AMP)
29226011000001105,Duloxetine 30mg gastro-resistant capsules (A A H Pharmaceuticals Ltd) (AMP)
29226211000001100,Duloxetine 40mg gastro-resistant capsules (A A H Pharmaceuticals Ltd) (AMP)
29286911000001103,Duloxetine 20mg gastro-resistant capsules (Accord-UK Ltd) (AMP)
29287311000001101,Duloxetine 30mg gastro-resistant capsules (Actavis UK Ltd) (AMP)
29287811000001105,Duloxetine 40mg gastro-resistant capsules (Accord-UK Ltd) (AMP)
29288211000001108,Duloxetine 60mg gastro-resistant capsules (Actavis UK Ltd) (AMP)
29299211000001102,Duloxetine 60mg gastro-resistant capsules (A A H Pharmaceuticals Ltd) (AMP)
29432911000001109,Duloxetine 30mg gastro-resistant capsules (Krka UK Ltd) (AMP)
29433211000001106,Duloxetine 60mg gastro-resistant capsules (Krka UK Ltd) (AMP)
29496211000001107,Amitriptyline 10mg/5ml oral solution sugar free (Syri Ltd) (AMP)
29500111000001108,Amitriptyline 25mg/5ml oral solution sugar free (Syri Ltd) (AMP)
29501411000001107,Amitriptyline 50mg/5ml oral solution sugar free (Syri Ltd) (AMP)
29671411000001106,Escitalopram 5mg tablets (Macleods Pharma UK Ltd) (AMP)
29671611000001109,Escitalopram 10mg tablets (Macleods Pharma UK Ltd) (AMP)
29671811000001108,Escitalopram 20mg tablets (Macleods Pharma UK Ltd) (AMP)
29681411000001103,Amitriptyline 10mg/5ml oral solution sugar free (Wockhardt UK Ltd) (AMP)
29686711000001103,Amitriptyline 10mg/5ml oral solution sugar free (VMP)
297311000001106,Heminevrin 192mg capsules (AstraZeneca UK Ltd) (AMP)
29738411000001109,Venlalic XL 75mg tablets (Waymade Healthcare Plc) (AMP)
29763411000001109,Amitriptyline 25mg/5ml oral solution sugar free (Sigma Pharmaceuticals Plc) (AMP)
29763611000001107,Amitriptyline 50mg/5ml oral solution sugar free (Sigma Pharmaceuticals Plc) (AMP)
29763811000001106,Amitriptyline 10mg tablets (Sigma Pharmaceuticals Plc) (AMP)
29764011000001103,Amitriptyline 50mg tablets (Sigma Pharmaceuticals Plc) (AMP)
29788911000001108,Citalopram 40mg/ml oral drops sugar free (Sigma Pharmaceuticals Plc) (AMP)
29789711000001102,Clomethiazole 192mg capsules (Sigma Pharmaceuticals Plc) (AMP)
29789911000001100,Clomipramine 10mg capsules (Sigma Pharmaceuticals Plc) (AMP)
29790111000001109,Clomipramine 25mg capsules (Sigma Pharmaceuticals Plc) (AMP)
29790311000001106,Clomipramine 50mg capsules (Sigma Pharmaceuticals Plc) (AMP)
29822811000001109,Duloxetine 20mg gastro-resistant capsules (Teva UK Ltd) (AMP)
29823311000001105,Duloxetine 30mg gastro-resistant capsules (Teva UK Ltd) (AMP)
29824011000001109,Duloxetine 60mg gastro-resistant capsules (Teva UK Ltd) (AMP)
29824511000001101,Duloxetine 40mg gastro-resistant capsules (Teva UK Ltd) (AMP)
29834411000001102,Dosulepin 25mg capsules (Sigma Pharmaceuticals Plc) (AMP)
29834711000001108,Dosulepin 75mg tablets (Sigma Pharmaceuticals Plc) (AMP)
29854911000001109,Lofepramine 70mg/5ml oral suspension sugar free (Niche Pharma Ltd) (AMP)
29856811000001106,Escitalopram 10mg tablets (Sigma Pharmaceuticals Plc) (AMP)
29857011000001102,Escitalopram 20mg tablets (Sigma Pharmaceuticals Plc) (AMP)
29857211000001107,Escitalopram 5mg tablets (Sigma Pharmaceuticals Plc) (AMP)
29866111000001106,Fluoxetine 20mg/5ml oral solution (Sigma Pharmaceuticals Plc) (AMP)
29877211000001105,Imipramine 10mg tablets (Sigma Pharmaceuticals Plc) (AMP)
29877411000001109,Imipramine 25mg tablets (Sigma Pharmaceuticals Plc) (AMP)
29892311000001107,Lofepramine 70mg tablets (Sigma Pharmaceuticals Plc) (AMP)
29905711000001108,Meprobamate 400mg tablets (Sigma Pharmaceuticals Plc) (AMP)
29922411000001101,Mianserin 30mg tablets (Sigma Pharmaceuticals Plc) (AMP)
29922611000001103,Fluoxetine 60mg capsules (Advanz Pharma) (AMP)
29922811000001104,Trazodone 150mg tablets (Advanz Pharma) (AMP)
29923511000001109,Trazodone 50mg capsules (Advanz Pharma) (AMP)
29923911000001102,Trazodone 100mg capsules (Advanz Pharma) (AMP)
29924111000001103,Mirtazapine 15mg/ml oral solution sugar free (Sigma Pharmaceuticals Plc) (AMP)
29924311000001101,Trimipramine 50mg capsules (Advanz Pharma) (AMP)
29924711000001102,Trimipramine 10mg tablets (Advanz Pharma) (AMP)
29925111000001104,Trimipramine 25mg tablets (Advanz Pharma) (AMP)
29925611000001107,Trazodone 50mg/5ml oral solution sugar free (Advanz Pharma) (AMP)
29951911000001102,Nortriptyline 10mg tablets (Teva UK Ltd) (AMP)
29952111000001105,Nortriptyline 25mg tablets (Teva UK Ltd) (AMP)
299811000001105,Clomipramine 25mg capsules (IVAX Pharmaceuticals UK Ltd) (AMP)
29982911000001101,Paroxetine 10mg tablets (Sigma Pharmaceuticals Plc) (AMP)
29991511000001104,Amitriptyline 10mg tablets (Mawdsley-Brooks & Company Ltd) (AMP)
29991711000001109,Amitriptyline 25mg tablets (Mawdsley-Brooks & Company Ltd) (AMP)
29991911000001106,Amitriptyline 50mg tablets (Mawdsley-Brooks & Company Ltd) (AMP)
30004911000001101,Buspirone 5mg tablets (Mawdsley-Brooks & Company Ltd) (AMP)
30005911000001102,Buspirone 10mg tablets (Mawdsley-Brooks & Company Ltd) (AMP)
30014711000001101,Clomipramine 10mg capsules (Mawdsley-Brooks & Company Ltd) (AMP)
30014911000001104,Clomipramine 25mg capsules (Mawdsley-Brooks & Company Ltd) (AMP)
30015111000001103,Clomipramine 50mg capsules (Mawdsley-Brooks & Company Ltd) (AMP)
300511000001109,Tranylcypromine 10mg tablets (A A H Pharmaceuticals Ltd) (AMP)
30052211000001108,Duloxetine 20mg gastro-resistant capsules (DE Pharmaceuticals) (AMP)
30052411000001107,Duloxetine 30mg gastro-resistant capsules (DE Pharmaceuticals) (AMP)
30052611000001105,Duloxetine 40mg gastro-resistant capsules (DE Pharmaceuticals) (AMP)
30052811000001109,Duloxetine 60mg gastro-resistant capsules (DE Pharmaceuticals) (AMP)
30053811000001101,Escitalopram 5mg tablets (DE Pharmaceuticals) (AMP)
30054011000001109,Escitalopram 10mg tablets (DE Pharmaceuticals) (AMP)
30054211000001104,Escitalopram 20mg tablets (DE Pharmaceuticals) (AMP)
30074111000001108,Paroxetine 10mg tablets (DE Pharmaceuticals) (AMP)
30074311000001105,Paroxetine 20mg tablets (DE Pharmaceuticals) (AMP)
30074511000001104,Paroxetine 30mg tablets (DE Pharmaceuticals) (AMP)
30085411000001106,Duloxetine 30mg gastro-resistant capsules (Dr Reddy's Laboratories (UK) Ltd) (AMP)
30085711000001100,Duloxetine 60mg gastro-resistant capsules (Dr Reddy's Laboratories (UK) Ltd) (AMP)
30095811000001109,Sertraline 50mg tablets (DE Pharmaceuticals) (AMP)
30096011000001107,Sertraline 100mg tablets (DE Pharmaceuticals) (AMP)
30105311000001105,Tranylcypromine 10mg tablets (DE Pharmaceuticals) (AMP)
30105511000001104,Trazodone 50mg capsules (DE Pharmaceuticals) (AMP)
30105711000001109,Trazodone 100mg capsules (DE Pharmaceuticals) (AMP)
30105911000001106,Trazodone 150mg tablets (DE Pharmaceuticals) (AMP)
30110011000001103,Venlafaxine 37.5mg tablets (DE Pharmaceuticals) (AMP)
30110211000001108,Venlafaxine 75mg tablets (DE Pharmaceuticals) (AMP)
30110411000001107,Venlafaxine 75mg modified-release capsules (DE Pharmaceuticals) (AMP)
30110611000001105,Venlafaxine 150mg modified-release capsules (DE Pharmaceuticals) (AMP)
30122211000001101,Escitalopram 5mg tablets (Mawdsley-Brooks & Company Ltd) (AMP)
30122811000001100,Dosulepin 25mg capsules (Mawdsley-Brooks & Company Ltd) (AMP)
30123011000001102,Dosulepin 75mg tablets (Mawdsley-Brooks & Company Ltd) (AMP)
30124211000001105,Duloxetine 60mg gastro-resistant capsules (Mawdsley-Brooks & Company Ltd) (AMP)
30125611000001108,Amitriptyline 10mg/5ml oral solution sugar free (A A H Pharmaceuticals Ltd) (AMP)
30126011000001105,Escitalopram 10mg tablets (Mawdsley-Brooks & Company Ltd) (AMP)
30126211000001100,Escitalopram 20mg tablets (Mawdsley-Brooks & Company Ltd) (AMP)
30131811000001107,Fluoxetine 20mg capsules (Mawdsley-Brooks & Company Ltd) (AMP)
30132011000001109,Fluoxetine 60mg capsules (Mawdsley-Brooks & Company Ltd) (AMP)
30133111000001104,Fluvoxamine 50mg tablets (Mawdsley-Brooks & Company Ltd) (AMP)
30133311000001102,Fluvoxamine 100mg tablets (Mawdsley-Brooks & Company Ltd) (AMP)
30137211000001101,Citalopram 40mg/ml oral drops sugar free (DE Pharmaceuticals) (AMP)
30222211000001104,Lofepramine 70mg tablets (Mawdsley-Brooks & Company Ltd) (AMP)
30247511000001100,Brintellix 5mg tablets (Lundbeck Ltd) (AMP)
30247811000001102,Brintellix 20mg tablets (Lundbeck Ltd) (AMP)
30248111000001105,Brintellix 10mg tablets (Lundbeck Ltd) (AMP)
302511000001105,Buspirone 10mg tablets (A A H Pharmaceuticals Ltd) (AMP)
30267511000001107,Cipralex 20mg tablets (Lexon (UK) Ltd) (AMP)
30276711000001106,Lofepramine 70mg tablets (Zentiva Pharma UK Ltd) (AMP)
30738611000001105,Vortioxetine 10mg tablets (VMP)
30738711000001101,Vortioxetine 20mg tablets (VMP)
30738811000001109,Vortioxetine 5mg tablets (VMP)
30800511000001103,Amitriptyline 10mg/5ml oral solution sugar free (Alliance Healthcare (Distribution) Ltd) (AMP)
30810711000001106,Fluoxetine 20mg/5ml oral solution (Mawdsley-Brooks & Company Ltd) (AMP)
30830611000001109,Mianserin 10mg tablets (Mawdsley-Brooks & Company Ltd) (AMP)
30830811000001108,Mianserin 30mg tablets (Mawdsley-Brooks & Company Ltd) (AMP)
30831411000001102,Mirtazapine 15mg orodispersible tablets (Mawdsley-Brooks & Company Ltd) (AMP)
30831611000001104,Mirtazapine 30mg orodispersible tablets (Mawdsley-Brooks & Company Ltd) (AMP)
30831811000001100,Mirtazapine 45mg orodispersible tablets (Mawdsley-Brooks & Company Ltd) (AMP)
30832011000001103,Mirtazapine 30mg tablets (Mawdsley-Brooks & Company Ltd) (AMP)
30832211000001108,Moclobemide 150mg tablets (Mawdsley-Brooks & Company Ltd) (AMP)
30855811000001101,Paroxetine 10mg tablets (Mawdsley-Brooks & Company Ltd) (AMP)
30942511000001102,Trimipramine 50mg capsules (Mawdsley-Brooks & Company Ltd) (AMP)
30944111000001103,Venlafaxine 75mg modified-release capsules (Mawdsley-Brooks & Company Ltd) (AMP)
30944311000001101,Venlafaxine 150mg modified-release capsules (Mawdsley-Brooks & Company Ltd) (AMP)
30951711000001102,Duloxetine 30mg gastro-resistant capsules (Zentiva Pharma UK Ltd) (AMP)
30951911000001100,Duloxetine 60mg gastro-resistant capsules (Zentiva Pharma UK Ltd) (AMP)
30990411000001105,Duciltia 30mg gastro-resistant capsules (Pharmathen S.A.) (AMP)
30990611000001108,Duciltia 60mg gastro-resistant capsules (Pharmathen S.A.) (AMP)
30991111000001106,Efexor XL 225mg capsules (Viatris UK Healthcare Ltd) (AMP)
30991711000001107,Tranylcypromine 10mg tablets (Teva UK Ltd) (AMP)
31016011000001103,Venlafaxine 225mg modified-release capsules (VMP)
31078911000001107,Duloxetine 40mg gastro-resistant capsules (Zentiva Pharma UK Ltd) (AMP)
31080111000001102,Duloxetine 20mg gastro-resistant capsules (Zentiva Pharma UK Ltd) (AMP)
310911000001104,Amitriptyline 10mg tablets (A A H Pharmaceuticals Ltd) (AMP)
31211000001109,Paroxetine 20mg tablets (IVAX Pharmaceuticals UK Ltd) (AMP)
312211000001109,Clomipramine 10mg capsules (IVAX Pharmaceuticals UK Ltd) (AMP)
31379511000001105,Duloxetine 30mg gastro-resistant capsules (Creo Pharma Ltd) (AMP)
31379811000001108,Duloxetine 60mg gastro-resistant capsules (Creo Pharma Ltd) (AMP)
31406111000001105,Fluoxetine 20mg/5ml oral solution sugar free (J M McGill Ltd) (AMP)
31894911000001109,Duloxetine 20mg gastro-resistant capsules (Alliance Healthcare (Distribution) Ltd) (AMP)
31895311000001107,Duloxetine 30mg gastro-resistant capsules (Alliance Healthcare (Distribution) Ltd) (AMP)
31895811000001103,Duloxetine 40mg gastro-resistant capsules (Alliance Healthcare (Distribution) Ltd) (AMP)
31896311000001102,Duloxetine 60mg gastro-resistant capsules (Alliance Healthcare (Distribution) Ltd) (AMP)
321711000001101,Fluoxetine 20mg/5ml oral solution (Kent Pharma (UK) Ltd) (AMP)
32248411000001107,Amoxapine 100mg tablets (Special Order) (AMP)
32250111000001102,Escitalopram 20mg/ml oral drops sugar free (Colorama Pharmaceuticals Ltd) (AMP)
32332211000001102,Fluoxetine 20mg/5ml oral solution sugar free (Colorama Pharmaceuticals Ltd) (AMP)
323711000001100,Amitriptyline 25mg/5ml oral solution sugar free (Kent Pharma (UK) Ltd) (AMP)
32406211000001100,Escitalopram 10mg tablets (Kent Pharma (UK) Ltd) (AMP)
32429211000001104,Duloxetine 30mg gastro-resistant capsules (Rivopharm (UK) Ltd) (AMP)
32429611000001102,Duloxetine 60mg gastro-resistant capsules (Rivopharm (UK) Ltd) (AMP)
32489411000001109,Escitalopram 20mg tablets (Brown & Burk UK Ltd) (AMP)
32489611000001107,Fluoxetine 20mg capsules (Brown & Burk UK Ltd) (AMP)
32496611000001100,Escitalopram 10mg tablets (Brown & Burk UK Ltd) (AMP)
32511000001104,Nardil 15mg tablets (Neon Healthcare Ltd) (AMP)
32707711000001100,Buspirone 5mg tablets (Alissa Healthcare Research Ltd) (AMP)
32709711000001108,Buspirone 10mg tablets (Alissa Healthcare Research Ltd) (AMP)
32725211000001108,Mirtazapine 15mg/5ml oral solution (Special Order) (AMP)
32727211000001100,Sertraline 15mg/5ml oral suspension (Special Order) (AMP)
32745811000001106,Fluoxetine 10mg capsules (Medreich Plc) (AMP)
32749911000001104,Mirtazapine 15mg/5ml oral solution (VMP)
32750711000001105,Sertraline 15mg/5ml oral suspension (VMP)
32758711000001107,Lofepramine 70mg/5ml oral suspension sugar free (Essential Pharma Ltd) (AMP)
32797711000001103,Dosulepin 25mg capsules (Genesis Pharmaceuticals Ltd) (AMP)
32799511000001101,Dosulepin 75mg tablets (Genesis Pharmaceuticals Ltd) (AMP)
32799811000001103,Mirtazapine 15mg tablets (Genesis Pharmaceuticals Ltd) (AMP)
32802411000001106,Mirtazapine 30mg tablets (Genesis Pharmaceuticals Ltd) (AMP)
32803811000001100,Mirtazapine 45mg tablets (Genesis Pharmaceuticals Ltd) (AMP)
32833611000001107,Vensir XL 225mg capsules (Morningside Healthcare Ltd) (AMP)
32871411000001108,Amitriptyline 10mg/5ml oral solution sugar free (Sigma Pharmaceuticals Plc) (AMP)
32907711000001107,Fluoxetine 10mg capsules (Alliance Healthcare (Distribution) Ltd) (AMP)
32938211000001108,Fluoxetine 60mg capsules (Medreich Plc) (AMP)
32938411000001107,Fluoxetine 20mg capsules (Medreich Plc) (AMP)
32938711000001101,Fluoxetine 30mg capsules (Medreich Plc) (AMP)
32939011000001108,Fluoxetine 40mg capsules (Medreich Plc) (AMP)
329511000001107,Prepadine 75mg tablets (Teva UK Ltd) (AMP)
32960811000001102,Fluoxetine 30mg capsules (VMP)
33181811000001102,Paroxetine 40mg tablets (Crescent Pharma Ltd) (AMP)
33387311000001107,Paroxetine 10mg tablets (Teva UK Ltd) (AMP)
33424811000001109,Fluoxetine 10mg capsules (A A H Pharmaceuticals Ltd) (AMP)
33425011000001104,Fluoxetine 30mg capsules (A A H Pharmaceuticals Ltd) (AMP)
33425211000001109,Fluoxetine 40mg capsules (A A H Pharmaceuticals Ltd) (AMP)
33427811000001100,Fluoxetine 30mg capsules (Alliance Healthcare (Distribution) Ltd) (AMP)
33428011000001107,Fluoxetine 40mg capsules (Alliance Healthcare (Distribution) Ltd) (AMP)
33470811000001100,Paroxetine 40mg tablets (Morningside Healthcare Ltd) (AMP)
33471411000001106,Paroxetine 10mg tablets (Morningside Healthcare Ltd) (AMP)
33555411000001101,Fluoxetine 20mg capsules (Genesis Pharmaceuticals Ltd) (AMP)
33557811000001109,Lofepramine 70mg/5ml oral suspension sugar free (A A H Pharmaceuticals Ltd) (AMP)
33563711000001101,Paroxetine 40mg tablets (Teva UK Ltd) (AMP)
335911000001100,Fluoxetine 20mg capsules (Actavis UK Ltd) (AMP)
33594211000001109,Escitalopram 20mg tablets (Viatris UK Healthcare Ltd) (AMP)
33594411000001108,Escitalopram 10mg tablets (Viatris UK Healthcare Ltd) (AMP)
33595111000001104,Escitalopram 5mg tablets (Viatris UK Healthcare Ltd) (AMP)
33654511000001107,Sertraline 100mg tablets (Genesis Pharmaceuticals Ltd) (AMP)
33654711000001102,Sertraline 50mg tablets (Genesis Pharmaceuticals Ltd) (AMP)
33670911000001107,Amitriptyline 25mg/5ml oral suspension (Special Order) (AMP)
33672311000001105,Duloxetine 20mg gastro-resistant capsules (Krka UK Ltd) (AMP)
33672911000001106,Duloxetine 40mg gastro-resistant capsules (Krka UK Ltd) (AMP)
33678311000001108,Amitriptyline 25mg/5ml oral suspension (VMP)
3388511000001100,Cipralex 10mg tablets (Lundbeck Ltd) (AMP)
34033011000001105,Nortriptyline 10mg tablets (Advanz Pharma) (AMP)
34033211000001100,Nortriptyline 25mg tablets (Advanz Pharma) (AMP)
34033911000001109,Nortriptyline 50mg tablets (Advanz Pharma) (AMP)
34034111000001108,Nortriptyline 50mg tablets (VMP)
34036311000001104,Fluoxetine 20mg/5ml oral solution sugar free (A A H Pharmaceuticals Ltd) (AMP)
34103511000001100,Amitriptyline 10mg tablets (Genesis Pharmaceuticals Ltd) (AMP)
34103711000001105,Amitriptyline 25mg tablets (Genesis Pharmaceuticals Ltd) (AMP)
34105711000001106,Nortriptyline 10mg tablets (Zentiva Pharma UK Ltd) (AMP)
34105911000001108,Nortriptyline 25mg tablets (Zentiva Pharma UK Ltd) (AMP)
34180611000001109,Vencarm XL 225mg capsules (Aspire Pharma Ltd) (AMP)
34180811000001108,Vencarm XL 150mg capsules (Aspire Pharma Ltd) (AMP)
34181011000001106,Vencarm XL 75mg capsules (Aspire Pharma Ltd) (AMP)
34181211000001101,Vencarm XL 37.5mg capsules (Aspire Pharma Ltd) (AMP)
34196311000001100,Nortriptyline 50mg tablets (Alliance Healthcare (Distribution) Ltd) (AMP)
342711000001105,Trazodone 150mg tablets (Alliance Healthcare (Distribution) Ltd) (AMP)
34346311000001101,Paroxetine 20mg tablets (Crescent Pharma Ltd) (AMP)
344311000001104,Dosulepin 75mg tablets (IVAX Pharmaceuticals UK Ltd) (AMP)
34437911000001106,Imipramine 25mg tablets (Crescent Pharma Ltd) (AMP)
34438111000001109,Imipramine 10mg tablets (Crescent Pharma Ltd) (AMP)
34468511000001109,Nortriptyline 50mg tablets (A A H Pharmaceuticals Ltd) (AMP)
34496111000001101,Duloxetine 30mg gastro-resistant capsules (HBS Healthcare Ltd) (AMP)
34496711000001100,Duloxetine 60mg gastro-resistant capsules (HBS Healthcare Ltd) (AMP)
34503711000001100,Duloxetine 20mg gastro-resistant capsules (Aspire Pharma Ltd) (AMP)
34503911000001103,Duloxetine 30mg gastro-resistant capsules (Aspire Pharma Ltd) (AMP)
34504111000001104,Duloxetine 40mg gastro-resistant capsules (Aspire Pharma Ltd) (AMP)
34504311000001102,Duloxetine 60mg gastro-resistant capsules (Aspire Pharma Ltd) (AMP)
34564611000001106,Buspirone 5mg tablets (Teva UK Ltd) (AMP)
34575911000001105,Paroxetine 40mg tablets (Alliance Healthcare (Distribution) Ltd) (AMP)
34581311000001101,Paroxetine 10mg tablets (Zentiva Pharma UK Ltd) (AMP)
34673611000001108,Sertraline 5mg/5ml oral suspension (Special Order) (AMP)
34684211000001100,Sertraline 5mg/5ml oral suspension (VMP)
34694211000001104,Nortriptyline 25mg tablets (Alissa Healthcare Research Ltd) (AMP)
34694411000001100,Nortriptyline 10mg tablets (Alissa Healthcare Research Ltd) (AMP)
34732311000001100,Fluoxetine 10mg tablets (Endo Ventures Ltd) (AMP)
34740711000001101,Venlasov XL 150mg capsules (Sovereign Medical Ltd) (AMP)
34740911000001104,Venlasov XL 75mg capsules (Sovereign Medical Ltd) (AMP)
34758911000001100,Duloxetine 20mg gastro-resistant capsules (Wockhardt UK Ltd) (AMP)
34759111000001105,Duloxetine 30mg gastro-resistant capsules (Wockhardt UK Ltd) (AMP)
34761711000001104,Duloxetine 40mg gastro-resistant capsules (Wockhardt UK Ltd) (AMP)
34761911000001102,Duloxetine 60mg gastro-resistant capsules (Wockhardt UK Ltd) (AMP)
34819211000001108,Buspirone 10mg tablets (Teva UK Ltd) (AMP)
34824911000001108,Nortriptyline 50mg/5ml oral suspension (Special Order) (AMP)
34841011000001109,Nortriptyline 50mg/5ml oral suspension (VMP)
34888611000001104,Trazodone 50mg/5ml oral solution sugar free (Creo Pharma Ltd) (AMP)
34894211000001108,Fluoxetine 10mg tablets (A A H Pharmaceuticals Ltd) (AMP)
34905711000001108,Fluoxetine 10mg tablets (Alliance Healthcare (Distribution) Ltd) (AMP)
34931611000001107,Duloxetine 30mg gastro-resistant capsules (Accord-UK Ltd) (AMP)
34931811000001106,Duloxetine 60mg gastro-resistant capsules (Accord-UK Ltd) (AMP)
34933811000001105,Escitalopram 20mg tablets (Accord-UK Ltd) (AMP)
34934011000001102,Escitalopram 10mg tablets (Accord-UK Ltd) (AMP)
34934411000001106,Escitalopram 5mg tablets (Accord-UK Ltd) (AMP)
34956211000001103,Venlafaxine 37.5mg tablets (Almus Pharmaceuticals Ltd) (AMP)
34956411000001104,Venlafaxine 75mg tablets (Almus Pharmaceuticals Ltd) (AMP)
34966211000001108,Amitriptyline 10mg tablets (NorthStar Healthcare Unlimited Company) (AMP)
34966411000001107,Amitriptyline 25mg tablets (NorthStar Healthcare Unlimited Company) (AMP)
34966611000001105,Amitriptyline 50mg tablets (NorthStar Healthcare Unlimited Company) (AMP)
35013811000001104,Venlafaxine 225mg modified-release capsules (Teva UK Ltd) (AMP)
35031511000001106,Paroxetine 40mg tablets (A A H Pharmaceuticals Ltd) (AMP)
35034711000001103,Depalta 30mg gastro-resistant capsules (GlucoRx Ltd) (AMP)
35035211000001106,Depalta 60mg gastro-resistant capsules (GlucoRx Ltd) (AMP)
35101611000001107,Trazodone 100mg/5ml oral solution sugar free (Zentiva Pharma UK Ltd) (AMP)
35109211000001106,Trazodone 100mg/5ml oral solution sugar free (A A H Pharmaceuticals Ltd) (AMP)
3511000001100,Imipramine 25mg tablets (The Boots Company Plc) (AMP)
35113311000001104,Trazodone 100mg/5ml oral solution sugar free (VMP)
35142411000001106,Duloxetine 20mg gastro-resistant capsules (Milpharm Ltd) (AMP)
35142611000001109,Duloxetine 30mg gastro-resistant capsules (Milpharm Ltd) (AMP)
35142811000001108,Duloxetine 40mg gastro-resistant capsules (Milpharm Ltd) (AMP)
35143011000001106,Duloxetine 60mg gastro-resistant capsules (Milpharm Ltd) (AMP)
35160211000001103,Escitalopram 10mg tablets (Milpharm Ltd) (AMP)
35160411000001104,Escitalopram 20mg tablets (Milpharm Ltd) (AMP)
35162011000001107,Fluoxetine 60mg capsules (Milpharm Ltd) (AMP)
35211311000001102,Trazodone 100mg/5ml oral solution sugar free (Alliance Healthcare (Distribution) Ltd) (AMP)
35241311000001105,Trazodone 150mg tablets (Accord-UK Ltd) (AMP)
35429511000001104,Paroxetine 10mg tablets (Crescent Pharma Ltd) (AMP)
35449611000001103,Mirtazapine 30mg tablets (NorthStar Healthcare Unlimited Company) (AMP)
35449911000001109,Mirtazapine 45mg tablets (NorthStar Healthcare Unlimited Company) (AMP)
35450211000001105,Mirtazapine 15mg tablets (NorthStar Healthcare Unlimited Company) (AMP)
35547611000001102,Sertraline 75mg/5ml oral suspension (Special Order) (AMP)
35549011000001100,Venlafaxine 225mg/5ml oral suspension (Special Order) (AMP)
35575611000001108,Sertraline 75mg/5ml oral suspension (VMP)
35576211000001100,Venlafaxine 225mg/5ml oral suspension (VMP)
35605011000001102,Nortriptyline 50mg/5ml oral solution (Special Order) (AMP)
35611511000001105,Nortriptyline 50mg/5ml oral solution (VMP)
35638211000001107,Venladex XL 225mg tablets (Dexcel-Pharma Ltd) (AMP)
35797111000001102,Venzip XL 150mg capsules (Milpharm Ltd) (AMP)
35797611000001105,Venzip XL 75mg capsules (Milpharm Ltd) (AMP)
35806911000001102,Trazodone 100mg capsules (Drugsrus Ltd) (AMP)
35807411000001107,Trazodone 50mg capsules (Drugsrus Ltd) (AMP)
35835211000001107,Duloxetine 60mg/5ml oral suspension (Special Order) (AMP)
35835411000001106,Duloxetine 30mg/5ml oral suspension (Special Order) (AMP)
35839111000001104,Duloxetine 30mg/5ml oral suspension (VMP)
35839211000001105,Duloxetine 60mg/5ml oral suspension (VMP)
35850211000001104,Fluoxetine 10mg capsules (Accord-UK Ltd) (AMP)
35851411000001109,Paroxetine 10mg tablets (Medreich Plc) (AMP)
35854711000001100,Mirtazapine 45mg orodispersible tablets (Medreich Plc) (AMP)
35861011000001109,Duloxetine 30mg gastro-resistant capsules (Tillomed Laboratories Ltd) (AMP)
35861411000001100,Paroxetine 20mg tablets (Tillomed Laboratories Ltd) (AMP)
35901211000001108,Amitriptyline 25mg modified-release capsules (VMP)
35901411000001107,Amitriptyline 25mg/5ml oral solution sugar free (VMP)
35901511000001106,Amitriptyline 50mg modified-release capsules (VMP)
35901611000001105,Amitriptyline 50mg/5ml oral solution sugar free (VMP)
35923011000001106,Escitalopram 5mg tablets (Krka UK Ltd) (AMP)
35923211000001101,Escitalopram 10mg tablets (Krka UK Ltd) (AMP)
35923411000001102,Escitalopram 20mg tablets (Krka UK Ltd) (AMP)
35989211000001105,Fluoxetine 10mg capsules (Morningside Healthcare Ltd) (AMP)
35989511000001108,Fluoxetine 10mg/5ml oral suspension (Special Order) (AMP)
35992611000001101,Clomipramine 75mg modified-release tablets (Special Order) (AMP)
35993411000001108,Sertraline 50mg/5ml oral solution (Special Order) (AMP)
35993811000001105,Sertraline 25mg/5ml oral solution (Special Order) (AMP)
36002911000001103,Fluoxetine 10mg/5ml oral suspension (VMP)
36003511000001103,Sertraline 25mg/5ml oral solution (VMP)
36003611000001104,Sertraline 50mg/5ml oral solution (VMP)
36005511000001104,Paroxetine 30mg tablets (Crescent Pharma Ltd) (AMP)
36040411000001100,Lofepramine 70mg/5ml oral suspension sugar free (VMP)
36043811000001105,Mirtazapine 15mg orodispersible tablets (Medreich Plc) (AMP)
36044211000001107,Mirtazapine 30mg orodispersible tablets (Medreich Plc) (AMP)
36044611000001109,Nortriptyline 10mg tablets (Medreich Plc) (AMP)
36045111000001102,Nortriptyline 25mg tablets (Medreich Plc) (AMP)
36046511000001104,Imipramine 25mg/5ml oral solution (VMP)
36088911000001104,Clomethiazole 157.5mg/5ml oral solution sugar free (VMP)
36089011000001108,Clomipramine 25mg/2ml solution for injection ampoules (VMP)
36089111000001109,Clomipramine 75mg modified-release tablets (VMP)
36107611000001101,Citalopram 10mg tablets (Medreich Plc) (AMP)
36235011000001106,Trazodone 50mg/5ml oral solution sugar free (Accord-UK Ltd) (AMP)
3641811000001109,Meprobamate 400mg tablets (A A H Pharmaceuticals Ltd) (AMP)
3642111000001107,Meprobamate 400mg tablets (Thornton & Ross Ltd) (AMP)
3642611000001104,Meprobamate 400mg tablets (Kent Pharma (UK) Ltd) (AMP)
3643011000001102,Meprobamate 400mg tablets (Alliance Healthcare (Distribution) Ltd) (AMP)
36438611000001109,Citalopram 20mg tablets (Medreich Plc) (AMP)
36438811000001108,Citalopram 40mg tablets (Medreich Plc) (AMP)
364511000001101,Clomipramine 25mg capsules (Kent Pharma (UK) Ltd) (AMP)
36476211000001108,Duloxetine 60mg gastro-resistant capsules (Tillomed Laboratories Ltd) (AMP)
36512711000001104,Imipramine 10mg tablets (Dalkeith Laboratories Ltd) (AMP)
36512911000001102,Imipramine 25mg tablets (Dalkeith Laboratories Ltd) (AMP)
36513711000001107,Citalopram 10mg tablets (Sovereign Medical Ltd) (AMP)
365311000001106,Buspar 5mg tablets (IXL Pharma Ltd) (AMP)
36531211000001108,Trazodone 50mg capsules (Sovereign Medical Ltd) (AMP)
36531411000001107,Trazodone 100mg capsules (Sovereign Medical Ltd) (AMP)
36565911000001109,Paroxetine 10mg/5ml oral suspension sugar free (VMP)
36600811000001100,Trazodone 50mg capsules (Bristol Laboratories Ltd) (AMP)
36601011000001102,Trazodone 150mg tablets (Bristol Laboratories Ltd) (AMP)
36601211000001107,Trazodone 100mg capsules (Bristol Laboratories Ltd) (AMP)
36602711000001107,Agomelatine 25mg tablets (Aristo Pharma Ltd) (AMP)
36606311000001107,Majoven XL 37.5mg capsules (Bristol Laboratories Ltd) (AMP)
36606511000001101,Majoven XL 75mg capsules (Bristol Laboratories Ltd) (AMP)
36606711000001106,Majoven XL 150mg capsules (Bristol Laboratories Ltd) (AMP)
36612511000001100,Amitriptyline 10mg tablets (Bristol Laboratories Ltd) (AMP)
36613511000001107,Amitriptyline 25mg tablets (Bristol Laboratories Ltd) (AMP)
36613711000001102,Amitriptyline 50mg tablets (Bristol Laboratories Ltd) (AMP)
36617511000001102,Nortriptyline 10mg tablets (Ria Generics Ltd) (AMP)
36618711000001108,Nortriptyline 25mg tablets (Ria Generics Ltd) (AMP)
36619111000001100,Sertraline 100mg tablets (Ria Generics Ltd) (AMP)
36619311000001103,Sertraline 50mg tablets (Ria Generics Ltd) (AMP)
36656911000001104,ViePax XL 225mg tablets (Dexcel-Pharma Ltd) (AMP)
36697611000001102,Mirtazapine 15mg tablets (Noumed Life Sciences Ltd) (AMP)
36698411000001101,Mirtazapine 30mg tablets (Noumed Life Sciences Ltd) (AMP)
36699111000001104,Mirtazapine 45mg tablets (Noumed Life Sciences Ltd) (AMP)
36699611000001107,Sertraline 50mg tablets (Noumed Life Sciences Ltd) (AMP)
36699811000001106,Sertraline 100mg tablets (Noumed Life Sciences Ltd) (AMP)
36721211000001106,Nortriptyline 10mg tablets (Flamingo Pharma (UK) Ltd) (AMP)
36721411000001105,Nortriptyline 25mg tablets (Flamingo Pharma (UK) Ltd) (AMP)
36755911000001104,Citalopram 20mg tablets (Sovereign Medical Ltd) (AMP)
36756111000001108,Citalopram 40mg tablets (Sovereign Medical Ltd) (AMP)
36776111000001105,Agomelatine 25mg tablets (Teva UK Ltd) (AMP)
36777711000001109,Trazodone 150mg tablets (Flamingo Pharma (UK) Ltd) (AMP)
36777911000001106,Trazodone 50mg capsules (Flamingo Pharma (UK) Ltd) (AMP)
36778311000001106,Trazodone 100mg capsules (Flamingo Pharma (UK) Ltd) (AMP)
3679611000001105,Depixol 3mg tablets (Lundbeck Ltd) (AMP)
36797511000001109,Agomelatine 25mg tablets (Accord-UK Ltd) (AMP)
36823811000001109,Agomelatine 25mg tablets (A A H Pharmaceuticals Ltd) (AMP)
36825311000001104,Agomelatine 25mg tablets (Alliance Healthcare (Distribution) Ltd) (AMP)
36829711000001103,Escitalopram 5mg tablets (Torrent Pharma (UK) Ltd) (AMP)
36829911000001101,Escitalopram 10mg tablets (Torrent Pharma (UK) Ltd) (AMP)
36830111000001107,Escitalopram 20mg tablets (Torrent Pharma (UK) Ltd) (AMP)
36838011000001108,Venlafaxine 37.5mg tablets (Torrent Pharma (UK) Ltd) (AMP)
36838211000001103,Venlafaxine 75mg tablets (Torrent Pharma (UK) Ltd) (AMP)
3684011000001105,Ludiomil 25mg tablets (Novartis Pharmaceuticals UK Ltd) (AMP)
36845311000001101,Apclaven XL 37.5mg capsules (Torrent Pharma (UK) Ltd) (AMP)
36845711000001102,Apclaven XL 75mg capsules (Torrent Pharma (UK) Ltd) (AMP)
36846211000001103,Apclaven XL 150mg capsules (Torrent Pharma (UK) Ltd) (AMP)
36871311000001102,Dutor 20mg gastro-resistant capsules (Torrent Pharma (UK) Ltd) (AMP)
36871511000001108,Dutor 30mg gastro-resistant capsules (Torrent Pharma (UK) Ltd) (AMP)
36871711000001103,Dutor 40mg gastro-resistant capsules (Torrent Pharma (UK) Ltd) (AMP)
36871911000001101,Dutor 60mg gastro-resistant capsules (Torrent Pharma (UK) Ltd) (AMP)
36874911000001103,Sertraline 12.5mg tablets (Special Order) (AMP)
36889111000001105,Trazodone 50mg/5ml oral solution sugar free (Syri Ltd) (AMP)
36894611000001100,Maprotiline 50mg tablets (Special Order) (AMP)
36905311000001101,Sertraline 12.5mg tablets (VMP)
36906511000001100,Trazodone 50mg/5ml oral solution sugar free (Alissa Healthcare Research Ltd) (AMP)
36921011000001108,Mirtazapine 15mg tablets (Relonchem Ltd) (AMP)
369211000001100,Molipaxin 50mg capsules (Zentiva Pharma UK Ltd) (AMP)
36921211000001103,Mirtazapine 30mg tablets (Relonchem Ltd) (AMP)
36921511000001100,Mirtazapine 45mg tablets (Relonchem Ltd) (AMP)
36959611000001101,Clomipramine 250mg/5ml oral suspension (Special Order) (AMP)
36977811000001108,Clomipramine 250mg/5ml oral suspension (VMP)
37052811000001100,Citalopram 10mg tablets (Mawdsley-Brooks & Company Ltd) (AMP)
37053111000001101,Citalopram 20mg tablets (Mawdsley-Brooks & Company Ltd) (AMP)
37063011000001108,Duloxetine 20mg gastro-resistant capsules (Mawdsley-Brooks & Company Ltd) (AMP)
37063311000001106,Duloxetine 40mg gastro-resistant capsules (Mawdsley-Brooks & Company Ltd) (AMP)
37069211000001101,Fluoxetine 10mg capsules (Mawdsley-Brooks & Company Ltd) (AMP)
37077011000001105,Fluoxetine 30mg capsules (Mawdsley-Brooks & Company Ltd) (AMP)
37077611000001103,Fluoxetine 40mg capsules (Mawdsley-Brooks & Company Ltd) (AMP)
3708811000001102,Optimax 500mg tablets (Esteve Pharmaceuticals Ltd) (AMP)
37091511000001101,Fluoxetine 20mg capsules (Relonchem Ltd) (AMP)
37102511000001104,Trazodone 50mg capsules (Manx Healthcare Ltd) (AMP)
37104211000001106,Trazodone 100mg capsules (Manx Healthcare Ltd) (AMP)
37105211000001107,Agomelatine 25mg tablets (DE Pharmaceuticals) (AMP)
37105611000001109,Amitriptyline 10mg/5ml oral solution sugar free (DE Pharmaceuticals) (AMP)
37121411000001102,Mirtazapine 15mg tablets (Mawdsley-Brooks & Company Ltd) (AMP)
37122111000001102,Mirtazapine 45mg tablets (Mawdsley-Brooks & Company Ltd) (AMP)
37125911000001107,Paroxetine 40mg tablets (Mawdsley-Brooks & Company Ltd) (AMP)
37139311000001105,Sertraline 50mg tablets (Mawdsley-Brooks & Company Ltd) (AMP)
37139711000001109,Sertraline 100mg tablets (Mawdsley-Brooks & Company Ltd) (AMP)
37227511000001106,Buspirone 7.5mg tablets (Strides Pharma UK Ltd) (AMP)
37236111000001102,Buspirone 7.5mg tablets (VMP)
37243311000001105,Agomelatine 25mg tablets (Zentiva Pharma UK Ltd) (AMP)
37271611000001100,Venlafaxine 37.5mg tablets (Mawdsley-Brooks & Company Ltd) (AMP)
37271811000001101,Venlafaxine 75mg tablets (Mawdsley-Brooks & Company Ltd) (AMP)
37272011000001104,Venlafaxine 225mg modified-release capsules (Mawdsley-Brooks & Company Ltd) (AMP)
37300811000001107,Doxepin 25mg capsules (DE Pharmaceuticals) (AMP)
37301011000001105,Doxepin 50mg capsules (DE Pharmaceuticals) (AMP)
373011000001103,Lofepramine 70mg tablets (Sterwin Medicines) (AMP)
37333211000001105,Duloxetine 30mg gastro-resistant capsules (Viatris UK Healthcare Ltd) (AMP)
37351811000001108,Brintellix 5mg tablets (Mawdsley-Brooks & Company Ltd) (AMP)
37352011000001105,Brintellix 10mg tablets (Mawdsley-Brooks & Company Ltd) (AMP)
37376411000001102,Cipralex 10mg tablets (CST Pharma Ltd) (AMP)
37379811000001106,Edronax 4mg tablets (CST Pharma Ltd) (AMP)
37381911000001108,Fluoxetine 10mg capsules (DE Pharmaceuticals) (AMP)
37383611000001103,Manerix 150mg tablets (CST Pharma Ltd) (AMP)
37384011000001107,Fluoxetine 30mg capsules (DE Pharmaceuticals) (AMP)
37384211000001102,Fluoxetine 40mg capsules (DE Pharmaceuticals) (AMP)
37384511000001104,Fluoxetine 20mg/5ml oral solution sugar free (DE Pharmaceuticals) (AMP)
37384811000001101,Fluoxetine 10mg tablets (DE Pharmaceuticals) (AMP)
37395711000001107,Manerix 300mg tablets (CST Pharma Ltd) (AMP)
37422211000001109,Imipramine 25mg/5ml oral solution sugar free (DE Pharmaceuticals) (AMP)
37423711000001105,Nortriptyline 10mg tablets (Viatris UK Healthcare Ltd) (AMP)
37424011000001105,Nortriptyline 25mg tablets (Viatris UK Healthcare Ltd) (AMP)
37424311000001108,Nortriptyline 50mg tablets (Viatris UK Healthcare Ltd) (AMP)
37431011000001109,Brintellix 10mg tablets (CST Pharma Ltd) (AMP)
37431211000001104,Brintellix 5mg tablets (CST Pharma Ltd) (AMP)
37433811000001104,Cymbalta 30mg gastro-resistant capsules (CST Pharma Ltd) (AMP)
37434011000001107,Cymbalta 60mg gastro-resistant capsules (CST Pharma Ltd) (AMP)
37462011000001107,Nortriptyline 10mg tablets (DE Pharmaceuticals) (AMP)
37462411000001103,Nortriptyline 50mg tablets (DE Pharmaceuticals) (AMP)
37502711000001103,Duloxetine 30mg gastro-resistant capsules (Mawdsley-Brooks & Company Ltd) (AMP)
37502911000001101,Nortriptyline 10mg tablets (Macleods Pharma UK Ltd) (AMP)
37503311000001107,Nortriptyline 25mg tablets (Macleods Pharma UK Ltd) (AMP)
37505611000001103,Citalopram 10mg tablets (Noumed Life Sciences Ltd) (AMP)
37505811000001104,Citalopram 20mg tablets (Noumed Life Sciences Ltd) (AMP)
37506011000001101,Citalopram 40mg tablets (Noumed Life Sciences Ltd) (AMP)
3752311000001104,Isocarboxazid 10mg tablets (A A H Pharmaceuticals Ltd) (AMP)
3752711000001100,Isocarboxazid 10mg tablets (Alliance Pharmaceuticals Ltd) (AMP)
3752911000001103,Isocarboxazid 10mg tablets (Alliance Healthcare (Distribution) Ltd) (AMP)
37536711000001108,Valdoxan 25mg tablets (CST Pharma Ltd) (AMP)
37540711000001109,Lustral 50mg tablets (Mawdsley-Brooks & Company Ltd) (AMP)
375811000001108,Amitriptyline 25mg/5ml oral solution sugar free (A A H Pharmaceuticals Ltd) (AMP)
37591611000001104,Citalopram 40mg/ml oral drops sugar free (Syri Ltd) (AMP)
37593011000001107,Fluoxetine 20mg capsules (Flamingo Pharma (UK) Ltd) (AMP)
37596511000001107,Seroxat 20mg/10ml liquid (CST Pharma Ltd) (AMP)
37614011000001103,Phenelzine 15mg tablets (Special Order) (AMP)
3762111000001105,Xepin 5% cream (Cambridge Healthcare Supplies Ltd) (AMP)
37622111000001101,Brintellix 10mg tablets (Ethigen Ltd) (AMP)
37622311000001104,Brintellix 5mg tablets (Ethigen Ltd) (AMP)
37627411000001109,Cymbalta 30mg gastro-resistant capsules (Pilsco Ltd) (AMP)
37627611000001107,Cymbalta 60mg gastro-resistant capsules (Pilsco Ltd) (AMP)
37633211000001103,Edronax 4mg tablets (Pilsco Ltd) (AMP)
37659511000001102,Trimipramine 50mg capsules (CST Pharma Ltd) (AMP)
37686011000001106,Tranylcypromine 10mg tablets (CST Pharma Ltd) (AMP)
37687911000001108,Moclobemide 150mg tablets (CST Pharma Ltd) (AMP)
37707211000001109,Tranylcypromine 10mg tablets (Pilsco Ltd) (AMP)
37707611000001106,Moclobemide 300mg tablets (CST Pharma Ltd) (AMP)
37708211000001108,Trimipramine 25mg tablets (CST Pharma Ltd) (AMP)
37735311000001100,Trimipramine 10mg tablets (Pilsco Ltd) (AMP)
37736111000001108,Trimipramine 25mg tablets (Pilsco Ltd) (AMP)
37736311000001105,Trimipramine 50mg capsules (Pilsco Ltd) (AMP)
37742111000001108,Trimipramine 10mg tablets (CST Pharma Ltd) (AMP)
37760211000001106,Nortriptyline 25mg tablets (DE Pharmaceuticals) (AMP)
37772211000001101,Paroxetine 40mg tablets (DE Pharmaceuticals) (AMP)
37798911000001102,Mirtazapine 30mg tablets (Ennogen Healthcare International Ltd) (AMP)
37828411000001102,Trazodone 50mg/5ml oral solution sugar free (DE Pharmaceuticals) (AMP)
37829711000001104,Trimipramine 10mg tablets (DE Pharmaceuticals) (AMP)
37829911000001102,Trimipramine 25mg tablets (DE Pharmaceuticals) (AMP)
37847911000001106,Trazodone 50mg/5ml oral solution sugar free (NorthStar Healthcare Unlimited Company) (AMP)
37857311000001107,Nortriptyline 10mg/5ml oral solution sugar free (Colonis Pharma Ltd) (AMP)
37857611000001102,Nortriptyline 25mg/5ml oral solution sugar free (Colonis Pharma Ltd) (AMP)
37857811000001103,Agomelatine 25mg tablets (Neuraxpharm UK Ltd) (AMP)
37858811000001104,Duloxetine 30mg gastro-resistant capsules (Somex Pharma) (AMP)
37859011000001100,Duloxetine 60mg gastro-resistant capsules (Somex Pharma) (AMP)
37868911000001103,Nortriptyline 10mg/5ml oral solution sugar free (VMP)
37869011000001107,Nortriptyline 25mg/5ml oral solution sugar free (VMP)
37875011000001104,Nortriptyline 10mg/5ml oral solution sugar free (Alliance Healthcare (Distribution) Ltd) (AMP)
37875211000001109,Nortriptyline 25mg/5ml oral solution sugar free (Alliance Healthcare (Distribution) Ltd) (AMP)
37927511000001107,Venlafaxine 37.5mg tablets (Dexcel-Pharma Ltd) (AMP)
37927711000001102,Venlafaxine 75mg tablets (Dexcel-Pharma Ltd) (AMP)
3794511000001109,Amitriptyline 10mg/5ml oral solution sugar free (Rosemont Pharmaceuticals Ltd) (AMP)
3798611000001103,Asendis 50mg tablets (Mercury Pharma Group Ltd) (AMP)
37997111000001105,Venlalic XL 300mg tablets (Ethypharm UK Ltd) (AMP)
38003311000001102,Venlafaxine 300mg modified-release tablets (VMP)
38016411000001102,Venlalic XL 225mg tablets (Pilsco Ltd) (AMP)
3805411000001106,Amitriptyline 10mg/5ml oral solution sugar-free (VMP)
3808811000001104,Ludiomil 75mg tablets (Novartis Pharmaceuticals UK Ltd) (AMP)
38090011000001107,Lofepramine 70mg tablets (NorthStar Healthcare Unlimited Company) (AMP)
38121811000001107,Brintellix 5mg tablets (DE Pharmaceuticals) (AMP)
38122011000001109,Brintellix 10mg tablets (DE Pharmaceuticals) (AMP)
38125711000001102,Clomethiazole 192mg capsules (DE Pharmaceuticals) (AMP)
38159511000001109,Trazodone 50mg tablets (Accord-UK Ltd) (AMP)
38159811000001107,Trazodone 100mg tablets (Accord-UK Ltd) (AMP)
38161711000001106,Trazodone 150mg tablets (Medreich Plc) (AMP)
38171611000001109,Trimipramine 50mg capsules (DE Pharmaceuticals) (AMP)
38171811000001108,Trimipramine 25mg tablets (DE Pharmaceuticals) (AMP)
38172411000001101,Valdoxan 25mg tablets (DE Pharmaceuticals) (AMP)
38192711000001101,Trazodone 100mg/5ml oral solution sugar free (DE Pharmaceuticals) (AMP)
38235811000001106,Nortriptyline 25mg capsules (Kent Pharma (UK) Ltd) (AMP)
38236211000001104,Nortriptyline 10mg capsules (Kent Pharma (UK) Ltd) (AMP)
38285811000001101,Nortriptyline 10mg capsules (VMP)
38285911000001106,Nortriptyline 25mg capsules (VMP)
38410211000001105,Mirtazapine 30mg tablets (Crescent Pharma Ltd) (AMP)
38598211000001102,Venlafaxine 150mg modified-release tablets (Dexcel-Pharma Ltd) (AMP)
3864911000001101,Ludiomil 10mg tablets (Novartis Pharmaceuticals UK Ltd) (AMP)
3865211000001106,Ludiomil 50mg tablets (Novartis Pharmaceuticals UK Ltd) (AMP)
38738511000001109,Doxepin 50mg capsules (Crescent Pharma Ltd) (AMP)
38748011000001102,Doxepin 25mg capsules (Crescent Pharma Ltd) (AMP)
38750311000001104,Venlafaxine 75mg modified-release capsules (VMP)
38750411000001106,Venlafaxine 150mg modified-release capsules (VMP)
387511000001107,Fluvoxamine 100mg tablets (Teva UK Ltd) (AMP)
38763811000001107,Agomelatine 25mg tablets (Medihealth (Northern) Ltd) (AMP)
38783111000001102,Amitriptyline 25mg/5ml oral solution sugar free (Medihealth (Northern) Ltd) (AMP)
38783611000001105,Amitriptyline 10mg/5ml oral solution sugar free (Medihealth (Northern) Ltd) (AMP)
38784011000001101,Amitriptyline 25mg tablets (Medihealth (Northern) Ltd) (AMP)
38784211000001106,Amitriptyline 50mg tablets (Medihealth (Northern) Ltd) (AMP)
38784411000001105,Amitriptyline 50mg/5ml oral solution sugar free (Medihealth (Northern) Ltd) (AMP)
38784611000001108,Amitriptyline 10mg tablets (Medihealth (Northern) Ltd) (AMP)
38813111000001101,Buspirone 10mg tablets (Medihealth (Northern) Ltd) (AMP)
38813311000001104,Buspirone 5mg tablets (Medihealth (Northern) Ltd) (AMP)
38836011000001102,Citalopram 10mg tablets (Medihealth (Northern) Ltd) (AMP)
38836211000001107,Citalopram 20mg tablets (Medihealth (Northern) Ltd) (AMP)
38836411000001106,Citalopram 40mg tablets (Medihealth (Northern) Ltd) (AMP)
38836611000001109,Citalopram 40mg/ml oral drops sugar free (Medihealth (Northern) Ltd) (AMP)
38844211000001103,Clomipramine 10mg capsules (Medihealth (Northern) Ltd) (AMP)
38844411000001104,Clomipramine 25mg capsules (Medihealth (Northern) Ltd) (AMP)
38844811000001102,Clomipramine 50mg capsules (Medihealth (Northern) Ltd) (AMP)
38876711000001102,Doxepin 25mg capsules (Medihealth (Northern) Ltd) (AMP)
38876911000001100,Doxepin 50mg capsules (Medihealth (Northern) Ltd) (AMP)
38877611000001108,Duloxetine 20mg gastro-resistant capsules (Medihealth (Northern) Ltd) (AMP)
38877811000001107,Duloxetine 30mg gastro-resistant capsules (Medihealth (Northern) Ltd) (AMP)
38878011000001100,Duloxetine 40mg gastro-resistant capsules (Medihealth (Northern) Ltd) (AMP)
38878211000001105,Duloxetine 60mg gastro-resistant capsules (Medihealth (Northern) Ltd) (AMP)
38890611000001104,Escitalopram 10mg tablets (Medihealth (Northern) Ltd) (AMP)
38890811000001100,Escitalopram 20mg tablets (Medihealth (Northern) Ltd) (AMP)
38891011000001102,Escitalopram 5mg tablets (Medihealth (Northern) Ltd) (AMP)
38916811000001106,Fluoxetine 10mg capsules (Medihealth (Northern) Ltd) (AMP)
38917011000001102,Fluoxetine 10mg tablets (Medihealth (Northern) Ltd) (AMP)
38917611000001109,Fluoxetine 20mg capsules (Medihealth (Northern) Ltd) (AMP)
38917811000001108,Fluoxetine 30mg capsules (Medihealth (Northern) Ltd) (AMP)
38918011000001101,Fluoxetine 60mg capsules (Medihealth (Northern) Ltd) (AMP)
38918211000001106,Fluoxetine 20mg/5ml oral solution (Medihealth (Northern) Ltd) (AMP)
38918411000001105,Fluoxetine 20mg/5ml oral solution sugar free (Medihealth (Northern) Ltd) (AMP)
38922911000001105,Venlafaxine 225mg modified-release capsules (Morningside Healthcare Ltd) (AMP)
38923611000001109,Fluvoxamine 100mg tablets (Medihealth (Northern) Ltd) (AMP)
38923811000001108,Fluvoxamine 50mg tablets (Medihealth (Northern) Ltd) (AMP)
38947211000001100,Phenelzine 15mg capsules (Part VIIID Drug Tariff Special Order) (AMP)
38960711000001100,Mirtazapine 15mg orodispersible tablets (Imported) (AMP)
38960911000001103,Mirtazapine 45mg orodispersible tablets (Imported) (AMP)
38961911000001105,Moclobemide 300mg tablets (Imported) (AMP)
38962111000001102,Fluoxetine 10mg tablets (Imported) (AMP)
38962311000001100,Fluoxetine 30mg capsules (Imported) (AMP)
38962811000001109,Fluoxetine 40mg capsules (Imported) (AMP)
38963111000001108,Mianserin 10mg tablets (Imported) (AMP)
38963811000001101,Mianserin 30mg tablets (Imported) (AMP)
38976911000001105,Phenelzine 15mg capsules (VMP)
38996511000001109,Fluoxetine 40mg capsules (Special Order) (AMP)
38997511000001106,Imipramine 10mg tablets (Medihealth (Northern) Ltd) (AMP)
38997711000001101,Imipramine 25mg tablets (Medihealth (Northern) Ltd) (AMP)
39000111000001109,Phenelzine 15mg capsules (Imported) (AMP)
39028711000001103,Lofepramine 70mg tablets (Medihealth (Northern) Ltd) (AMP)
39029111000001106,Loprazolam 1mg tablets (Medihealth (Northern) Ltd) (AMP)
3904511000001104,Molipaxin 50mg/5ml oral liquid (Sanofi) (AMP)
39047511000001107,Mirtazapine 15mg/ml oral solution sugar free (Medihealth (Northern) Ltd) (AMP)
39047711000001102,Mirtazapine 30mg orodispersible tablets (Medihealth (Northern) Ltd) (AMP)
39047911000001100,Mirtazapine 45mg orodispersible tablets (Medihealth (Northern) Ltd) (AMP)
39048111000001102,Mirtazapine 15mg orodispersible tablets (Medihealth (Northern) Ltd) (AMP)
39048311000001100,Mirtazapine 15mg tablets (Medihealth (Northern) Ltd) (AMP)
39048511000001106,Mirtazapine 45mg tablets (Medihealth (Northern) Ltd) (AMP)
39061111000001102,Nortriptyline 50mg tablets (Medihealth (Northern) Ltd) (AMP)
39061311000001100,Nortriptyline 10mg tablets (Medihealth (Northern) Ltd) (AMP)
39061511000001106,Nortriptyline 25mg tablets (Medihealth (Northern) Ltd) (AMP)
39076511000001106,Trimipramine 50mg capsules (Pharmaram Ltd) (AMP)
39081211000001105,Nortriptyline 10mg capsules (Alliance Healthcare (Distribution) Ltd) (AMP)
39081411000001109,Nortriptyline 25mg capsules (Alliance Healthcare (Distribution) Ltd) (AMP)
3909411000001104,Trazodone 50mg/5ml oral solution sugar free (VMP)
39101011000001106,Sertraline 25mg tablets (Zentiva Pharma UK Ltd) (AMP)
39134011000001104,Sertraline 25mg tablets (VMP)
39176211000001102,Paroxetine 10mg tablets (Medihealth (Northern) Ltd) (AMP)
39176411000001103,Paroxetine 20mg tablets (Medihealth (Northern) Ltd) (AMP)
39176611000001100,Paroxetine 30mg tablets (Medihealth (Northern) Ltd) (AMP)
39207111000001103,Mirtazapine 30mg tablets (Medihealth (Northern) Ltd) (AMP)
39225211000001105,Imipramine 25mg tablets (Relonchem Ltd) (AMP)
39237511000001102,Dosulepin 75mg tablets (Medihealth (Northern) Ltd) (AMP)
39242711000001109,Sertraline 100mg tablets (Medihealth (Northern) Ltd) (AMP)
39242911000001106,Sertraline 50mg tablets (Medihealth (Northern) Ltd) (AMP)
39325411000001100,Paroxetine 40mg tablets (Medihealth (Northern) Ltd) (AMP)
39328011000001101,Dosulepin 25mg capsules (Medihealth (Northern) Ltd) (AMP)
39333311000001108,Doxepin 25mg capsules (Zentiva Pharma UK Ltd) (AMP)
39333711000001107,Doxepin 50mg capsules (Zentiva Pharma UK Ltd) (AMP)
3934511000001105,Asendis 100mg tablets (Mercury Pharma Group Ltd) (AMP)
39365011000001102,Sertraline 25mg tablets (A A H Pharmaceuticals Ltd) (AMP)
39365811000001108,Sertraline 25mg tablets (Alliance Healthcare (Distribution) Ltd) (AMP)
39382511000001101,Venlafaxine 75mg modified-release capsules (Morningside Healthcare Ltd) (AMP)
39382711000001106,Venlafaxine 150mg modified-release capsules (Morningside Healthcare Ltd) (AMP)
39419911000001105,Trazodone 100mg tablets (A A H Pharmaceuticals Ltd) (AMP)
39536611000001106,Duloxetine 60mg gastro-resistant capsules (Viatris UK Healthcare Ltd) (AMP)
3962111000001101,Fluoxetine 60mg capsules (Viatris UK Healthcare Ltd) (AMP)
39623411000001108,Sertraline 100mg tablets (NorthStar Healthcare Unlimited Company) (AMP)
39623611000001106,Sertraline 50mg tablets (NorthStar Healthcare Unlimited Company) (AMP)
39692311000001104,Flupentixol 1mg tablets (VMP)
39692411000001106,Flupentixol 3mg tablets (VMP)
39692511000001105,Flupentixol 500microgram tablets (VMP)
39692711000001100,Nortriptyline 30mg / Fluphenazine 1.5mg tablets (VMP)
39692911000001103,Nortriptyline 10mg / Fluphenazine 500microgram tablets (VMP)
39699211000001104,Lofepramine 70mg tablets (VMP)
39699311000001107,Loprazolam 1mg tablets (VMP)
39701411000001105,Nortriptyline 10mg tablets (VMP)
39701511000001109,Nortriptyline 25mg tablets (VMP)
39701911000001102,Paroxetine 10mg tablets (VMP)
39703311000001102,Reboxetine 4mg tablets (VMP)
39704011000001103,Sertraline 100mg tablets (VMP)
39704111000001102,Sertraline 50mg tablets (VMP)
39707311000001109,Venlafaxine 50mg tablets (VMP)
39707411000001102,Venlafaxine 75mg tablets (VMP)
39707611000001104,Venlafaxine 37.5mg tablets (VMP)
39708811000001101,Tranylcypromine 10mg tablets (VMP)
397111000001102,Dosulepin 25mg capsules (Actavis UK Ltd) (AMP)
39731711000001107,Amitriptyline 10mg / Perphenazine 2mg tablets (VMP)
39731811000001104,Amitriptyline 25mg / Perphenazine 2mg tablets (VMP)
39734311000001106,Buspirone 10mg tablets (VMP)
39734411000001104,Buspirone 5mg tablets (VMP)
397711000001101,Prepadine 25mg capsules (Teva UK Ltd) (AMP)
398211000001107,Thaden 25mg capsules (Opus Pharmaceuticals Ltd) (AMP)
39846611000001108,Clomethiazole 192mg capsules (Medihealth (Northern) Ltd) (AMP)
39875311000001109,Lofepramine 70mg/5ml oral suspension sugar free (Medihealth (Northern) Ltd) (AMP)
39882711000001109,Moclobemide 150mg tablets (Medihealth (Northern) Ltd) (AMP)
39882911000001106,Moclobemide 300mg tablets (Medihealth (Northern) Ltd) (AMP)
39885011000001102,Nortriptyline 10mg capsules (Medihealth (Northern) Ltd) (AMP)
39885211000001107,Nortriptyline 25mg capsules (Medihealth (Northern) Ltd) (AMP)
39894211000001107,Sertraline 25mg tablets (Medihealth (Northern) Ltd) (AMP)
39896711000001109,Temazepam 10mg tablets (Medihealth (Northern) Ltd) (AMP)
39916411000001107,Tranylcypromine 10mg tablets (Medihealth (Northern) Ltd) (AMP)
39918011000001104,Trazodone 100mg capsules (Medihealth (Northern) Ltd) (AMP)
39919211000001104,Trazodone 150mg tablets (Medihealth (Northern) Ltd) (AMP)
39919811000001103,Trazodone 50mg capsules (Medihealth (Northern) Ltd) (AMP)
39920411000001101,Venlafaxine 75mg tablets (Medihealth (Northern) Ltd) (AMP)
39920811000001104,Venlafaxine 37.5mg tablets (Medihealth (Northern) Ltd) (AMP)
39921011000001101,Trazodone 50mg/5ml oral solution sugar free (Medihealth (Northern) Ltd) (AMP)
39922711000001106,Trimipramine 10mg tablets (Medihealth (Northern) Ltd) (AMP)
39922911000001108,Trimipramine 25mg tablets (Medihealth (Northern) Ltd) (AMP)
39926511000001100,Trimipramine 50mg capsules (Medihealth (Northern) Ltd) (AMP)
39960011000001100,Venlafaxine 37.5mg/5ml oral solution sugar free (Rosemont Pharmaceuticals Ltd) (AMP)
39960311000001102,Venlafaxine 75mg/5ml oral solution sugar free (Rosemont Pharmaceuticals Ltd) (AMP)
400611000001102,Sinequan 25mg capsules (Pfizer Ltd) (AMP)
40091911000001100,Amitriptyline 10mg tablets (Flamingo Pharma (UK) Ltd) (AMP)
40092111000001108,Amitriptyline 50mg tablets (Flamingo Pharma (UK) Ltd) (AMP)
40092311000001105,Sertraline 50mg tablets (Flamingo Pharma (UK) Ltd) (AMP)
40092511000001104,Sertraline 100mg tablets (Flamingo Pharma (UK) Ltd) (AMP)
40106611000001109,Doxepin 25mg capsules (Dexcel-Pharma Ltd) (AMP)
40106811000001108,Doxepin 50mg capsules (Dexcel-Pharma Ltd) (AMP)
4011011000001101,Citalopram 10mg tablets (A A H Pharmaceuticals Ltd) (AMP)
40111011000001106,Venlafaxine 37.5mg/5ml oral solution sugar free (VMP)
40111111000001107,Venlafaxine 75mg/5ml oral solution sugar free (VMP)
4011411000001105,Citalopram 10mg tablets (Kent Pharma (UK) Ltd) (AMP)
4011711000001104,Citalopram 10mg tablets (Sandoz Ltd) (AMP)
4011911000001102,Citalopram 20mg tablets (A A H Pharmaceuticals Ltd) (AMP)
4012111000001105,Citalopram 20mg tablets (Kent Pharma (UK) Ltd) (AMP)
4012311000001107,Citalopram 20mg tablets (Sandoz Ltd) (AMP)
4012511000001101,Citalopram 40mg tablets (A A H Pharmaceuticals Ltd) (AMP)
4012711000001106,Citalopram 40mg tablets (Kent Pharma (UK) Ltd) (AMP)
4012911000001108,Citalopram 40mg tablets (Sandoz Ltd) (AMP)
40197511000001105,Venlafaxine 37.5mg/5ml oral solution sugar free (Alliance Healthcare (Distribution) Ltd) (AMP)
40197711000001100,Venlafaxine 75mg/5ml oral solution sugar free (Alliance Healthcare (Distribution) Ltd) (AMP)
40201411000001103,Quetiapine 25mg tablets (Crescent Pharma Ltd) (AMP)
40209011000001106,Mirtazapine 30mg tablets (Syri Ltd) (AMP)
40266911000001102,Paroxetine 20mg tablets (Genesis Pharmaceuticals Ltd) (AMP)
40304911000001101,Buspirone 5mg tablets (Zentiva Pharma UK Ltd) (AMP)
40305111000001100,Buspirone 10mg tablets (Zentiva Pharma UK Ltd) (AMP)
40305411000001105,Buspirone 15mg tablets (Zentiva Pharma UK Ltd) (AMP)
40305711000001104,Buspirone 30mg tablets (Zentiva Pharma UK Ltd) (AMP)
40327111000001104,Fluoxetine 40mg capsules (Medihealth (Northern) Ltd) (AMP)
40330311000001100,Paroxetine 30mg tablets (Genesis Pharmaceuticals Ltd) (AMP)
40337711000001100,Diazepam 2mg/5ml oral suspension (DE Pharmaceuticals) (AMP)
40364111000001103,Nortriptyline 10mg capsules (DE Pharmaceuticals) (AMP)
40364611000001106,Nortriptyline 25mg capsules (DE Pharmaceuticals) (AMP)
40371911000001108,Sertraline 25mg tablets (DE Pharmaceuticals) (AMP)
40463011000001105,Manerix 300mg tablets (DE Pharmaceuticals) (AMP)
404711000001100,Clomipramine 50mg capsules (IVAX Pharmaceuticals UK Ltd) (AMP)
40547511000001108,Doxepin 10mg capsules (Morningside Healthcare Ltd) (AMP)
40547911000001101,Doxepin 25mg capsules (Morningside Healthcare Ltd) (AMP)
40548111000001103,Doxepin 50mg capsules (Morningside Healthcare Ltd) (AMP)
40548611000001106,Buspirone 30mg tablets (VMP)
40548711000001102,Buspirone 15mg tablets (VMP)
40590611000001104,Duloxetine 30mg gastro-resistant capsules (Bristol Laboratories Ltd) (AMP)
40590811000001100,Duloxetine 60mg gastro-resistant capsules (Bristol Laboratories Ltd) (AMP)
40597511000001104,Doxepin 25mg capsules (Roma Pharmaceuticals Ltd) (AMP)
40597711000001109,Doxepin 50mg capsules (Roma Pharmaceuticals Ltd) (AMP)
40607611000001107,Doxepin 10mg capsules (A A H Pharmaceuticals Ltd) (AMP)
40611000001100,Amitriptyline 25mg tablets (Teva UK Ltd) (AMP)
40669611000001103,Nortriptyline 10mg/5ml oral solution sugar free (A A H Pharmaceuticals Ltd) (AMP)
40669811000001104,Nortriptyline 25mg/5ml oral solution sugar free (A A H Pharmaceuticals Ltd) (AMP)
40670411000001104,Trazodone 50mg tablets (A A H Pharmaceuticals Ltd) (AMP)
40694311000001109,Escitalopram 5mg tablets (Crescent Pharma Ltd) (AMP)
40694611000001104,Citalopram 40mg tablets (Crescent Pharma Ltd) (AMP)
40698211000001107,Escitalopram 20mg tablets (Crescent Pharma Ltd) (AMP)
40698611000001109,Escitalopram 10mg tablets (Crescent Pharma Ltd) (AMP)
40699411000001103,Citalopram 20mg tablets (Crescent Pharma Ltd) (AMP)
40702511000001104,Fluoxetine 20mg capsules (RX Farma) (AMP)
40708511000001102,Nortriptyline 10mg tablets (Wockhardt UK Ltd) (AMP)
40708711000001107,Nortriptyline 25mg tablets (Wockhardt UK Ltd) (AMP)
40708911000001109,Nortriptyline 50mg tablets (Wockhardt UK Ltd) (AMP)
4071311000001107,Lomont 70mg/5ml oral suspension (Rosemont Pharmaceuticals Ltd) (AMP)
4071511000001101,Lofepramine 70mg/5ml oral suspension sugar free (Alliance Healthcare (Distribution) Ltd) (AMP)
40721911000001105,Doxepin 10mg capsules (Alliance Healthcare (Distribution) Ltd) (AMP)
40730011000001104,Buspirone 15mg tablets (A A H Pharmaceuticals Ltd) (AMP)
40730211000001109,Buspirone 30mg tablets (A A H Pharmaceuticals Ltd) (AMP)
40744511000001104,Fluoxetine 20mg capsules (Noumed Life Sciences Ltd) (AMP)
40746711000001100,Contulen 50mg tablets (HFA Healthcare Ltd) (AMP)
40746911000001103,Contulen 100mg tablets (HFA Healthcare Ltd) (AMP)
407811000001104,Dosulepin 75mg tablets (Sandoz Ltd) (AMP)
40818911000001109,Buspirone 15mg tablets (Alliance Healthcare (Distribution) Ltd) (AMP)
40819111000001104,Buspirone 30mg tablets (Alliance Healthcare (Distribution) Ltd) (AMP)
40820611000001106,Venlafaxine 150mg modified-release tablets (Alliance Healthcare (Distribution) Ltd) (AMP)
40853311000001108,Citalopram 10mg tablets (Crescent Pharma Ltd) (AMP)
408611000001104,Dosulepin 25mg capsules (Sterwin Medicines) (AMP)
40868011000001106,Tranylcypromine 10mg tablets (Rivopharm (UK) Ltd) (AMP)
409811000001107,Moclobemide 150mg tablets (A A H Pharmaceuticals Ltd) (AMP)
410311000001105,Fluvoxamine 50mg tablets (Kent Pharma (UK) Ltd) (AMP)
41071611000001108,Sertraline 150mg tablets (Martindale Pharmaceuticals Ltd) (AMP)
41077311000001109,Sertraline 200mg tablets (Martindale Pharmaceuticals Ltd) (AMP)
41082311000001100,Temazepam 10mg tablets (Imported) (AMP)
41082711000001101,Sertraline 50mg tablets (HFA Healthcare Ltd) (AMP)
41083411000001103,Sertraline 100mg tablets (HFA Healthcare Ltd) (AMP)
41106111000001108,Doxepin 25mg capsules (Accord-UK Ltd) (AMP)
41106311000001105,Doxepin 50mg capsules (Accord-UK Ltd) (AMP)
41110811000001101,Duloxetine 30mg gastro-resistant capsules (Amarox Ltd) (AMP)
41129911000001105,Duloxetine 40mg gastro-resistant capsules (Amarox Ltd) (AMP)
41130411000001109,Duloxetine 60mg gastro-resistant capsules (Amarox Ltd) (AMP)
41148211000001109,Fluoxetine 20mg/5ml oral solution sugar free (Cipla EU Ltd) (AMP)
41161011000001104,Paroxetine 20mg tablets (Rudipharm Ltd) (AMP)
41161211000001109,Paroxetine 30mg tablets (Rudipharm Ltd) (AMP)
41166411000001102,Duloxetine 20mg gastro-resistant capsules (Amarox Ltd) (AMP)
41166911000001105,Sertraline 150mg tablets (VMP)
41167011000001109,Sertraline 200mg tablets (VMP)
4116911000001101,Paroxetine 20mg tablets (Accord-UK Ltd) (AMP)
41171111000001107,Nortriptyline 10mg tablets (Milpharm Ltd) (AMP)
41171311000001109,Nortriptyline 25mg tablets (Milpharm Ltd) (AMP)
41209511000001106,Trazodone 100mg capsules (Milpharm Ltd) (AMP)
41209911000001104,Trazodone 50mg capsules (Milpharm Ltd) (AMP)
41296911000001105,Trazodone 100mg capsules (Medreich Plc) (AMP)
41297111000001105,Trazodone 50mg capsules (Medreich Plc) (AMP)
41298211000001100,Venlafaxine 300mg modified-release tablets (Martindale Pharmaceuticals Ltd) (AMP)
41330711000001108,Venlafaxine 75mg modified-release tablets (Martindale Pharmaceuticals Ltd) (AMP)
413311000001104,Efexor XL 150mg capsules (Viatris UK Healthcare Ltd) (AMP)
41332811000001104,Citalopram 10mg tablets (Amarox Ltd) (AMP)
41333711000001104,Citalopram 20mg tablets (Amarox Ltd) (AMP)
41334011000001104,Citalopram 40mg tablets (Amarox Ltd) (AMP)
41339811000001109,Sertraline 25mg tablets (Amarox Ltd) (AMP)
41340011000001105,Sertraline 50mg tablets (Amarox Ltd) (AMP)
41411211000001109,Sertraline 150mg tablets (Alliance Healthcare (Distribution) Ltd) (AMP)
41411411000001108,Sertraline 200mg tablets (Alliance Healthcare (Distribution) Ltd) (AMP)
41424511000001103,Trimipramine 50mg capsules (Glenmark Pharmaceuticals Europe Ltd) (AMP)
41424811000001100,Trazodone 150mg tablets (Glenmark Pharmaceuticals Europe Ltd) (AMP)
41425211000001100,Tranylcypromine 10mg tablets (Glenmark Pharmaceuticals Europe Ltd) (AMP)
41426011000001101,Escitalopram 5mg tablets (Glenmark Pharmaceuticals Europe Ltd) (AMP)
41426211000001106,Escitalopram 10mg tablets (Glenmark Pharmaceuticals Europe Ltd) (AMP)
41426411000001105,Escitalopram 20mg tablets (Glenmark Pharmaceuticals Europe Ltd) (AMP)
41446111000001103,Fluoxetine 20mg/5ml oral solution (Syri Ltd) (AMP)
41448511000001108,Sertraline 200mg tablets (A A H Pharmaceuticals Ltd) (AMP)
41448711000001103,Sertraline 150mg tablets (A A H Pharmaceuticals Ltd) (AMP)
41467111000001106,Venlafaxine 37.5mg modified-release tablets (Martindale Pharmaceuticals Ltd) (AMP)
41468011000001106,Venlafaxine 150mg modified-release tablets (Martindale Pharmaceuticals Ltd) (AMP)
41482711000001107,Venlafaxine 225mg modified-release tablets (Martindale Pharmaceuticals Ltd) (AMP)
41506011000001102,Nortriptyline 10mg tablets (Glenmark Pharmaceuticals Europe Ltd) (AMP)
41506211000001107,Nortriptyline 25mg tablets (Glenmark Pharmaceuticals Europe Ltd) (AMP)
41523911000001102,Paroxetine 40mg tablets (Alissa Healthcare Research Ltd) (AMP)
41528711000001105,Fluoxetine 20mg/5ml oral solution (Special Order) (AMP)
41536511000001104,Paroxetine 10mg tablets (Rudipharm Ltd) (AMP)
41541011000001104,Venlafaxine 150mg modified-release capsules (Krka UK Ltd) (AMP)
41541211000001109,Venlafaxine 75mg modified-release capsules (Krka UK Ltd) (AMP)
41543311000001100,Amitriptyline 10mg tablets (Brown & Burk UK Ltd) (AMP)
41544011000001101,Amitriptyline 25mg tablets (Brown & Burk UK Ltd) (AMP)
41544211000001106,Amitriptyline 50mg tablets (Brown & Burk UK Ltd) (AMP)
41549011000001100,Sertraline 100mg/5ml concentrate for oral solution sugar free (Syri Ltd) (AMP)
41557011000001106,Sertraline 100mg/5ml concentrate for oral solution sugar free (VMP)
41576211000001100,Venlafaxine 37.5mg modified-release tablets (Alliance Healthcare (Distribution) Ltd) (AMP)
41578311000001107,Escitalopram 10mg tablets (Bristol Laboratories Ltd) (AMP)
41578511000001101,Escitalopram 20mg tablets (Bristol Laboratories Ltd) (AMP)
41578711000001106,Escitalopram 5mg tablets (Bristol Laboratories Ltd) (AMP)
41728111000001105,Duloxetine 30mg gastro-resistant capsules (Medical Valley Invest AB) (AMP)
41745711000001101,Dosulepin 75mg tablets (Medreich Plc) (AMP)
41752211000001100,Duloxetine 60mg gastro-resistant capsules (Medical Valley Invest AB) (AMP)
41797411000001107,Nortriptyline 50mg tablets (Macleods Pharma UK Ltd) (AMP)
41808911000001103,Trazodone 50mg/5ml oral solution sugar free (Drugsrus Ltd) (AMP)
41896411000001108,Doxepin 5% cream (VMP)
41925211000001102,Doxepin 25mg capsules (Rivopharm (UK) Ltd) (AMP)
41925711000001109,Doxepin 50mg capsules (Rivopharm (UK) Ltd) (AMP)
41938011000001101,Sertraline 100mg/5ml concentrate for oral solution sugar free (Alliance Healthcare (Distribution) Ltd) (AMP)
41966611000001102,Optimax 500mg capsules (Esteve Pharmaceuticals Ltd) (AMP)
41972511000001109,Quetiapine 100mg tablets (Almus Pharmaceuticals Ltd) (AMP)
41972711000001104,Quetiapine 150mg tablets (Almus Pharmaceuticals Ltd) (AMP)
41972911000001102,Quetiapine 200mg tablets (Almus Pharmaceuticals Ltd) (AMP)
41973111000001106,Quetiapine 300mg tablets (Almus Pharmaceuticals Ltd) (AMP)
41973311000001108,Quetiapine 25mg tablets (Almus Pharmaceuticals Ltd) (AMP)
41989911000001101,Tryptophan 500mg tablets (VMP)
42122111000001104,Alprazolam 250microgram tablets (VMP)
42122411000001109,Fluoxetine 10mg capsules (Teva UK Ltd) (AMP)
42124511000001103,Trimipramine 50mg capsules (Teva UK Ltd) (AMP)
42125211000001100,Alprazolam 500microgram tablets (VMP)
42127111000001102,Clomethiazole 192mg capsules (VMP)
42132011000001102,Meprobamate 400mg tablets (VMP)
42141111000001107,Amitriptyline 10mg tablets (Strides Pharma UK Ltd) (AMP)
42141911000001105,Amitriptyline 50mg tablets (Strides Pharma UK Ltd) (AMP)
42142311000001100,Amitriptyline 25mg tablets (Strides Pharma UK Ltd) (AMP)
42145611000001101,Buspirone 10mg tablets (Strides Pharma UK Ltd) (AMP)
42145811000001102,Buspirone 5mg tablets (Strides Pharma UK Ltd) (AMP)
42146011000001104,Citalopram 40mg/ml oral drops sugar free (Strides Pharma UK Ltd) (AMP)
42159911000001107,Fluoxetine 10mg capsules (Genesis Pharmaceuticals Ltd) (AMP)
42160711000001106,Trazodone 50mg/5ml oral solution sugar free (Strides Pharma UK Ltd) (AMP)
42162511000001100,Fluoxetine 30mg capsules (Genesis Pharmaceuticals Ltd) (AMP)
42163111000001103,Reboxetine 4mg tablets (Imported) (AMP)
42163411000001108,Fluoxetine 40mg capsules (Genesis Pharmaceuticals Ltd) (AMP)
42163611000001106,Trazodone 100mg capsules (Strides Pharma UK Ltd) (AMP)
42163711000001102,Fluoxetine 60mg capsules (Genesis Pharmaceuticals Ltd) (AMP)
42166011000001107,Venlafaxine 300mg modified-release tablets (Alliance Healthcare (Distribution) Ltd) (AMP)
42168911000001105,Trazodone 50mg capsules (Strides Pharma UK Ltd) (AMP)
42169111000001100,Trazodone 150mg tablets (Strides Pharma UK Ltd) (AMP)
42171611000001100,Venlafaxine 37.5mg modified-release capsules (Genus Pharmaceuticals Ltd) (AMP)
42171811000001101,Venlafaxine 75mg modified-release capsules (Genus Pharmaceuticals Ltd) (AMP)
42205311000001103,Escitalopram 5mg tablets (Brown & Burk UK Ltd) (AMP)
42206311000001108,Amoxapine 100mg tablets (VMP)
42242211000001105,Nortriptyline 10mg tablets (Brown & Burk UK Ltd) (AMP)
42242711000001103,Nortriptyline 25mg tablets (Brown & Burk UK Ltd) (AMP)
42243311000001107,Nortriptyline 50mg tablets (Brown & Burk UK Ltd) (AMP)
42268011000001108,Amoxapine 50mg tablets (VMP)
42269311000001100,Citalopram 10mg tablets (VMP)
42269411000001107,Citalopram 20mg tablets (VMP)
42269511000001106,Citalopram 40mg tablets (VMP)
42269611000001105,Citalopram 40mg/ml oral drops sugar free (VMP)
42269711000001101,Clomipramine 10mg capsules (VMP)
42269811000001109,Clomipramine 25mg capsules (VMP)
42269911000001104,Clomipramine 50mg capsules (VMP)
42270611000001107,Dosulepin 25mg capsules (VMP)
42270711000001103,Dosulepin 75mg tablets (VMP)
42270811000001106,Doxepin 10mg capsules (VMP)
42270911000001101,Doxepin 25mg capsules (VMP)
42271011000001109,Doxepin 50mg capsules (VMP)
42271111000001105,Doxepin 75mg capsules (VMP)
42271211000001104,Escitalopram 10mg tablets (VMP)
42271311000001107,Escitalopram 20mg tablets (VMP)
42271411000001100,Escitalopram 5mg tablets (VMP)
42271511000001101,Fluoxetine 10mg capsules (VMP)
42271611000001102,Fluoxetine 10mg tablets (VMP)
42271711000001106,Fluoxetine 20mg capsules (VMP)
42271811000001103,Fluoxetine 20mg/5ml oral solution (VMP)
42271911000001108,Fluoxetine 40mg capsules (VMP)
42272011000001101,Fluoxetine 60mg capsules (VMP)
42272411000001105,Fluvoxamine 100mg tablets (VMP)
42272511000001109,Fluvoxamine 50mg tablets (VMP)
42273411000001101,Isocarboxazid 10mg tablets (VMP)
42273711000001107,Maprotiline 10mg tablets (VMP)
42273811000001104,Maprotiline 25mg tablets (VMP)
42273911000001109,Maprotiline 50mg tablets (VMP)
42274011000001107,Maprotiline 75mg tablets (VMP)
42274111000001108,Mianserin 10mg tablets (VMP)
42274211000001102,Mianserin 20mg tablets (VMP)
42274311000001105,Mianserin 30mg tablets (VMP)
42274411000001103,Mirtazapine 15mg orodispersible tablets (VMP)
42274511000001104,Mirtazapine 15mg tablets (VMP)
42274611000001100,Mirtazapine 30mg orodispersible tablets (VMP)
42274711000001109,Mirtazapine 30mg tablets (VMP)
42274811000001101,Mirtazapine 45mg tablets (VMP)
42274911000001106,Moclobemide 150mg tablets (VMP)
42275011000001106,Moclobemide 300mg tablets (VMP)
42276511000001105,Paroxetine 20mg tablets (VMP)
42276611000001109,Paroxetine 30mg tablets (VMP)
42276711000001100,Paroxetine 40mg tablets (VMP)
42277211000001109,Phenelzine 15mg tablets (VMP)
42277811000001105,Protriptyline 10mg tablets (VMP)
42280411000001104,Trazodone 100mg capsules (VMP)
42280511000001100,Trazodone 100mg tablets (VMP)
42280611000001101,Trazodone 150mg tablets (VMP)
42280711000001105,Trazodone 50mg capsules (VMP)
42280811000001102,Trazodone 50mg tablets (VMP)
42280911000001107,Trimipramine 10mg tablets (VMP)
42281011000001104,Trimipramine 25mg tablets (VMP)
42281111000001103,Trimipramine 50mg capsules (VMP)
42291111000001104,Amitriptyline 10mg tablets (VMP)
42291211000001105,Amitriptyline 25mg tablets (VMP)
42291311000001102,Amitriptyline 50mg tablets (VMP)
42294111000001101,Duloxetine 30mg gastro-resistant capsules (VMP)
42294211000001107,Duloxetine 60mg gastro-resistant capsules (VMP)
42295311000001100,Imipramine 10mg tablets (VMP)
42295411000001107,Imipramine 25mg tablets (VMP)
42301811000001101,Dosulepin 25mg capsules (Medreich Plc) (AMP)
42316311000001104,Fluoxetine 10mg capsules (Key Pharmaceuticals Ltd) (AMP)
42316911000001103,Fluoxetine 20mg capsules (Key Pharmaceuticals Ltd) (AMP)
42324711000001100,Fluoxetine 30mg capsules (Key Pharmaceuticals Ltd) (AMP)
42325511000001106,Fluoxetine 60mg capsules (Key Pharmaceuticals Ltd) (AMP)
42326811000001101,Nortriptyline 10mg tablets (Key Pharmaceuticals Ltd) (AMP)
42332111000001107,Nortriptyline 25mg tablets (Key Pharmaceuticals Ltd) (AMP)
42332311000001109,Paroxetine 10mg tablets (Key Pharmaceuticals Ltd) (AMP)
42333911000001103,Sertraline 50mg tablets (Key Pharmaceuticals Ltd) (AMP)
42334511000001108,Sertraline 100mg tablets (Key Pharmaceuticals Ltd) (AMP)
423511000001100,Trazodone 50mg capsules (Kent Pharma (UK) Ltd) (AMP)
42369211000001102,Trazodone 50mg/5ml oral solution sugar free (G.L. Pharma UK Ltd) (AMP)
42411111000001104,Venlafaxine 37.5mg modified-release capsules (Krka UK Ltd) (AMP)
42411911000001101,Quetiapine 50mg modified-release tablets (Zentiva Pharma UK Ltd) (AMP)
42412111000001109,Quetiapine 150mg modified-release tablets (Zentiva Pharma UK Ltd) (AMP)
42413211000001109,Quetiapine 200mg modified-release tablets (Zentiva Pharma UK Ltd) (AMP)
42413411000001108,Quetiapine 300mg modified-release tablets (Zentiva Pharma UK Ltd) (AMP)
42413611000001106,Quetiapine 400mg modified-release tablets (Zentiva Pharma UK Ltd) (AMP)
424211000001100,Imipramine 10mg tablets (Accord-UK Ltd) (AMP)
4247611000001101,Citalopram 10mg tablets (Alliance Healthcare (Distribution) Ltd) (AMP)
4247811000001102,Citalopram 20mg tablets (Alliance Healthcare (Distribution) Ltd) (AMP)
4248011000001109,Citalopram 40mg tablets (Alliance Healthcare (Distribution) Ltd) (AMP)
42505711000001109,Trazodone 100mg capsules (Noumed Life Sciences Ltd) (AMP)
42505911000001106,Trazodone 150mg tablets (Noumed Life Sciences Ltd) (AMP)
42506111000001102,Trazodone 50mg capsules (Noumed Life Sciences Ltd) (AMP)
42543811000001105,Amitriptyline 25mg tablets (Flamingo Pharma (UK) Ltd) (AMP)
42564311000001107,Nortriptyline 10mg tablets (Rudipharm Ltd) (AMP)
42564511000001101,Nortriptyline 25mg tablets (Rudipharm Ltd) (AMP)
42578711000001107,Nortriptyline 10mg tablets (Rivopharm (UK) Ltd) (AMP)
42578911000001109,Nortriptyline 25mg tablets (Rivopharm (UK) Ltd) (AMP)
42587411000001108,Nortriptyline 50mg tablets (Flamingo Pharma (UK) Ltd) (AMP)
42594611000001104,Fluoxetine 40mg capsules (Key Pharmaceuticals Ltd) (AMP)
42605611000001105,Fluoxetine 40mg capsules (Brown & Burk UK Ltd) (AMP)
42635511000001103,Fluoxetine 60mg capsules (Brown & Burk UK Ltd) (AMP)
42650811000001105,Citalopram 10mg tablets (Clydesdale Pharma Ltd) (AMP)
42651011000001108,Citalopram 20mg tablets (Clydesdale Pharma Ltd) (AMP)
42651211000001103,Citalopram 40mg tablets (Clydesdale Pharma Ltd) (AMP)
42755711000001104,Amitriptyline 10mg tablets (AAH Hillcross) (AMP)
42755911000001102,Amitriptyline 25mg tablets (AAH Hillcross) (AMP)
42759811000001105,Fluoxetine 10mg tablets (Neuraxpharm UK Ltd) (AMP)
42811211000001101,Venlafaxine 37.5mg modified-release capsules (Alliance Healthcare (Distribution) Ltd) (AMP)
42812111000001102,Fluoxetine 20mg/5ml oral solution sugar free (Alliance Healthcare (Distribution) Ltd) (AMP)
42832711000001105,Trazodone 50mg/5ml oral solution sugar free (Genesis Pharmaceuticals Ltd) (AMP)
42841211000001109,Amitriptyline 50mg tablets (AAH Hillcross) (AMP)
42841611000001106,Dosulepin 75mg tablets (Necessity Supplies Ltd) (AMP)
42874411000001109,Fluoxetine 10mg capsules (Brown & Burk UK Ltd) (AMP)
42874911000001101,Fluoxetine 30mg capsules (Brown & Burk UK Ltd) (AMP)
42881211000001103,Seroxat 20mg tablets (Necessity Supplies Ltd) (AMP)
42886611000001108,Trimipramine 10mg tablets (Necessity Supplies Ltd) (AMP)
42887011000001103,Trimipramine 25mg tablets (Necessity Supplies Ltd) (AMP)
42887311000001100,Trimipramine 50mg capsules (Necessity Supplies Ltd) (AMP)
42895811000001103,Mirtazapine 30mg tablets (AAH Hillcross) (AMP)
43012111000001108,Mirtazapine 15mg tablets (AAH Hillcross) (AMP)
43034411000001104,Sertraline 50mg/5ml oral suspension sugar free (Colonis Pharma Ltd) (AMP)
43129411000001106,Fluoxetine 20mg/5ml oral solution (Relonchem Ltd) (AMP)
43155411000001107,Tranylcypromine 10mg tablets (Necessity Supplies Ltd) (AMP)
43159711000001104,Sertraline 50mg/5ml oral suspension sugar free (VMP)
43164011000001107,Sertraline 50mg/5ml oral suspension sugar free (A A H Pharmaceuticals Ltd) (AMP)
43168911000001104,Quetiapine 300mg modified-release tablets (A A H Pharmaceuticals Ltd) (AMP)
43169111000001109,Quetiapine 200mg modified-release tablets (A A H Pharmaceuticals Ltd) (AMP)
43169311000001106,Quetiapine 50mg modified-release tablets (A A H Pharmaceuticals Ltd) (AMP)
43169811000001102,Quetiapine 400mg modified-release tablets (A A H Pharmaceuticals Ltd) (AMP)
43170011000001106,Quetiapine 150mg modified-release tablets (A A H Pharmaceuticals Ltd) (AMP)
43175711000001103,Trazodone 50mg/5ml oral solution sugar free (AAH Hillcross) (AMP)
4331011000001108,Fluoxetine 20mg/5ml oral solution (Sandoz Ltd) (AMP)
43538111000001101,Sertraline 50mg/5ml oral suspension sugar free (Alliance Healthcare (Distribution) Ltd) (AMP)
43545811000001100,Venlafaxine 150mg modified-release tablets (Necessity Supplies Ltd) (AMP)
43546011000001102,Venlafaxine 225mg modified-release tablets (Necessity Supplies Ltd) (AMP)
43547511000001107,Venlafaxine 75mg modified-release tablets (Necessity Supplies Ltd) (AMP)
43555011000001109,Nortriptyline 10mg capsules (A A H Pharmaceuticals Ltd) (AMP)
43555311000001107,Nortriptyline 25mg capsules (A A H Pharmaceuticals Ltd) (AMP)
43557011000001102,Venlafaxine 37.5mg modified-release capsules (A A H Pharmaceuticals Ltd) (AMP)
43565711000001104,Venlafaxine 225mg modified-release tablets (A A H Pharmaceuticals Ltd) (AMP)
43567911000001107,Venlafaxine 37.5mg modified-release tablets (A A H Pharmaceuticals Ltd) (AMP)
43568411000001100,Venlafaxine 300mg modified-release tablets (A A H Pharmaceuticals Ltd) (AMP)
436211000001107,Loprazolam 1mg tablets (Zentiva Pharma UK Ltd) (AMP)
437511000001107,Fluoxetine 20mg/5ml oral solution (A A H Pharmaceuticals Ltd) (AMP)
43768711000001105,Trazodone 50mg capsules (Novumgen Ltd) (AMP)
43770211000001105,Trazodone 150mg tablets (Drugsrus Ltd) (AMP)
43787711000001106,Nortriptyline 10mg tablets (Novumgen Ltd) (AMP)
43787911000001108,Nortriptyline 25mg tablets (Novumgen Ltd) (AMP)
43800311000001107,Trazodone 50mg/5ml oral solution sugar free (Neon Healthcare Ltd) (AMP)
43808611000001104,Escitalopram 5mg tablets (Grindeks Kalceks UK Ltd) (AMP)
43809011000001101,Escitalopram 10mg tablets (Grindeks Kalceks UK Ltd) (AMP)
43809711000001104,Escitalopram 20mg tablets (Grindeks Kalceks UK Ltd) (AMP)
43971911000001100,Mirtazapine 30mg tablets (Novumgen Ltd) (AMP)
43973211000001108,Venlafaxine 37.5mg modified-release tablets (Necessity Supplies Ltd) (AMP)
43997211000001108,Trazodone 100mg capsules (Novumgen Ltd) (AMP)
440811000001107,Amitriptyline 25mg tablets (Kent Pharma (UK) Ltd) (AMP)
44149811000001108,Trazodone 150mg tablets (Manx Healthcare Ltd) (AMP)
44156711000001107,Fluoxetine 10mg capsules (Relonchem Ltd) (AMP)
44156911000001109,Fluoxetine 30mg capsules (Relonchem Ltd) (AMP)
44157111000001109,Fluoxetine 60mg capsules (Relonchem Ltd) (AMP)
44161511000001104,Mirtazapine 30mg tablets (Flamingo Pharma (UK) Ltd) (AMP)
44171411000001109,Duloxetine 30mg gastro-resistant capsules (Key Pharmaceuticals Ltd) (AMP)
44171611000001107,Duloxetine 60mg gastro-resistant capsules (Key Pharmaceuticals Ltd) (AMP)
442111000001101,Mianserin 10mg tablets (Teva UK Ltd) (AMP)
44311111000001102,Sertraline 100mg/5ml concentrate for oral solution sugar free (Rosemont Pharmaceuticals Ltd) (AMP)
444511000001100,Buspirone 5mg tablets (Kent Pharma (UK) Ltd) (AMP)
44457511000001104,Buspirone 5mg tablets (Crescent Pharma Ltd) (AMP)
44458111000001109,Buspirone 10mg tablets (Crescent Pharma Ltd) (AMP)
44459711000001101,Trazodone 100mg capsules (Crescent Pharma Ltd) (AMP)
44616911000001103,Quetiapine 50mg modified-release tablets (Imported) (AMP)
44617411000001108,Quetiapine 150mg modified-release tablets (Imported) (AMP)
44617711000001102,Quetiapine 200mg modified-release tablets (Imported) (AMP)
44618011000001103,Quetiapine 300mg modified-release tablets (Imported) (AMP)
44618311000001100,Quetiapine 400mg modified-release tablets (Imported) (AMP)
4468311000001101,Citalopram 10mg tablets (Zentiva Pharma UK Ltd) (AMP)
4468611000001106,Citalopram 20mg tablets (Zentiva Pharma UK Ltd) (AMP)
4469011000001109,Citalopram 40mg tablets (Zentiva Pharma UK Ltd) (AMP)
449211000001104,Mianserin 20mg tablets (IVAX Pharmaceuticals UK Ltd) (AMP)
44956311000001105,Quetiapine 25mg tablets (Sandoz Ltd) (AMP)
44957611000001103,Quetiapine 100mg tablets (Sandoz Ltd) (AMP)
44957711000001107,Quetiapine 150mg tablets (Sandoz Ltd) (AMP)
44957911000001109,Quetiapine 200mg tablets (Sandoz Ltd) (AMP)
44958111000001107,Quetiapine 300mg tablets (Sandoz Ltd) (AMP)
44982211000001109,Fluoxetine 20mg capsules (Manx Healthcare Ltd) (AMP)
44986711000001103,Buspirone 5mg tablets (Rivopharm (UK) Ltd) (AMP)
44986911000001101,Buspirone 10mg tablets (Rivopharm (UK) Ltd) (AMP)
45138711000001100,Trazodone 50mg/5ml oral solution sugar free (Somex Pharma) (AMP)
45139611000001100,Trazodone 50mg capsules (Somex Pharma) (AMP)
45140711000001103,Trazodone 100mg capsules (Somex Pharma) (AMP)
45142211000001106,Trazodone 150mg tablets (Somex Pharma) (AMP)
45155611000001102,Sertraline 25mg tablets (Flamingo Pharma (UK) Ltd) (AMP)
45258611000001105,Faverin 100mg tablets (Necessity Supplies Ltd) (AMP)
45265511000001106,Mirtazapine 15mg tablets (Amarox Ltd) (AMP)
45265711000001101,Mirtazapine 30mg tablets (Amarox Ltd) (AMP)
45266211000001102,Mirtazapine 45mg tablets (Amarox Ltd) (AMP)
45266911000001106,Sondate XL 50mg tablets (Necessity Supplies Ltd) (AMP)
45267311000001108,Sondate XL 200mg tablets (Necessity Supplies Ltd) (AMP)
45267511000001102,Sondate XL 300mg tablets (Necessity Supplies Ltd) (AMP)
45268511000001103,Sondate XL 400mg tablets (Necessity Supplies Ltd) (AMP)
45271911000001106,Dosulepin 25mg capsules (Rudipharm Ltd) (AMP)
45278411000001105,Amitriptyline 10mg tablets (Amarox Ltd) (AMP)
45278611000001108,Amitriptyline 25mg tablets (Amarox Ltd) (AMP)
45278811000001107,Amitriptyline 50mg tablets (Amarox Ltd) (AMP)
4533611000001104,Lentizol 50mg modified-release capsules (Pfizer Ltd) (AMP)
4534311000001106,Lentizol 25mg modified-release capsules (Pfizer Ltd) (AMP)
4534911000001107,Anafranil 25mg/5ml syrup (Novartis Pharmaceuticals UK Ltd) (AMP)
453911000001108,Fluoxetine 20mg capsules (Alliance Healthcare (Distribution) Ltd) (AMP)
4549511000001102,Molipaxin CR 150mg tablets (Aventis Pharma) (AMP)
4551211000001104,Anafranil 25mg/2ml solution for injection ampoules (Novartis Pharmaceuticals UK Ltd) (AMP)
4557211000001109,Trazodone 150mg modified-release tablets (VMP)
4557811000001105,Clomipramine 25mg/5ml oral solution (VMP)
456311000001103,Felicium 20mg capsules (Opus Pharmaceuticals Ltd) (AMP)
4572511000001107,Fluoxetine 60mg capsules (Alliance Healthcare (Distribution) Ltd) (AMP)
4576111000001104,Fluoxetine 20mg/5ml oral solution (IVAX Pharmaceuticals UK Ltd) (AMP)
459411000001103,Dosulepin 25mg capsules (Alliance Healthcare (Distribution) Ltd) (AMP)
4621911000001100,Moclobemide 150mg tablets (Viatris UK Healthcare Ltd) (AMP)
464911000001102,Mianserin 20mg tablets (Alliance Healthcare (Distribution) Ltd) (AMP)
4658511000001101,Xanax 250microgram tablets (Viatris UK Healthcare Ltd) (AMP)
4659411000001108,Xanax 500microgram tablets (Viatris UK Healthcare Ltd) (AMP)
47511000001100,Amitriptyline 10mg tablets (Kent Pharma (UK) Ltd) (AMP)
476511000001107,Fluoxetine 20mg/5ml oral solution (Alliance Healthcare (Distribution) Ltd) (AMP)
477311000001103,Tranylcypromine 10mg tablets (Alliance Healthcare (Distribution) Ltd) (AMP)
477511000001109,Seroxat 20mg tablets (GlaxoSmithKline UK Ltd) (AMP)
479411000001101,Triptafen-M tablets (Mercury Pharma Group Ltd) (AMP)
4817511000001102,Citalopram 10mg tablets (Viatris UK Healthcare Ltd) (AMP)
4817711000001107,Citalopram 20mg tablets (Viatris UK Healthcare Ltd) (AMP)
4817911000001109,Citalopram 40mg tablets (Viatris UK Healthcare Ltd) (AMP)
4819011000001101,Trimipramine 50mg capsules (Kent Pharma (UK) Ltd) (AMP)
4819311000001103,Trimipramine 25mg tablets (Kent Pharma (UK) Ltd) (AMP)
4819911000001102,Trimipramine 10mg tablets (Kent Pharma (UK) Ltd) (AMP)
48311000001107,Manerix 300mg tablets (Viatris UK Healthcare Ltd) (AMP)
485211000001109,Paroxetine 20mg tablets (Kent Pharma (UK) Ltd) (AMP)
4859711000001106,Zispin SolTab 30mg orodispersible tablets (Organon Pharma (UK) Ltd) (AMP)
491811000001108,Motipress tablets (Sanofi-Synthelabo Ltd) (AMP)
4936811000001104,Moclobemide 300mg tablets (Viatris UK Healthcare Ltd) (AMP)
493911000001102,Lofepramine 70mg tablets (A A H Pharmaceuticals Ltd) (AMP)
4942511000001102,Cipralex 20mg tablets (Lundbeck Ltd) (AMP)
496511000001101,Dosulepin 25mg capsules (IVAX Pharmaceuticals UK Ltd) (AMP)
498211000001103,Surmontil 25mg tablets (Sanofi) (AMP)
500911000001100,Trazodone 100mg capsules (Kent Pharma (UK) Ltd) (AMP)
502511000001108,Moclobemide 300mg tablets (Kent Pharma (UK) Ltd) (AMP)
507511000001106,Fluanxol 500microgram tablets (Lundbeck Ltd) (AMP)
514611000001101,Triptafen tablets (Advanz Pharma) (AMP)
5162711000001107,Amitriptyline 25mg tablets (Sandoz Ltd) (AMP)
523611000001107,Zispin 30mg tablets (Organon Laboratories Ltd) (AMP)
526811000001102,Loprazolam 1mg tablets (Alliance Healthcare (Distribution) Ltd) (AMP)
527811000001100,Fluoxetine 20mg capsules (Sandoz Ltd) (AMP)
529111000001101,Fluvoxamine 100mg tablets (Wockhardt UK Ltd) (AMP)
5307311000001101,Paroxetine 10mg/5ml oral suspension sugar free (Dowelhurst Ltd) (AMP)
530911000001107,Fluvoxamine 50mg tablets (Actavis UK Ltd) (AMP)
5309711000001105,Prozac 20mg/5ml liquid (Dowelhurst Ltd) (AMP)
5319311000001108,Seroxat 20mg/10ml liquid (Dowelhurst Ltd) (AMP)
5333911000001100,Anafranil SR 75mg tablets (Waymade Healthcare Plc) (AMP)
5339011000001101,Buspar 10mg tablets (Waymade Healthcare Plc) (AMP)
5339411000001105,Buspar 5mg tablets (Waymade Healthcare Plc) (AMP)
5347911000001108,Cipramil 10mg tablets (Waymade Healthcare Plc) (AMP)
5348211000001100,Cipramil 20mg tablets (Waymade Healthcare Plc) (AMP)
53511000001107,Tofranil 25mg tablets (Novartis Pharmaceuticals UK Ltd) (AMP)
5359511000001105,Edronax 4mg tablets (Waymade Healthcare Plc) (AMP)
5360711000001104,Efexor 37.5mg tablets (Waymade Healthcare Plc) (AMP)
5361311000001108,Efexor 75mg tablets (Waymade Healthcare Plc) (AMP)
5361711000001107,Efexor XL 75mg capsules (Waymade Healthcare Plc) (AMP)
5362111000001101,Efexor XL 150mg capsules (Waymade Healthcare Plc) (AMP)
5366511000001106,Fluanxol 500microgram tablets (Waymade Healthcare Plc) (AMP)
536811000001100,Mianserin 30mg tablets (Teva UK Ltd) (AMP)
5368311000001101,Fluanxol 1mg tablets (Waymade Healthcare Plc) (AMP)
537611000001102,Clomipramine 25mg capsules (Alliance Healthcare (Distribution) Ltd) (AMP)
538111000001106,Manerix 150mg tablets (Viatris UK Healthcare Ltd) (AMP)
5386611000001108,Manerix 150mg tablets (Waymade Healthcare Plc) (AMP)
5386911000001102,Manerix 300mg tablets (Waymade Healthcare Plc) (AMP)
5389211000001102,Mirtazapine 30mg tablets (Waymade Healthcare Plc) (AMP)
5403111000001102,Prothiaden 75mg tablets (Waymade Healthcare Plc) (AMP)
5405011000001102,Prozac 20mg capsules (Waymade Healthcare Plc) (AMP)
5405411000001106,Prozac 20mg/5ml liquid (Waymade Healthcare Plc) (AMP)
540811000001101,Amitriptyline 50mg tablets (Teva UK Ltd) (AMP)
5408211000001100,Seroxat 20mg tablets (Waymade Healthcare Plc) (AMP)
5411611000001109,Seroxat 20mg/10ml liquid (Waymade Healthcare Plc) (AMP)
5413111000001100,Sertraline 50mg tablets (Waymade Healthcare Plc) (AMP)
5413411000001105,Sertraline 100mg tablets (Waymade Healthcare Plc) (AMP)
542511000001103,Faverin 50mg tablets (Viatris UK Healthcare Ltd) (AMP)
5425111000001109,Tofranil 25mg tablets (Waymade Healthcare Plc) (AMP)
5430611000001106,Zispin 30mg tablets (Waymade Healthcare Plc) (AMP)
543311000001104,Dosulepin 25mg capsules (Sandoz Ltd) (AMP)
543911000001103,Clomipramine 10mg capsules (Alliance Healthcare (Distribution) Ltd) (AMP)
544211000001105,Fluvoxamine 100mg tablets (A A H Pharmaceuticals Ltd) (AMP)
5452311000001101,Sertraline 50mg tablets (Dowelhurst Ltd) (AMP)
5455511000001101,Citalopram 20mg tablets (Dowelhurst Ltd) (AMP)
5461211000001108,Venlafaxine 50mg tablets (Dowelhurst Ltd) (AMP)
5495411000001108,Moclobemide 150mg tablets (Dowelhurst Ltd) (AMP)
5495911000001100,Moclobemide 300mg tablets (Dowelhurst Ltd) (AMP)
5496211000001103,Mirtazapine 30mg tablets (Dowelhurst Ltd) (AMP)
550311000001107,Mianserin 30mg tablets (A A H Pharmaceuticals Ltd) (AMP)
5503211000001103,Dosulepin 75mg tablets (Dowelhurst Ltd) (AMP)
5504511000001102,Fluoxetine 20mg/5ml oral solution (Dowelhurst Ltd) (AMP)
5505911000001108,Fluoxetine 20mg capsules (Dowelhurst Ltd) (AMP)
5509011000001106,Sertraline 100mg tablets (Dowelhurst Ltd) (AMP)
5511000001101,Anafranil 50mg capsules (Novartis Pharmaceuticals UK Ltd) (AMP)
5513911000001109,Venlafaxine 37.5mg tablets (Dowelhurst Ltd) (AMP)
5515911000001105,Venlafaxine 75mg tablets (Dowelhurst Ltd) (AMP)
5523011000001104,Lustral 100mg tablets (Dowelhurst Ltd) (AMP)
5523311000001101,Lustral 50mg tablets (Dowelhurst Ltd) (AMP)
5526311000001105,Buspar 10mg tablets (Dowelhurst Ltd) (AMP)
5526911000001106,Buspar 5mg tablets (Dowelhurst Ltd) (AMP)
5532311000001109,Cipramil 20mg tablets (Dowelhurst Ltd) (AMP)
5533411000001106,Seroxat 20mg tablets (Dowelhurst Ltd) (AMP)
5538511000001101,Edronax 4mg tablets (Dowelhurst Ltd) (AMP)
5538911000001108,Efexor XL 150mg capsules (Dowelhurst Ltd) (AMP)
5539311000001101,Efexor XL 75mg capsules (Dowelhurst Ltd) (AMP)
5539811000001105,Efexor 37.5mg tablets (Dowelhurst Ltd) (AMP)
5540311000001109,Efexor 50mg tablets (Dowelhurst Ltd) (AMP)
5540911000001105,Efexor 75mg tablets (Dowelhurst Ltd) (AMP)
55411000001107,Amitriptyline 50mg tablets (Kent Pharma (UK) Ltd) (AMP)
5544211000001109,Fluanxol 1mg tablets (Dowelhurst Ltd) (AMP)
554811000001108,Moclobemide 300mg tablets (Teva UK Ltd) (AMP)
555511000001106,Lofepramine 70mg tablets (Accord-UK Ltd) (AMP)
5556211000001101,Manerix 150mg tablets (Dowelhurst Ltd) (AMP)
5558211000001100,Manerix 300mg tablets (Dowelhurst Ltd) (AMP)
5562811000001106,Zispin 30mg tablets (Dowelhurst Ltd) (AMP)
557411000001101,Imipramine 10mg tablets (Alliance Healthcare (Distribution) Ltd) (AMP)
5575311000001101,Prothiaden 75mg tablets (Dowelhurst Ltd) (AMP)
5577211000001101,Prozac 20mg capsules (Dowelhurst Ltd) (AMP)
5595811000001101,Zispin SolTab 45mg orodispersible tablets (Organon Pharma (UK) Ltd) (AMP)
560111000001104,Fluoxetine 20mg capsules (Zentiva Pharma UK Ltd) (AMP)
5608811000001102,Zispin SolTab 15mg orodispersible tablets (Organon Pharma (UK) Ltd) (AMP)
5615711000001101,Anafranil SR 75mg tablets (Dowelhurst Ltd) (AMP)
5627911000001100,Mirtazapine 45mg orodispersible tablets (VMP)
563711000001107,Amitriptyline 50mg/5ml oral solution sugar free (Rosemont Pharmaceuticals Ltd) (AMP)
566611000001109,Dosulepin 75mg tablets (Sterwin Medicines) (AMP)
566811000001108,Mianserin 20mg tablets (A A H Pharmaceuticals Ltd) (AMP)
569911000001107,Imipramine 25mg tablets (A A H Pharmaceuticals Ltd) (AMP)
570611000001104,Paroxetine 20mg tablets (A A H Pharmaceuticals Ltd) (AMP)
572011000001105,Imipramine 25mg tablets (Accord-UK Ltd) (AMP)
573011000001101,Prozac 20mg capsules (Eli Lilly and Company Ltd) (AMP)
576711000001106,Edronax 4mg tablets (Pfizer Ltd) (AMP)
578911000001107,Trazodone 50mg capsules (Alliance Healthcare (Distribution) Ltd) (AMP)
582911000001100,Dosulepin 25mg capsules (Viatris UK Healthcare Ltd) (AMP)
595311000001106,Mianserin 30mg tablets (Alliance Healthcare (Distribution) Ltd) (AMP)
595611000001101,Faverin 100mg tablets (Viatris UK Healthcare Ltd) (AMP)
597611000001108,Mianserin 10mg tablets (A A H Pharmaceuticals Ltd) (AMP)
600511000001104,Heminevrin 250mg/5ml syrup (AstraZeneca UK Ltd) (AMP)
600711000001109,Dosulepin 75mg tablets (Actavis UK Ltd) (AMP)
614811000001109,Fluoxetine 20mg capsules (Kent Pharma (UK) Ltd) (AMP)
619511000001105,Dosulepin 25mg capsules (Kent Pharma (UK) Ltd) (AMP)
620611000001108,Trazodone 150mg tablets (Teva UK Ltd) (AMP)
621711000001107,Sinequan 50mg capsules (Pfizer Ltd) (AMP)
62511000001109,Cipramil 10mg tablets (Lundbeck Ltd) (AMP)
62611000001108,Dosulepin 75mg tablets (A A H Pharmaceuticals Ltd) (AMP)
627711000001103,Clomipramine 50mg capsules (Teva UK Ltd) (AMP)
628511000001107,Efexor 50mg tablets (Wyeth Pharmaceuticals) (AMP)
629711000001106,Allegron 25mg tablets (King Pharmaceuticals Ltd) (AMP)
630711000001101,Fluvoxamine 100mg tablets (IVAX Pharmaceuticals UK Ltd) (AMP)
6330111000001108,Paroxetine 30mg tablets (Accord-UK Ltd) (AMP)
634411000001101,Fluvoxamine 50mg tablets (Alliance Healthcare (Distribution) Ltd) (AMP)
636911000001101,Clomipramine 50mg capsules (A A H Pharmaceuticals Ltd) (AMP)
643411000001100,Clomipramine 10mg capsules (Kent Pharma (UK) Ltd) (AMP)
647111000001102,Anafranil 25mg capsules (Novartis Pharmaceuticals UK Ltd) (AMP)
651811000001100,Efexor XL 75mg capsules (Viatris UK Healthcare Ltd) (AMP)
656611000001106,Trazodone 100mg capsules (Teva UK Ltd) (AMP)
656811000001105,Mianserin 30mg tablets (Kent Pharma (UK) Ltd) (AMP)
658411000001109,Fluvoxamine 100mg tablets (Alliance Healthcare (Distribution) Ltd) (AMP)
666511000001101,Amitriptyline 25mg tablets (Sun Pharma UK Ltd) (AMP)
667211000001102,Trazodone 50mg capsules (Teva UK Ltd) (AMP)
667611000001100,Imipramine 25mg tablets (Kent Pharma (UK) Ltd) (AMP)
668311000001106,Moclobemide 300mg tablets (Alliance Healthcare (Distribution) Ltd) (AMP)
668611000001101,Lofepramine 70mg tablets (Alliance Healthcare (Distribution) Ltd) (AMP)
673211000001100,Mianserin 30mg tablets (Actavis UK Ltd) (AMP)
67611000001106,Buspirone 10mg tablets (Accord-UK Ltd) (AMP)
683911000001104,Ranflutin 20mg capsules (Sun Pharma UK Ltd) (AMP)
68511000001106,Clomipramine 25mg capsules (Viatris UK Healthcare Ltd) (AMP)
686711000001108,Amitriptyline 50mg/5ml oral solution sugar free (A A H Pharmaceuticals Ltd) (AMP)
686911000001105,Lofepramine 70mg tablets (IVAX Pharmaceuticals UK Ltd) (AMP)
687611000001102,Lustral 100mg tablets (Viatris UK Healthcare Ltd) (AMP)
689411000001109,Oxactin 20mg capsules (Discovery Pharmaceuticals) (AMP)
694011000001102,Feprapax 70mg tablets (Ashbourne Pharmaceuticals Ltd) (AMP)
695611000001105,Cipramil 40mg tablets (Lundbeck Ltd) (AMP)
695811000001109,Prozac 20mg/5ml liquid (Eli Lilly and Company Ltd) (AMP)
698011000001106,Amitriptyline 50mg tablets (Alliance Healthcare (Distribution) Ltd) (AMP)
701211000001104,Anafranil 10mg capsules (Novartis Pharmaceuticals UK Ltd) (AMP)
702411000001105,Mianserin 20mg tablets (Viatris UK Healthcare Ltd) (AMP)
709011000001108,Imipramine 25mg tablets (Alliance Healthcare (Distribution) Ltd) (AMP)
709611000001101,Thaden 75mg tablets (Opus Pharmaceuticals Ltd) (AMP)
720011000001106,Lofepramine 70mg tablets (Viatris UK Healthcare Ltd) (AMP)
723711000001104,Fluoxetine 20mg capsules (A A H Pharmaceuticals Ltd) (AMP)
730311000001107,Clomipramine 10mg capsules (A A H Pharmaceuticals Ltd) (AMP)
733111000001103,Prothiaden 75mg tablets (Teofarma S.r.l.) (AMP)
7331811000001105,Cipralex 5mg tablets (Lundbeck Ltd) (AMP)
7332211000001102,Paroxetine 30mg tablets (Alliance Healthcare (Distribution) Ltd) (AMP)
733411000001108,Trazodone 100mg capsules (Viatris UK Healthcare Ltd) (AMP)
735211000001108,Amitriptyline 25mg tablets (Alliance Healthcare (Distribution) Ltd) (AMP)
735511000001106,Moclobemide 150mg tablets (Kent Pharma (UK) Ltd) (AMP)
737211000001100,Buspar 10mg tablets (IXL Pharma Ltd) (AMP)
737311000001108,Buspirone 10mg tablets (Kent Pharma (UK) Ltd) (AMP)
738111000001107,Seroxat 30mg tablets (GlaxoSmithKline UK Ltd) (AMP)
7384811000001104,Paroxetine 30mg tablets (A A H Pharmaceuticals Ltd) (AMP)
7394711000001106,Citalopram 10mg tablets (Actavis UK Ltd) (AMP)
7394911000001108,Citalopram 20mg tablets (Actavis UK Ltd) (AMP)
7395111000001109,Citalopram 40mg tablets (Actavis UK Ltd) (AMP)
7396211000001109,Citalopram 10mg tablets (Teva UK Ltd) (AMP)
7396511000001107,Citalopram 20mg tablets (Teva UK Ltd) (AMP)
7396711000001102,Citalopram 40mg tablets (Teva UK Ltd) (AMP)
741511000001107,Buspirone 5mg tablets (Accord-UK Ltd) (AMP)
741811000001105,Buspirone 5mg tablets (A A H Pharmaceuticals Ltd) (AMP)
743811000001109,Amitriptyline 50mg tablets (Accord-UK Ltd) (AMP)
7457811000001107,Citalopram 10mg tablets (Sun Pharma UK Ltd) (AMP)
7458011000001100,Citalopram 20mg tablets (Sun Pharma UK Ltd) (AMP)
7458311000001102,Citalopram 40mg tablets (Sun Pharma UK Ltd) (AMP)
747011000001109,Mianserin 20mg tablets (Kent Pharma (UK) Ltd) (AMP)
7476911000001103,Paroxetine 30mg tablets (Kent Pharma (UK) Ltd) (AMP)
7488511000001102,Lofepramine 70mg tablets (Sandoz Ltd) (AMP)
7489711000001103,Paroxetine 20mg tablets (Sandoz Ltd) (AMP)
75511000001108,Molipaxin 100mg capsules (Zentiva Pharma UK Ltd) (AMP)
756611000001101,Fluoxetine 20mg capsules (Teva UK Ltd) (AMP)
75911000001101,Amitriptyline 25mg/5ml oral solution sugar free (Rosemont Pharmaceuticals Ltd) (AMP)
767511000001108,Fluvoxamine 100mg tablets (Actavis UK Ltd) (AMP)
769011000001109,Clomipramine 50mg capsules (Alliance Healthcare (Distribution) Ltd) (AMP)
771511000001106,Amitriptyline 50mg tablets (A A H Pharmaceuticals Ltd) (AMP)
774553005,Amitriptyline (VTM)
774555003,Amitriptyline + Perphenazine (VTM)
774585008,Amoxapine (VTM)
774943004,Buspirone (VTM)
775307008,Clomipramine (VTM)
775693007,Dosulepin (VTM)
775696004,Doxepin (VTM)
776008004,Nortriptyline + Fluphenazine (VTM)
776314002,Imipramine (VTM)
7764411000001102,Fluoxetine 60mg capsules (Kent Pharma (UK) Ltd) (AMP)
776562009,Lofepramine (VTM)
776570004,Loprazolam (VTM)
776633002,Maprotiline (VTM)
776948005,Nortriptyline (VTM)
777085007,Paroxetine (VTM)
777354006,Protriptyline (VTM)
777405000,Reboxetine (VTM)
777521008,Sertraline (VTM)
777822008,Tranylcypromine (VTM)
777861000,Trimipramine (VTM)
777926007,Venlafaxine (VTM)
778911000001108,Amitriptyline 50mg tablets (IVAX Pharmaceuticals UK Ltd) (AMP)
782911000001101,Trazodone 150mg tablets (A A H Pharmaceuticals Ltd) (AMP)
7836711000001105,Paroxetine 20mg tablets (Sterwin Medicines) (AMP)
7837611000001104,Paroxetine 30mg tablets (Zentiva Pharma UK Ltd) (AMP)
78811000001102,Amitriptyline 25mg tablets (Actavis UK Ltd) (AMP)
788611000001109,Amitriptyline 25mg tablets (IVAX Pharmaceuticals UK Ltd) (AMP)
788711000001100,Mianserin 10mg tablets (Kent Pharma (UK) Ltd) (AMP)
7941011000001105,Paroxetine 20mg tablets (Teva UK Ltd) (AMP)
798411000001105,Lofepramine 70mg tablets (Kent Pharma (UK) Ltd) (AMP)
7985911000001100,Mirtazapine 30mg tablets (Accord-UK Ltd) (AMP)
7986411000001104,Mirtazapine 30mg tablets (IVAX Pharmaceuticals UK Ltd) (AMP)
8013111000001100,Duloxetine 20mg gastro-resistant capsules (VMP)
8013211000001106,Duloxetine 40mg gastro-resistant capsules (VMP)
8048811000001109,Yentreve 20mg gastro-resistant capsules (Eli Lilly and Company Ltd) (AMP)
8049111000001109,Yentreve 40mg gastro-resistant capsules (Eli Lilly and Company Ltd) (AMP)
8095411000001108,Mirtazapine 30mg tablets (Alliance Healthcare (Distribution) Ltd) (AMP)
8098011000001107,Mirtazapine 30mg tablets (Kent Pharma (UK) Ltd) (AMP)
8101411000001102,Mirtazapine 30mg tablets (Zentiva Pharma UK Ltd) (AMP)
8112711000001103,Paroxetine 30mg tablets (Viatris UK Healthcare Ltd) (AMP)
813511000001102,Fluvoxamine 100mg tablets (Kent Pharma (UK) Ltd) (AMP)
8150911000001106,Imipramine 10mg tablets (Teva UK Ltd) (AMP)
8151111000001102,Imipramine 25mg tablets (Teva UK Ltd) (AMP)
8161211000001102,Paxoran 10mg tablets (Sun Pharma UK Ltd) (AMP)
8161411000001103,Paxoran 20mg tablets (Sun Pharma UK Ltd) (AMP)
8161611000001100,Paxoran 40mg tablets (Sun Pharma UK Ltd) (AMP)
8166811000001106,Mirtazapine 30mg tablets (A A H Pharmaceuticals Ltd) (AMP)
823011000001104,Moclobemide 150mg tablets (Teva UK Ltd) (AMP)
8242611000001100,Amitriptyline 10mg/5ml oral suspension (Special Order) (AMP)
8277811000001102,Amitriptyline 10mg/5ml oral suspension (VMP)
8299111000001107,Buspirone 5mg/5ml oral solution (Special Order) (AMP)
8300111000001105,Buspirone 5mg/5ml oral suspension (Drug Tariff Special Order) (AMP)
8304311000001104,Buspirone 5mg/5ml oral suspension (VMP)
8304411000001106,Buspirone 5mg/5ml oral solution (VMP)
8368311000001108,Clomipramine 37.5mg/5ml oral solution (VMP)
8369011000001100,Clomipramine 37.5mg/5ml oral solution (Special Order) (AMP)
8369611000001107,Clomipramine 37.5mg/5ml oral suspension (Special Order) (AMP)
8370111000001101,Clomipramine 37.5mg/5ml oral suspension (VMP)
8370611000001109,Clomipramine 50mg/5ml oral solution (Special Order) (AMP)
8371311000001109,Clomipramine 50mg/5ml oral suspension (Drug Tariff Special Order) (AMP)
8371411000001102,Clomipramine 25mg/5ml oral suspension (Special Order) (AMP)
8372211000001108,Clomipramine 25mg/5ml oral solution (Special Order) (AMP)
8377211000001106,Clomipramine 25mg/5ml oral suspension (VMP)
8377511000001109,Clomipramine 50mg/5ml oral solution (VMP)
8377611000001108,Clomipramine 50mg/5ml oral suspension (VMP)
8389611000001109,Mirtazapine 30mg tablets (Teva UK Ltd) (AMP)
843011000001101,Fluanxol 1mg tablets (Lundbeck Ltd) (AMP)
8448611000001104,Dosulepin 75mg/5ml oral solution (Drug Tariff Special Order) (AMP)
8449011000001101,Dosulepin 25mg/5ml oral solution (Drug Tariff Special Order) (AMP)
8449411000001105,Dosulepin 75mg/5ml oral suspension (Special Order) (AMP)
8449911000001102,Dosulepin 25mg/5ml oral suspension (Special Order) (AMP)
8454011000001104,Dosulepin 75mg/5ml oral suspension (VMP)
8454111000001103,Dosulepin 75mg/5ml oral solution (VMP)
8454211000001109,Dosulepin 25mg/5ml oral suspension (VMP)
8454311000001101,Dosulepin 25mg/5ml oral solution (VMP)
845511000001108,Tranylcypromine 10mg tablets (Advanz Pharma) (AMP)
8460711000001100,Doxepin 50mg/5ml oral solution (Special Order) (AMP)
8461311000001109,Doxepin 50mg/5ml oral suspension (Special Order) (AMP)
847211000001102,Cipramil 20mg tablets (Lundbeck Ltd) (AMP)
848111000001109,Fluoxetine 20mg capsules (Genus Pharmaceuticals Ltd) (AMP)
8483011000001105,Fluvoxamine 50mg/5ml oral suspension (Special Order) (AMP)
8483611000001103,Fluoxetine 2.5mg/5ml oral solution (Special Order) (AMP)
8484111000001108,Fluoxetine 2.5mg/5ml oral suspension (Special Order) (AMP)
8484611000001100,Flupentixol 500micrograms/5ml oral solution (Special Order) (AMP)
8484811000001101,Doxepin 50mg/5ml oral solution (VMP)
8484911000001106,Doxepin 50mg/5ml oral suspension (VMP)
8486411000001106,Flupentixol 500micrograms/5ml oral suspension (Special Order) (AMP)
851011000001104,Dosulepin 75mg tablets (Viatris UK Healthcare Ltd) (AMP)
8516411000001103,Mirtazapine 30mg tablets (Organon Laboratories Ltd) (AMP)
8516511000001104,Fluoxetine 2.5mg/5ml oral solution (VMP)
8516611000001100,Fluoxetine 2.5mg/5ml oral suspension (VMP)
8516811000001101,Flupentixol 500micrograms/5ml oral solution (VMP)
8517011000001105,Flupentixol 500micrograms/5ml oral suspension (VMP)
8517111000001106,Fluvoxamine 50mg/5ml oral suspension (VMP)
8541711000001109,Imipramine 10mg/5ml oral solution (Special Order) (AMP)
8542311000001101,Imipramine 10mg/5ml oral suspension (Special Order) (AMP)
8542911000001100,Imipramine 12.5mg/5ml oral solution (Special Order) (AMP)
8543411000001104,Imipramine 12.5mg/5ml oral suspension (Special Order) (AMP)
8545711000001106,Imipramine 25mg/5ml oral solution (Special Order) (AMP)
8546511000001108,Imipramine 25mg/5ml oral suspension (Special Order) (AMP)
8561111000001100,Imipramine 10mg/5ml oral solution (VMP)
8561211000001106,Imipramine 10mg/5ml oral suspension (VMP)
8561311000001103,Imipramine 12.5mg/5ml oral solution (VMP)
8561411000001105,Imipramine 12.5mg/5ml oral suspension (VMP)
8561511000001109,Imipramine 25mg/5ml oral suspension (VMP)
865611000001103,Amitriptyline 10mg tablets (Teva UK Ltd) (AMP)
868211000001107,Trazodone 50mg capsules (A A H Pharmaceuticals Ltd) (AMP)
8696111000001102,Sertraline 100mg/5ml oral suspension (Special Order) (AMP)
8696411000001107,Sertraline 10mg/5ml oral suspension (Special Order) (AMP)
8696711000001101,Sertraline 50mg/5ml oral suspension (Special Order) (AMP)
8714511000001109,Venlafaxine 37.5mg/5ml oral suspension (Special Order) (AMP)
8721711000001105,Sertraline 100mg/5ml oral suspension (VMP)
8721811000001102,Sertraline 10mg/5ml oral suspension (VMP)
8721911000001107,Sertraline 50mg/5ml oral suspension (VMP)
8722711000001103,Venlafaxine 37.5mg/5ml oral suspension (VMP)
8751911000001108,Mirtazapine 30mg tablets (Sun Pharma UK Ltd) (AMP)
8753111000001106,Mirtazapine 15mg tablets (Sun Pharma UK Ltd) (AMP)
8753611000001103,Mirtazapine 45mg tablets (Sun Pharma UK Ltd) (AMP)
8761911000001101,Mirtazapine 2mg capsules (Special Order) (AMP)
8762411000001104,Mirtazapine 4mg capsules (Special Order) (AMP)
8797211000001103,Mirtazapine 2mg capsules (VMP)
8797411000001104,Mirtazapine 4mg capsules (VMP)
886011000001104,Mianserin 10mg tablets (Actavis UK Ltd) (AMP)
890811000001107,Clomipramine 25mg capsules (Actavis UK Ltd) (AMP)
893811000001100,Allegron 10mg tablets (King Pharmaceuticals Ltd) (AMP)
895511000001104,Amitriptyline 50mg/5ml oral solution sugar free (Alliance Healthcare (Distribution) Ltd) (AMP)
895911000001106,Fluvoxamine 50mg tablets (A A H Pharmaceuticals Ltd) (AMP)
898011000001104,Moclobemide 300mg tablets (A A H Pharmaceuticals Ltd) (AMP)
9034711000001106,Paroxetine 20mg tablets (Genus Pharmaceuticals Ltd) (AMP)
9037411000001105,Mirtazapine 30mg tablets (Viatris UK Healthcare Ltd) (AMP)
9038411000001109,Cymbalta 30mg gastro-resistant capsules (Eli Lilly and Company Ltd) (AMP)
9039311000001108,Cymbalta 60mg gastro-resistant capsules (Eli Lilly and Company Ltd) (AMP)
9050811000001107,Mirtazapine 15mg tablets (A A H Pharmaceuticals Ltd) (AMP)
9051211000001100,Mirtazapine 45mg tablets (A A H Pharmaceuticals Ltd) (AMP)
906511000001101,Moclobemide 150mg tablets (Alliance Healthcare (Distribution) Ltd) (AMP)
907411000001103,Imipramine 10mg tablets (Kent Pharma (UK) Ltd) (AMP)
908011000001108,Surmontil 10mg tablets (Sanofi) (AMP)
9102911000001102,Mirtazapine 15mg/ml oral solution sugar free (Rosemont Pharmaceuticals Ltd) (AMP)
9103111000001106,Mirtazapine 15mg/ml oral solution sugar free (Alliance Healthcare (Distribution) Ltd) (AMP)
9103511000001102,Mirtazapine 15mg/ml oral solution sugar free (VMP)
911411000001109,Mianserin 30mg tablets (Viatris UK Healthcare Ltd) (AMP)
9156311000001106,Mirtazapine 15mg tablets (Kent Pharma (UK) Ltd) (AMP)
9156511000001100,Mirtazapine 45mg tablets (Kent Pharma (UK) Ltd) (AMP)
9158011000001107,Mirtazapine 15mg tablets (Alliance Healthcare (Distribution) Ltd) (AMP)
9158211000001102,Mirtazapine 45mg tablets (Alliance Healthcare (Distribution) Ltd) (AMP)
9180011000001104,Citalopram 20mg tablets (IVAX Pharmaceuticals UK Ltd) (AMP)
9180211000001109,Citalopram 40mg tablets (IVAX Pharmaceuticals UK Ltd) (AMP)
918611000001104,Dosulepin 75mg tablets (Alliance Healthcare (Distribution) Ltd) (AMP)
920211000001105,Clomipramine 50mg capsules (Kent Pharma (UK) Ltd) (AMP)
9227211000001100,Mirtazapine 15mg/ml oral solution sugar free (A A H Pharmaceuticals Ltd) (AMP)
927011000001104,Dothapax 75 tablets (Ashbourne Pharmaceuticals Ltd) (AMP)
934511000001101,Moclobemide 300mg tablets (Sandoz Ltd) (AMP)
935311000001106,Mianserin 20mg tablets (Actavis UK Ltd) (AMP)
9361211000001107,Trazodone 50mg capsules (IVAX Pharmaceuticals UK Ltd) (AMP)
9361411000001106,Trazodone 100mg capsules (IVAX Pharmaceuticals UK Ltd) (AMP)
936411000001108,Lustral 50mg tablets (Viatris UK Healthcare Ltd) (AMP)
9410811000001107,Citalopram 20mg tablets (PLIVA Pharma Ltd) (AMP)
9411011000001105,Citalopram 10mg tablets (PLIVA Pharma Ltd) (AMP)
9411411000001101,Citalopram 40mg tablets (PLIVA Pharma Ltd) (AMP)
9448211000001104,Citalopram 10mg tablets (IVAX Pharmaceuticals UK Ltd) (AMP)
9449211000001109,Mirtazapine 15mg tablets (Genus Pharmaceuticals Ltd) (AMP)
9449411000001108,Mirtazapine 30mg tablets (Genus Pharmaceuticals Ltd) (AMP)
9449811000001105,Mirtazapine 45mg tablets (Genus Pharmaceuticals Ltd) (AMP)
9480011000001103,Fluoxetine 20mg/5ml oral solution (Viatris UK Healthcare Ltd) (AMP)
95011000001108,Gamanil 70mg tablets (Merck Serono Ltd) (AMP)
9526211000001105,Paroxetine 30mg tablets (Teva UK Ltd) (AMP)
9530611000001107,Fluoxetine 60mg capsules (A A H Pharmaceuticals Ltd) (AMP)
9548311000001101,Mirtazapine 30mg tablets (Sandoz Ltd) (AMP)
96220002,Flupentixol (VTM)
9709811000001106,Trimipramine 50mg capsules (A A H Pharmaceuticals Ltd) (AMP)
9710311000001109,Trimipramine 10mg tablets (A A H Pharmaceuticals Ltd) (AMP)
9710511000001103,Trimipramine 25mg tablets (A A H Pharmaceuticals Ltd) (AMP)
9729511000001102,Paroxetine 20mg tablets (PLIVA Pharma Ltd) (AMP)
9729711000001107,Paroxetine 30mg tablets (PLIVA Pharma Ltd) (AMP)
9738411000001106,Sertraline 50mg tablets (PLIVA Pharma Ltd) (AMP)
9738611000001109,Sertraline 100mg tablets (PLIVA Pharma Ltd) (AMP)
9744911000001106,Sertraline 50mg tablets (Actavis UK Ltd) (AMP)
9745111000001107,Sertraline 100mg tablets (Actavis UK Ltd) (AMP)
9746011000001102,Sertraline 50mg tablets (Teva UK Ltd) (AMP)
9746211000001107,Sertraline 100mg tablets (Teva UK Ltd) (AMP)
9751311000001105,Sertraline 50mg tablets (A A H Pharmaceuticals Ltd) (AMP)
9751511000001104,Sertraline 100mg tablets (A A H Pharmaceuticals Ltd) (AMP)
9751711000001109,Sertraline 50mg tablets (Zentiva Pharma UK Ltd) (AMP)
9751911000001106,Sertraline 100mg tablets (Zentiva Pharma UK Ltd) (AMP)
9764711000001103,Sertraline 50mg tablets (Kent Pharma (UK) Ltd) (AMP)
9764911000001101,Sertraline 100mg tablets (Kent Pharma (UK) Ltd) (AMP)
9774711000001105,Sertraline 50mg tablets (Sandoz Ltd) (AMP)
9775011000001107,Sertraline 100mg tablets (Sandoz Ltd) (AMP)
9779311000001107,Sertraline 50mg tablets (Wockhardt UK Ltd) (AMP)
9781211000001105,Sertraline 100mg tablets (Wockhardt UK Ltd) (AMP)
9784511000001105,Amitriptyline 10mg tablets (Almus Pharmaceuticals Ltd) (AMP)
9784711000001100,Amitriptyline 25mg tablets (Almus Pharmaceuticals Ltd) (AMP)
9784911000001103,Amitriptyline 50mg tablets (Almus Pharmaceuticals Ltd) (AMP)
9785611000001105,Citalopram 10mg tablets (Almus Pharmaceuticals Ltd) (AMP)
9785811000001109,Citalopram 20mg tablets (Almus Pharmaceuticals Ltd) (AMP)
9786311000001105,Citalopram 40mg tablets (Almus Pharmaceuticals Ltd) (AMP)
9792111000001105,Dosulepin 25mg capsules (Almus Pharmaceuticals Ltd) (AMP)
9792411000001100,Dosulepin 75mg tablets (Almus Pharmaceuticals Ltd) (AMP)
9799811000001108,Fluoxetine 20mg capsules (Almus Pharmaceuticals Ltd) (AMP)
9806411000001104,Imipramine 25mg tablets (Almus Pharmaceuticals Ltd) (AMP)
9840111000001101,Sertraline 50mg tablets (Alliance Healthcare (Distribution) Ltd) (AMP)
9840311000001104,Sertraline 100mg tablets (Alliance Healthcare (Distribution) Ltd) (AMP)
9841411000001102,Sertraline 50mg tablets (IVAX Pharmaceuticals UK Ltd) (AMP)
9841611000001104,Sertraline 100mg tablets (IVAX Pharmaceuticals UK Ltd) (AMP)
9842711000001101,Sertraline 50mg tablets (Viatris UK Healthcare Ltd) (AMP)
9842911000001104,Sertraline 100mg tablets (Viatris UK Healthcare Ltd) (AMP)
